id,amountUSD,budgetYear,createdAt,date,decisionDate,description,firstReportedDate,flowType,newMoney,originalCurrency,method,parentFlowId,status,updatedAt,versionId,boundary,onBoundary,source_Organization_id,source_UsageYear_id,Donor,source_UsageYear_name,destination_Plan_id,destination_Organization_id,destination_GlobalCluster_id,destination_Location_id,destination_iso3,destination_Project_id,destination_UsageYear_id,destination_Plan_name,Recipient.Organization,destination_GlobalCluster_name,Destination.Country,destination_Project_name,destination_UsageYear_name,report_type,report_organisation,report_channel,report_date,originalAmount,source_Location_id,source_iso3,source_Location_name,destination_Emergency_id,destination_Emergency_name,refCode,source_GlobalCluster_id,source_GlobalCluster_name,exchangeRate,source_Plan_id,source_Plan_name,grandBargainEarmarkingType,source_Emergency_id,source_Emergency_name,source_Project_id,source_Project_name,destination_Cluster_id,destination_Cluster_name,source_Cluster_id,source_Cluster_name,analysis_date,emergency_boundary,plan_boundary,description_search_flag,potential_overlap_flag
179022,207031,2018,2018-09-27T04:25:15.674Z,2018-08-16T00:00:00Z,2018-08-13T00:00:00Z,Soutien aérien de la riposte Ebola,2018-08-14T00:00:00Z,Standard,f,"",Traditional aid,,paid,2018-09-27,7,internal,single,4762,39,Central Emergency Response Fund,2018,"",3049,26480,52,COD,,39,"",World Food Programme,Coordination and support services,"Congo, The Democratic Republic of the","",2018,Primary,Central Emergency Response Fund,From CERF,2018-09-27T00:00:00.000Z,,"","","",707,DR Congo - Ebola Outbreak 2018 - 2019,18-RR-WFP-046,"","",,"","",unearmarked,"","",,"","","","","",2018-08-13,Incoming,,FALSE,FALSE
179377,1701255,2018,2019-01-09T04:25:21.340Z,2018-08-23T00:00:00Z,2018-08-20T00:00:00Z,Réponse rapide à l’épidémie de la maladie à virus Ebola (MVE) dans les provinces du Nord Kivu et de l’Ituri en République Démocratique du Congo.,2018-08-21T00:00:00Z,Standard,f,"",Traditional aid,,paid,2019-01-09,6,internal,single,4762,39,Central Emergency Response Fund,2018,"",4398,7,52,COD,,39,"",World Health Organization,Health,"Congo, The Democratic Republic of the","",2018,Primary,Central Emergency Response Fund,From CERF,2019-01-09T00:00:00.000Z,,"","","",707,DR Congo - Ebola Outbreak 2018 - 2019,18-RR-WHO-029,"","",,"","",unearmarked,"","",,"","","","","",2018-08-20,Incoming,,FALSE,FALSE
179322,51846,2018,2018-08-18T04:25:32.615Z,2018-08-14T00:00:00Z,2018-08-14T00:00:00Z,"Safe and dignified burials, contact tracing, community awareness and referrals",2018-08-17T00:00:00Z,Standard,t,DKK,Traditional aid,,commitment,2018-08-20,1,incoming,single,3776,39,"Denmark, Government of",2018,"",2054,7,52,COD,,39,"",Danish Red Cross,Health,"Congo, The Democratic Republic of the","",2018,Primary,"Denmark, Government of",From EDRIS,2018-08-17T00:00:00.000Z,330000,61,DNK,Denmark,707,DR Congo - Ebola Outbreak 2018 - 2019,2017-12520,"","",6.365,"","","","","",,"","","","","",2018-08-14,Incoming,,FALSE,FALSE
179507,900450,2018,2018-09-27T04:25:16.667Z,2018-08-27T00:00:00Z,2018-08-23T00:00:00Z,"Réponse d’urgence Eau, Hygiène et Assainissement (EHA), Communication (C4D), et Psychosociale pour le contrôle de l’épidémie Ebola dans le territoire de Beni ,  province du Nord-Kivu",2018-08-24T00:00:00Z,Standard,f,"",Traditional aid,,paid,2018-09-27,5,internal,single,4762,39,Central Emergency Response Fund,2018,"",2915,26479,52,COD,,39,"",United Nations Children's Fund,Multi-sector,"Congo, The Democratic Republic of the","",2018,Primary,Central Emergency Response Fund,From CERF,2018-09-27T00:00:00.000Z,,"","","",707,DR Congo - Ebola Outbreak 2018 - 2019,18-RR-CEF-078,"","",,"","",unearmarked,"","",,"","","","","",2018-08-23,Incoming,,FALSE,FALSE
179758,117096,2018,2018-08-29T04:25:30.329Z,2018-08-17T00:00:00Z,2018-08-17T00:00:00Z,To save lives and alleviate suffering,2018-08-28T00:00:00Z,Standard,t,EUR,Traditional aid,,commitment,2018-08-29,1,incoming,single,3009,39,"Ireland, Government of",2018,"",3921,11 | 7,52,COD,,39,"",OXFAM Ireland,Water Sanitation Hygiene | Health,"Congo, The Democratic Republic of the","",2018,Primary,"Ireland, Government of",From EDRIS,2018-08-28T00:00:00.000Z,100000,107,IRL,Ireland,707,DR Congo - Ebola Outbreak 2018 - 2019,OXFAM ERFS 2018,"","",0.854,"","","","","",,"","","","","",2018-08-17,Incoming,,FALSE,FALSE
180299,163170,2018,2018-09-15T04:25:25.546Z,2018-08-31T00:00:00Z,2018-08-31T00:00:00Z,To save lives and alleviate suffering,2018-09-14T00:00:00Z,Standard,t,EUR,Traditional aid,,commitment,2018-09-18,1,incoming,single,3009,39,"Ireland, Government of",2018,"",7487,11,52,COD,,39,"",World Vision Ireland,Water Sanitation Hygiene,"Congo, The Democratic Republic of the","",2018,Primary,"Ireland, Government of",From EDRIS,2018-09-14T00:00:00.000Z,140000,107,IRL,Ireland,707,DR Congo - Ebola Outbreak 2018 - 2019,WOV ERFS 2018,"","",0.858,"","","","","",,"","","","","",2018-08-31,Incoming,,FALSE,FALSE
180298,175644,2018,2018-09-15T04:25:24.823Z,2018-08-28T00:00:00Z,2018-08-28T00:00:00Z,To save lives and alleviate suffering,2018-09-14T00:00:00Z,Standard,t,EUR,Traditional aid,,commitment,2018-09-18,1,incoming,single,3009,39,"Ireland, Government of",2018,"",2497,11,52,COD,,39,"",Trocaire,Water Sanitation Hygiene,"Congo, The Democratic Republic of the","",2018,Primary,"Ireland, Government of",From EDRIS,2018-09-14T00:00:00.000Z,150000,107,IRL,Ireland,707,DR Congo - Ebola Outbreak 2018 - 2019,TRO ERFS 2018,"","",0.854,"","","","","",,"","","","","",2018-08-28,Incoming,,FALSE,FALSE
180991,55671,2018,2018-10-04T04:25:33.249Z,2018-09-24T00:00:00Z,2018-09-24T00:00:00Z,To save lives and alleviate suffering,2018-10-03T00:00:00Z,Standard,t,EUR,Traditional aid,,commitment,2018-10-08,1,incoming,single,3009,39,"Ireland, Government of",2018,"",3001,10,52,COD,,39,"",International Rescue Committee,Protection,"Congo, The Democratic Republic of the","",2018,Primary,"Ireland, Government of",From EDRIS,2018-10-03T00:00:00.000Z,47766,107,IRL,Ireland,707,DR Congo - Ebola Outbreak 2018 - 2019,IRC ERFS 2018,"","",0.858,"","","","","",,"","","","","",2018-09-24,Incoming,,FALSE,FALSE
182564,1380000,,2018-11-05T15:04:25.231Z,2018-09-28T00:00:00Z,2018-09-28T00:00:00Z,DRC/Ebola-2018:UNWFP (UNHAS) Logistics Support and Relief Commodities (USAID/OFDA),2018-10-31T00:00:00Z,Standard,t,"",Traditional aid,,paid,2019-09-13,2,incoming,single,2933,39,"United States of America, Government of",2018,"",3049,8,52,COD,,39,"",World Food Programme,Logistics,"Congo, The Democratic Republic of the","",2018,Primary,"United States of America, Government of",Email,2019-09-11T00:00:00.000Z,,237,USA,United States,707,DR Congo - Ebola Outbreak 2018 - 2019,10034085	720FDA18IO00121		USA-C-01532-01	CD01.08.051.CPA2,"","",,"","","","","",,"","","","","",2018-09-28,Incoming,,FALSE,FALSE
182860,1000000,2018,2018-11-05T14:13:33.742Z,2018-09-24T00:00:00Z,"",DRC/Ebola-2018: Health ( USAID/OFDA),2018-11-02T00:00:00Z,Standard,t,"",Traditional aid,,commitment,2018-11-05,1,incoming,single,2933,39,"United States of America, Government of",2018,"",3001,7,52,COD,,39,"",International Rescue Committee,Health,"Congo, The Democratic Republic of the","",2018,Primary,"United States of America, Government of",Email,2018-11-02T00:00:00.000Z,,237,USA,United States,707,DR Congo - Ebola Outbreak 2018 - 2019,720FDA18CA00054,"","",,"","","","","",,"","","","","",2018-09-24,Incoming,,FALSE,FALSE
182861,949957,2018,2018-11-05T14:16:35.794Z,2018-09-21T00:00:00Z,"",DRC/Ebola-2018: Health ( USAID/OFDA),2018-11-02T00:00:00Z,Standard,t,"",Traditional aid,,commitment,2018-11-05,1,incoming,single,2933,39,"United States of America, Government of",2018,"",4528,7,52,COD,,39,"",MEDAIR,Health,"Congo, The Democratic Republic of the","",2018,Primary,"United States of America, Government of",Email,2018-11-02T00:00:00.000Z,,237,USA,United States,707,DR Congo - Ebola Outbreak 2018 - 2019,720FDA18CA00052,"","",,"","","","","",,"","","","","",2018-09-21,Incoming,,FALSE,FALSE
182863,1000000,2018,2018-11-05T14:19:05.547Z,2018-09-21T00:00:00Z,"",DRC/Ebola-2018: Health ( USAID/OFDA),2018-11-02T00:00:00Z,Standard,t,"",Traditional aid,,commitment,2018-11-05,1,incoming,single,2933,39,"United States of America, Government of",2018,"",2849,7,52,COD,,39,"",Save the Children,Health,"Congo, The Democratic Republic of the","",2018,Primary,"United States of America, Government of",Email,2018-11-02T00:00:00.000Z,,237,USA,United States,707,DR Congo - Ebola Outbreak 2018 - 2019,720FDA18CA00053,"","",,"","","","","",,"","","","","",2018-09-21,Incoming,,FALSE,FALSE
182865,82972,2018,2018-12-24T10:23:51.677Z,2018-11-02T00:00:00Z,"",DRC/Ebola-2018: Program Support( USAID/OFDA),2018-11-02T00:00:00Z,Standard,t,"",Traditional aid,,commitment,2018-12-24,3,incoming,single,2933,39,"United States of America, Government of",2018,"","",26480,52,COD,,39,"","",Coordination and support services,"Congo, The Democratic Republic of the","",2018,Primary,"United States of America, Government of",Email,2018-11-02T00:00:00.000Z,,237,USA,United States,707,DR Congo - Ebola Outbreak 2018 - 2019,"","","",,"","","","","",,"","","","","",2018-11-02,Incoming,,FALSE,FALSE
183365,386200,,2018-11-09T10:59:13.209Z,2018-09-30T00:00:00Z,"","Ebola response: Medair - Emergency Health Response for vulnerable populations in selected healthareas of Eastern DRC, Multiyear 2018-2019, part of 2018 portion (for Ebola ),  total amount CHF 375,000 ( 7F-08714.06)",2018-10-08T00:00:00Z,Standard,t,CHF,Traditional aid,182160,commitment,2018-11-09,1,incoming,single,2924,39,"Switzerland, Government of",2018,"",4528,7,52,COD,,39,"",MEDAIR,Health,"Congo, The Democratic Republic of the","",2018,Primary,"Switzerland, Government of",Email,2018-10-08T00:00:00.000Z,375000,217,CHE,Switzerland,707,DR Congo - Ebola Outbreak 2018 - 2019,7F-08714.06,"","",0.971,"","","","","",,"","","","","",2018-09-30,Incoming,,FALSE,FALSE
184048,1363636,2018,2018-11-21T04:25:28.181Z,2018-11-19T00:00:00Z,2018-11-19T00:00:00Z,WFP response to the Ebola Virus Disease (EVD) outbreak through food and nutrition assistance to affected people.(ECHO/COD/BUD/2018/91034),2018-11-20T00:00:00Z,Standard,t,EUR,Traditional aid,170222,commitment,2018-12-26,1,incoming,single,8523,39,European Commission's Humanitarian Aid and Civil Protection Department,2018,"",3049,6,52,COD,,39,"",World Food Programme,Food Security,"Congo, The Democratic Republic of the","",2018,Primary,European Commission's Humanitarian Aid and Civil Protection Department,From EDRIS,2018-11-20T00:00:00.000Z,1200000,"","","",707,DR Congo - Ebola Outbreak 2018 - 2019,ECHO/COD/BUD/2018/91034,"","",0.88,"","","","","",,"","","","","",2018-11-19,Incoming,,FALSE,FALSE
184371,668937,,2018-11-23T11:33:23.764Z,2018-10-17T00:00:00Z,2018-10-17T00:00:00Z,Ebola response QZA-18/0139-5,2018-11-23T00:00:00Z,Standard,t,NOK,Traditional aid,,paid,2018-11-23,1,incoming,single,2930,39,"Norway, Government of",2018,"",4398,7,52,COD,,39,"",World Health Organization,Health,"Congo, The Democratic Republic of the","",2018,Primary,"Norway, Government of",Email,2018-11-23T00:00:00.000Z,5500000,167,NOR,Norway,707,DR Congo - Ebola Outbreak 2018 - 2019,QZA-18/0139-5,"","",8.222,"","","","","",,"","","","","",2018-10-17,Incoming,,FALSE,FALSE
185013,2275313,2018,2018-12-06T04:25:44.068Z,2018-12-04T00:00:00Z,2018-12-04T00:00:00Z,Ebola 2018 (ECHO/COD/BUD/2018/91035),2018-12-05T00:00:00Z,Standard,t,EUR,Traditional aid,170222,commitment,2018-12-26,1,incoming,single,8523,39,European Commission's Humanitarian Aid and Civil Protection Department,2018,"",4393,7 | 11,52,COD,,39,"",International Federation of Red Cross and Red Crescent Societies,Health | Water Sanitation Hygiene,"Congo, The Democratic Republic of the","",2018,Primary,European Commission's Humanitarian Aid and Civil Protection Department,From EDRIS,2018-12-05T00:00:00.000Z,2000000,"","","",707,DR Congo - Ebola Outbreak 2018 - 2019,ECHO/COD/BUD/2018/91035,"","",0.879,"","","","","",,"","","","","",2018-12-04,Incoming,,FALSE,FALSE
186315,342466,2019,2019-01-29T04:25:52.508Z,2019-01-10T00:00:00Z,2019-01-10T00:00:00Z,Renforcement de la prévention et du contrôle des infections au sein des centres de santé impactés par la 10ème épidémie Ebola,2019-01-14T00:00:00Z,Standard,t,EUR,Traditional aid,,commitment,2019-01-30,3,incoming,single,4314,40,"France, Government of",2019,"",2058,7,52,COD,,40,"",French Red Cross,Health,"Congo, The Democratic Republic of the","",2019,Primary,"France, Government of",From EDRIS,2019-01-24T00:00:00.000Z,300000,76,FRA,France,707,DR Congo - Ebola Outbreak 2018 - 2019,2019-003,"","",0.876,"","","","","",,"","","","","",2019-01-10,Incoming,,FALSE,FALSE
186345,171233,2018,2019-01-15T04:25:41.899Z,2019-01-04T00:00:00Z,2019-01-04T00:00:00Z,Riposte à l’épidémie de maladie à virus Ebola dans la province de l’Equateur,2019-01-14T00:00:00Z,Standard,t,EUR,Traditional aid,,commitment,2019-01-15,1,incoming,single,4314,39,"France, Government of",2018,"",2058,7,52,COD,,39,"",French Red Cross,Health,"Congo, The Democratic Republic of the","",2018,Primary,"France, Government of",From EDRIS,2019-01-14T00:00:00.000Z,150000,76,FRA,France,707,DR Congo - Ebola Outbreak 2018 - 2019,2018-193,"","",0.876,"","","","","",,"","","","","",2019-01-04,Incoming,,FALSE,FALSE
186369,57078,2018,2019-01-15T04:25:52.811Z,2019-01-07T00:00:00Z,2019-01-07T00:00:00Z,Amélioration de la prise en charge des patients dans les contextes de fièvres hémorragiques virales (FHV) comme la maladie à virus Ebola,2019-01-14T00:00:00Z,Standard,t,EUR,Traditional aid,,commitment,2019-01-16,1,incoming,single,4314,39,"France, Government of",2018,"",1937,7,52,COD,,39,"",Alliance for International Medical Action,Health,"Congo, The Democratic Republic of the","",2018,Primary,"France, Government of",From EDRIS,2019-01-14T00:00:00.000Z,50000,76,FRA,France,707,DR Congo - Ebola Outbreak 2018 - 2019,2018-361,"","",0.876,"","","","","",,"","","","","",2019-01-07,Incoming,,FALSE,FALSE
188186,582124,2018,2019-05-23T13:28:52.377Z,2019-02-11T00:00:00Z,2019-02-11T00:00:00Z,Preventing the spread of ebola outbreak in Eastern DRC.,2019-03-12T00:00:00Z,Standard,t,SEK,Traditional aid,,commitment,2019-11-01,2,incoming,single,2921,39,"Sweden, Government of",2018,"",2849,7,52,COD,,40,"",Save the Children,Health,"Congo, The Democratic Republic of the","",2019,Primary,"Sweden, Government of",From EDRIS,2019-03-12T00:00:00.000Z,5396294,216,SWE,Sweden,707,DR Congo - Ebola Outbreak 2018 - 2019,"","","",9.27,"","",earmarked,"","",,"","","","","",2019-02-11,Incoming,,FALSE,FALSE
190270,568828,,2019-04-18T15:10:15.766Z,2018-12-12T00:00:00Z,2018-12-12T00:00:00Z,Amélioration de la résilience de 4 500 ménages affectés par les conflits interethnique et ceux se trouvant dans les zones de santé affectées par la maladie d’Ebola.,2019-04-02T00:00:00Z,Standard,t,EUR,Cash transfer programming (CTP),,commitment,2019-04-18,1,incoming,single,3009,39,"Ireland, Government of",2018,652,4399,"",52,COD,,39,Democratic Republic of the Congo 2018,Food & Agriculture Organization of the United Nations,"","Congo, The Democratic Republic of the","",2018,Primary,Food & Agriculture Organization of the United Nations,FTS Web,2019-04-02T00:00:00.000Z,500000,107,IRL,Ireland,707,DR Congo - Ebola Outbreak 2018 - 2019,"","","",0.879,"","","","","",,"","","","","",2018-12-12,Incoming,,FALSE,FALSE
190265,1137527,,2019-04-18T14:20:15.482Z,2018-12-31T00:00:00Z,2018-12-12T00:00:00Z,Ebola response (QZA-18/0139-5),2019-02-12T00:00:00Z,Standard,t,NOK,Traditional aid,,paid,2019-04-18,1,incoming,single,2930,39,"Norway, Government of",2018,"",4398,7,52,COD,,39,"",World Health Organization,Health,"Congo, The Democratic Republic of the","",2018,Primary,"Norway, Government of",Email,2019-02-12T00:00:00.000Z,10000000,167,NOR,Norway,707,DR Congo - Ebola Outbreak 2018 - 2019,QZA-18/0139-5,"","",8.791,"","",earmarked,"","",,"","","","","",2018-12-12,Incoming,,FALSE,FALSE
190425,113766,2019,2019-04-24T13:19:54.245Z,2019-02-01T00:00:00Z,2019-02-01T00:00:00Z,To save lives and alleviate suffering,2019-02-12T00:00:00Z,Standard,t,EUR,Traditional aid,,commitment,2019-11-01,1,incoming,single,3009,40,"Ireland, Government of",2019,"",1504,7,52,COD,,40,"",Concern Worldwide,Health,"Congo, The Democratic Republic of the","",2019,Primary,"Ireland, Government of",From EDRIS,2018-08-24T00:00:00.000Z,100000,107,IRL,Ireland,707,DR Congo - Ebola Outbreak 2018 - 2019,Concern ERFS,"","",0.879,"","",earmarked,"","",,"","","","","",2019-02-01,Incoming,,FALSE,FALSE
191384,1190000,,2019-05-20T10:58:02.887Z,2019-04-01T00:00:00Z,2019-04-01T00:00:00Z,Education (Ebola),2019-04-21T00:00:00Z,Standard,t,"",Traditional aid,,paid,2019-11-01,1,incoming,single,4820,40,World Bank,2019,"",2915,3,52,COD,,40,"",United Nations Children's Fund,Education,"Congo, The Democratic Republic of the","",2019,Primary,United Nations Children's Fund,Email,2019-04-21T00:00:00.000Z,,"","","",707,DR Congo - Ebola Outbreak 2018 - 2019,SM180353,"","",,"","",earmarked,"","",,"","","","","",2019-04-01,Incoming,,FALSE,TRUE
191386,2205000,,2019-05-20T10:58:49.430Z,2019-04-01T00:00:00Z,2019-04-01T00:00:00Z,Communication for development (Ebola),2019-04-21T00:00:00Z,Standard,t,"",Traditional aid,,paid,2019-11-01,1,incoming,single,4820,40,World Bank,2019,"",2915,26480,52,COD,,40,"",United Nations Children's Fund,Coordination and support services,"Congo, The Democratic Republic of the","",2019,Primary,United Nations Children's Fund,Email,2019-04-21T00:00:00.000Z,,"","","",707,DR Congo - Ebola Outbreak 2018 - 2019,SM180353,"","",,"","",earmarked,"","",,"","","","","",2019-04-01,Incoming,,FALSE,TRUE
191383,105000,,2019-05-20T10:55:38.359Z,2019-04-01T00:00:00Z,2019-04-01T00:00:00Z,WASH (Ebola),2019-04-21T00:00:00Z,Standard,t,"",Traditional aid,,paid,2019-11-01,1,incoming,single,4820,40,World Bank,2019,"",2915,11,52,COD,,40,"",United Nations Children's Fund,Water Sanitation Hygiene,"Congo, The Democratic Republic of the","",2019,Primary,United Nations Children's Fund,Email,2019-04-21T00:00:00.000Z,,"","","",707,DR Congo - Ebola Outbreak 2018 - 2019,SM180353,"","",,"","",earmarked,"","",,"","","","","",2019-04-01,Incoming,,FALSE,TRUE
191390,3877070,,2019-05-20T11:41:50.053Z,2019-04-01T00:00:00Z,2019-04-01T00:00:00Z,WASH (Ebola),2019-04-21T00:00:00Z,Standard,t,"",Traditional aid,,paid,2019-11-01,1,incoming,single,2917,40,"United Kingdom, Government of",2019,"",2915,11,52,COD,,40,"",United Nations Children's Fund,Water Sanitation Hygiene,"Congo, The Democratic Republic of the","",2019,Primary,United Nations Children's Fund,Email,2019-04-21T00:00:00.000Z,,236,GBR,United Kingdom,707,DR Congo - Ebola Outbreak 2018 - 2019,SM190129,"","",,"","",earmarked,"","",,"","","","","",2019-04-01,Incoming,,FALSE,FALSE
191391,1080000,,2019-05-20T11:47:38.190Z,2019-04-01T00:00:00Z,2019-04-01T00:00:00Z,Child Protection (Ebola),2019-04-21T00:00:00Z,Standard,t,"",Traditional aid,,paid,2019-11-01,1,incoming,single,2917,40,"United Kingdom, Government of",2019,"",2915,10,52,COD,,40,"",United Nations Children's Fund,Protection,"Congo, The Democratic Republic of the","",2019,Primary,United Nations Children's Fund,Email,2019-04-21T00:00:00.000Z,,236,GBR,United Kingdom,707,DR Congo - Ebola Outbreak 2018 - 2019,SM190129,"","",,"","",earmarked,"","",,"","","","","",2019-04-01,Incoming,,FALSE,FALSE
191392,1790410,,2019-05-20T11:48:16.009Z,2019-04-01T00:00:00Z,2019-04-01T00:00:00Z,Communication for development (Ebola),2019-04-21T00:00:00Z,Standard,t,"",Traditional aid,,paid,2019-11-01,1,incoming,single,2917,40,"United Kingdom, Government of",2019,"",2915,26480,52,COD,,40,"",United Nations Children's Fund,Coordination and support services,"Congo, The Democratic Republic of the","",2019,Primary,United Nations Children's Fund,Email,2019-04-21T00:00:00.000Z,,236,GBR,United Kingdom,707,DR Congo - Ebola Outbreak 2018 - 2019,SM190129,"","",,"","",earmarked,"","",,"","","","","",2019-04-01,Incoming,,FALSE,FALSE
191393,842400,,2019-05-20T11:48:42.950Z,2019-04-01T00:00:00Z,2019-04-01T00:00:00Z,Coordination (Ebola),2019-04-21T00:00:00Z,Standard,t,"",Traditional aid,,paid,2019-11-01,1,incoming,single,2917,40,"United Kingdom, Government of",2019,"",2915,26480,52,COD,,40,"",United Nations Children's Fund,Coordination and support services,"Congo, The Democratic Republic of the","",2019,Primary,United Nations Children's Fund,Email,2019-04-21T00:00:00.000Z,,236,GBR,United Kingdom,707,DR Congo - Ebola Outbreak 2018 - 2019,SM190129,"","",,"","",earmarked,"","",,"","","","","",2019-04-01,Incoming,,FALSE,FALSE
191954,841751,2019,2019-08-09T04:25:22.679Z,2019-04-09T00:00:00Z,2019-04-09T00:00:00Z,Community-based monitoring and engagement against the spread of the Ebola virus in the North Kivu region,2019-04-11T00:00:00Z,Standard,t,EUR,Traditional aid,,commitment,2019-09-06,2,incoming,single,4306,40,"Germany, Government of",2019,"",4389,7 | 11,52,COD,,40,"",Deutsche Welthungerhilfe e.V. (German Agro Action),Health | Water Sanitation Hygiene,"Congo, The Democratic Republic of the","",2019,Primary,"Germany, Government of",From EDRIS,2019-08-08T00:00:00.000Z,750000,83,DEU,Germany,707,DR Congo - Ebola Outbreak 2018 - 2019,AA-S9 321.50 COD 03/19,"","",0.891,"","",earmarked,"","",,"","","","","",2019-04-09,Incoming,,FALSE,FALSE
192368,408513,2019,2019-05-29T04:25:25.614Z,2019-05-28T00:00:00Z,2019-05-28T00:00:00Z,Health and Medical (Ebola Virus disease outbreak),2019-05-28T00:00:00Z,Standard,t,EUR,Traditional aid,,commitment,2019-11-01,1,incoming,single,3009,40,"Ireland, Government of",2019,"",1504,7,52,COD,,40,"",Concern Worldwide,Health,"Congo, The Democratic Republic of the","",2019,Primary,"Ireland, Government of",From EDRIS,2019-05-28T00:00:00.000Z,366436,107,IRL,Ireland,707,DR Congo - Ebola Outbreak 2018 - 2019,Concern CFP,"","",0.897,"","",earmarked,"","",,"","","","","",2019-05-28,Incoming,,FALSE,FALSE
192369,388582,2019,2019-05-29T04:25:26.027Z,2019-05-28T00:00:00Z,2019-05-28T00:00:00Z,Health and Medical Ebola Virus disease outbreak),2019-05-28T00:00:00Z,Standard,t,EUR,Traditional aid,,commitment,2019-11-01,1,incoming,single,3009,40,"Ireland, Government of",2019,"",2497,7,52,COD,,40,"",Trocaire,Health,"Congo, The Democratic Republic of the","",2019,Primary,"Ireland, Government of",From EDRIS,2019-05-28T00:00:00.000Z,348558,107,IRL,Ireland,707,DR Congo - Ebola Outbreak 2018 - 2019,Trocaire CFP,"","",0.897,"","",earmarked,"","",,"","","","","",2019-05-28,Incoming,,FALSE,FALSE
192370,317732,2019,2019-05-29T04:25:26.421Z,2019-05-28T00:00:00Z,2019-05-28T00:00:00Z,Health and Medical (Ebola Virus disease outbreak),2019-05-28T00:00:00Z,Standard,t,EUR,Traditional aid,,commitment,2019-11-01,1,incoming,single,3009,40,"Ireland, Government of",2019,"",2918,7,52,COD,,40,"",ACT Alliance / Christian Aid,Health,"Congo, The Democratic Republic of the","",2019,Primary,"Ireland, Government of",From EDRIS,2019-05-28T00:00:00.000Z,285006,107,IRL,Ireland,707,DR Congo - Ebola Outbreak 2018 - 2019,CAID CFP,"","",0.897,"","",earmarked,"","",,"","","","","",2019-05-28,Incoming,,FALSE,FALSE
193029,557414,2019,2019-06-07T04:25:33.225Z,2019-05-16T00:00:00Z,2019-05-16T00:00:00Z,Multilateral contribution to IFRC  to provide assistance to affected population (Ebola),2019-06-06T00:00:00Z,Standard,t,EUR,Traditional aid,,commitment,2019-06-17,1,incoming,single,3774,40,"Italy, Government of",2019,"",4393,7,52,COD,,40,"",International Federation of Red Cross and Red Crescent Societies,Health,"Congo, The Democratic Republic of the","",2019,Primary,"Italy, Government of",From EDRIS,2019-06-06T00:00:00.000Z,500000,110,ITA,Italy,707,DR Congo - Ebola Outbreak 2018 - 2019,"","","",0.897,"","",earmarked,"","",,"","","","","",2019-05-16,Incoming,,FALSE,FALSE
193291,873192,2019,2019-06-13T04:25:17.687Z,2019-06-11T00:00:00Z,2019-06-11T00:00:00Z,Emergency Response to the Ebola Outbreak in Eastern DRC (ECHO/COD/BUD/2019/91021),2019-06-12T00:00:00Z,Standard,t,EUR,Traditional aid,184338,commitment,2019-12-17,1,incoming,single,8523,40,European Commission's Humanitarian Aid and Civil Protection Department,2019,"",5375,7,52,COD,,40,"",ZOA,Health,"Congo, The Democratic Republic of the","",2019,Primary,European Commission's Humanitarian Aid and Civil Protection Department,From EDRIS,2019-06-12T00:00:00.000Z,785000,"","","",707,DR Congo - Ebola Outbreak 2018 - 2019,ECHO/COD/BUD/2019/91021,"","",0.899,"","",earmarked,"","",,"","","","","",2019-06-11,Incoming,,FALSE,FALSE
193388,889878,2019,2019-12-19T04:25:47.961Z,2019-06-05T00:00:00Z,2019-06-05T00:00:00Z,Ebola Emergency Response (ECHO/COD/BUD/2019/91020),2019-06-13T00:00:00Z,Standard,t,EUR,Traditional aid,184338,commitment,2019-12-19,2,incoming,single,8523,40,European Commission's Humanitarian Aid and Civil Protection Department,2019,"",2849,11 | 7,52,COD,,40,"",Save the Children,Water Sanitation Hygiene | Health,"Congo, The Democratic Republic of the","",2019,Primary,European Commission's Humanitarian Aid and Civil Protection Department,From EDRIS,2019-12-18T00:00:00.000Z,800000,"","","",707,DR Congo - Ebola Outbreak 2018 - 2019,ECHO/COD/BUD/2019/91020,"","",0.899,"","",earmarked,"","",,"","","","","",2019-06-05,Incoming,,FALSE,FALSE
193220,524934,2019,2019-06-12T04:25:53.975Z,2019-05-07T00:00:00Z,2019-05-07T00:00:00Z,Responding to the current Ebola Cirus Disease outbreak in DRC,2019-06-11T00:00:00Z,Standard,t,SEK,Traditional aid,,commitment,2019-06-13,1,incoming,single,2921,40,"Sweden, Government of",2019,"",5310,7,52,COD,,40,"",Swedish Red Cross,Health,"Congo, The Democratic Republic of the","",2019,Primary,"Sweden, Government of",From EDRIS,2019-06-11T00:00:00.000Z,5000000,216,SWE,Sweden,707,DR Congo - Ebola Outbreak 2018 - 2019,"","","",9.525,"","",earmarked,"","",,"","","","","",2019-05-07,Incoming,,FALSE,FALSE
193372,318737,2019,2019-06-14T04:25:13.995Z,2019-06-12T00:00:00Z,2019-06-12T00:00:00Z,"Ebola, training of volunteers and staff in dignified burials, awareness campaigns and screening of people coming over the borders",2019-06-13T00:00:00Z,Standard,t,DKK,Traditional aid,,commitment,2019-06-14,1,incoming,single,3776,40,"Denmark, Government of",2019,"",2054,7,52,COD,,40,"",Danish Red Cross,Health,"Congo, The Democratic Republic of the","",2019,Primary,"Denmark, Government of",From EDRIS,2019-06-13T00:00:00.000Z,2140000,61,DNK,Denmark,707,DR Congo - Ebola Outbreak 2018 - 2019,2017-12520,"","",6.714,"","",earmarked,"","",,"","","","","",2019-06-12,Incoming,,FALSE,FALSE
193753,9259259,,2019-06-19T08:15:03.937Z,2019-05-28T00:00:00Z,"",DRC: PEF to 2018 Outbreak Response to Ebola Virus Disease in the DRC (SM180353),2019-05-28T00:00:00Z,Standard,t,"",Traditional aid,,paid,2019-11-01,1,incoming,single,4820,40,World Bank,2019,"",2915,7,52,COD,,40,"",United Nations Children's Fund,Health,"Congo, The Democratic Republic of the","",2019,Primary,United Nations Children's Fund,Email,2019-05-28T00:00:00.000Z,,"","","",707,DR Congo - Ebola Outbreak 2018 - 2019,SM180353,"","",,"","",earmarked,"","",,"","","","","",2019-05-28,Incoming,,FALSE,TRUE
193754,740741,,2019-06-19T08:16:27.303Z,2019-05-28T00:00:00Z,"",DRC: PEF to 2018 Outbreak Response to Ebola Virus Disease in the DRC (SM180353),2019-05-28T00:00:00Z,Standard,t,"",Traditional aid,,paid,2019-11-01,1,incoming,single,4820,40,World Bank,2019,"",2915,7,52,COD,,40,"",United Nations Children's Fund,Health,"Congo, The Democratic Republic of the","",2019,Primary,United Nations Children's Fund,Email,2019-05-28T00:00:00.000Z,,"","","",707,DR Congo - Ebola Outbreak 2018 - 2019,SM180353,"","",,"","",earmarked,"","",,"","","","","",2019-05-28,Incoming,,FALSE,TRUE
194042,795328,2019,2020-05-05T02:25:33.599Z,2019-06-18T00:00:00Z,2019-06-18T00:00:00Z,Pamoya tujikengele ku Ebola - Ensemble contre Ebola (ECHO/COD/BUD/2019/91022),2019-06-20T00:00:00Z,Standard,t,EUR,Traditional aid,184338,commitment,2020-05-06,3,incoming,single,8523,40,European Commission's Humanitarian Aid and Civil Protection Department,2019,"",4305,7,52,COD,,40,"",Mercy Corps,Health,"Congo, The Democratic Republic of the","",2019,Primary,European Commission's Humanitarian Aid and Civil Protection Department,From EDRIS,2020-05-04T00:00:00.000Z,715000,"","","",707,DR Congo - Ebola Outbreak 2018 - 2019,ECHO/COD/BUD/2019/91022,"","",0.899,"","",earmarked,"","",,"","","","","",2019-06-18,Incoming,,FALSE,FALSE
194471,7000000,,2019-10-11T08:39:42.200Z,2019-05-16T00:00:00Z,2019-05-16T00:00:00Z,DRC (Ebola): Food Assistance (USAID/FFP) 10035254,2019-06-11T00:00:00Z,Standard,t,"",Traditional aid,,paid,2019-11-01,4,incoming,single,2933,40,"United States of America, Government of",2019,"",3049,6,52,COD,,40,"",World Food Programme,Food Security,"Congo, The Democratic Republic of the","",2019,Primary,World Food Programme,Email,2019-09-27T00:00:00.000Z,,237,USA,United States,707,DR Congo - Ebola Outbreak 2018 - 2019,10035254	No	72DFFP19IO00015	MOD 15 USA-C-01579-03	CD01.01.011.URT2,"","",,"","",earmarked,"","",,"","","","","",2019-05-16,Incoming,,FALSE,FALSE
194601,889878,2019,2019-10-10T08:51:13.200Z,2019-06-28T00:00:00Z,2019-06-26T00:00:00Z,"Réponse intégrée en appui psychosocial et nutritionnel pour les enfants et familles, affectés par la Maladie à Virus Ebola, dans les provinces du Nord Kivu et Ituri, RDC (ECHO/COD/BUD/2019/91024)",2019-06-26T00:00:00Z,Standard,t,EUR,Traditional aid,184338,paid,2019-12-17,2,incoming,single,8523,40,European Commission's Humanitarian Aid and Civil Protection Department,2019,"",2915,"",52,COD,,40,"",United Nations Children's Fund,"","Congo, The Democratic Republic of the","",2019,Primary,United Nations Children's Fund,Email,2019-10-04T00:00:00.000Z,800000,"","","",707,DR Congo - Ebola Outbreak 2018 - 2019,ECHO/COD/BUD/2019/91024,"","",0.899,"","",earmarked,"","",,"","","","","",2019-06-26,Incoming,,FALSE,FALSE
194864,454545,2019,2019-07-03T04:25:31.855Z,2019-07-02T00:00:00Z,2019-07-02T00:00:00Z,"Approche innovante de réponse à l'épidémie de maladie à virus Ebola dans la zone de santé de Katwa, Province du nord-Kivu",2019-07-02T00:00:00Z,Standard,t,EUR,Traditional aid,,commitment,2019-11-01,1,incoming,single,4314,40,"France, Government of",2019,"",1937,7,52,COD,,40,"",Alliance for International Medical Action,Health,"Congo, The Democratic Republic of the","",2019,Primary,"France, Government of",From EDRIS,2019-07-02T00:00:00.000Z,400000,76,FRA,France,707,DR Congo - Ebola Outbreak 2018 - 2019,2019-079,"","",0.88,"","",earmarked,"","",,"","","","","",2019-07-02,Incoming,,FALSE,FALSE
195035,4000000,,2019-07-04T08:39:23.219Z,2019-05-30T00:00:00Z,2019-05-24T00:00:00Z,To support new response strategies in the fight against the Ebola outbreak in Democratic Republic of Congo,2019-06-03T00:00:00Z,Standard,t,"",Traditional aid,,paid,2019-11-01,1,incoming,single,4326,40,Bill and Melinda Gates Foundation,2019,"",4398,7,52,COD,,40,"",World Health Organization,Health,"Congo, The Democratic Republic of the","",2019,Primary,Bill and Melinda Gates Foundation,FTS Web,2019-06-03T00:00:00.000Z,,"","","",707,DR Congo - Ebola Outbreak 2018 - 2019,"","","",,"","","","","",,"","","","","",2019-05-24,Incoming,,FALSE,FALSE
195174,8476085,2019,2020-04-21T02:25:43.184Z,2019-07-04T00:00:00Z,2019-07-04T00:00:00Z,Rapid Response to the Ebola Virus Disease (EVD) Epidemic in Nord Kivu and Ituri provinces in the Democratic Republic of the Congo (part of ECHO/COD/BUD/2019/91025),2019-07-05T00:00:00Z,Standard,t,EUR,Traditional aid,184338,commitment,2020-04-30,3,incoming,single,8523,40,European Commission's Humanitarian Aid and Civil Protection Department,2019,"",4398,7,52,COD,,40,"",World Health Organization,Health,"Congo, The Democratic Republic of the","",2019,Primary,European Commission's Humanitarian Aid and Civil Protection Department,From EDRIS,2020-04-20T00:00:00.000Z,7620000,"","","",707,DR Congo - Ebola Outbreak 2018 - 2019,ECHO/COD/BUD/2019/91025,"","",0.899,"","",earmarked,"","",,"","","","","",2019-07-04,Incoming,,FALSE,FALSE
196201,3440280,,2019-08-20T15:26:31.418Z,2019-04-02T00:00:00Z,2019-04-02T00:00:00Z,DRC/Ebola-2018:Health (USAID/OFDA),2019-07-29T00:00:00Z,Standard,t,"",Traditional aid,,commitment,2019-08-20,2,incoming,single,2933,40,"United States of America, Government of",2019,"",2986,7,52,COD,,40,"",International Organization for Migration,Health,"Congo, The Democratic Republic of the","",2019,Primary,"United States of America, Government of",Email,2019-08-16T00:00:00.000Z,,237,USA,United States,707,DR Congo - Ebola Outbreak 2018 - 2019,720FDA19IO00033,"","",,"","",earmarked,"","",,"","","","","",2019-04-02,Incoming,,FALSE,FALSE
196206,53288,2019,2019-12-04T04:26:28.397Z,2019-07-31T00:00:00Z,2019-07-31T00:00:00Z,"Ebola, activities to prevent spreading of Ebola.",2019-08-02T00:00:00Z,Standard,t,DKK,Traditional aid,,commitment,2019-12-04,3,incoming,single,3776,40,"Denmark, Government of",2019,"",3348,7,52,COD,,40,"",ActionAid International,Health,"Congo, The Democratic Republic of the","",2019,Primary,"Denmark, Government of",From EDRIS,2019-12-03T00:00:00.000Z,349890,61,DNK,Denmark,707,DR Congo - Ebola Outbreak 2018 - 2019,2017-12483,"","",6.566,"","",earmarked,"","",,"","","","","",2019-07-31,Incoming,,FALSE,FALSE
196575,649981,,2019-08-20T15:33:01.732Z,2019-07-24T00:00:00Z,2019-07-24T00:00:00Z,"DRC/Ebola-2018: Humanitarian Coordination and Info Management

.",2019-07-29T00:00:00Z,Standard,t,USD,Traditional aid,,commitment,2019-08-20,2,incoming,single,2933,40,"United States of America, Government of",2019,"",2037,26480,52,COD,,40,"",UNDP for UNDSS,Coordination and support services,"Congo, The Democratic Republic of the","",2019,Primary,"United States of America, Government of",Email,2019-08-16T00:00:00.000Z,,237,USA,United States,707,DR Congo - Ebola Outbreak 2018 - 2019,720FDA19CA00037,"","",,"","",earmarked,"","",,"","","","","",2019-07-24,Incoming,,FALSE,FALSE
196576,4882228,,2019-10-09T12:50:34.307Z,2019-09-16T00:00:00Z,2019-03-18T00:00:00Z,"DRC/Ebola-2018: Logistics Support and Relief Commodities


.",2019-07-29T00:00:00Z,Standard,t,USD,Traditional aid,,commitment,2019-10-09,3,incoming,single,2933,40,"United States of America, Government of",2019,"",3553,8,52,COD,,40,"",United Nations Humanitarian Response Depot,Logistics,"Congo, The Democratic Republic of the","",2019,Primary,"United States of America, Government of",Email,2019-09-16T00:00:00.000Z,,237,USA,United States,707,DR Congo - Ebola Outbreak 2018 - 2019,00015MO001024,"","",,"","",earmarked,"","",,"","","","","",2019-09-16,Incoming,,FALSE,FALSE
196768,1023541,,2019-08-15T14:37:22.747Z,2019-07-31T00:00:00Z,"",IFRC Ebola Emergency Appeal 2019 (7F-10316.01),2019-08-08T00:00:00Z,Standard,t,CHF,Traditional aid,,commitment,2019-08-15,1,incoming,single,2924,40,"Switzerland, Government of",2019,"",4393,7,52,COD,,40,"",International Federation of Red Cross and Red Crescent Societies,Health,"Congo, The Democratic Republic of the","",2019,Primary,"Switzerland, Government of",Email,2019-08-08T00:00:00.000Z,1000000,217,CHE,Switzerland,707,DR Congo - Ebola Outbreak 2018 - 2019,7F-10316.01,"","",0.977,"","",earmarked,"","",,"","","","","",2019-07-31,Incoming,,FALSE,FALSE
197059,10292181,,2019-08-20T15:58:13.047Z,2019-07-11T00:00:00Z,2019-07-11T00:00:00Z,"DRC/Ebola-2018: Health,Protection (USAID/OFDA)


.",2019-08-16T00:00:00Z,Standard,t,USD,Traditional aid,,commitment,2019-08-20,1,incoming,single,2933,40,"United States of America, Government of",2019,"","",7 | 10,52,COD,,40,"","",Health | Protection,"Congo, The Democratic Republic of the","",2019,Primary,"United States of America, Government of",Email,2019-08-16T00:00:00.000Z,,237,USA,United States,707,DR Congo - Ebola Outbreak 2018 - 2019,720FDA19CA00033,"","",,"","",earmarked,"","",,"","","","","",2019-07-11,Incoming,,FALSE,FALSE
197060,537500,,2019-08-20T16:00:12.373Z,2019-01-29T00:00:00Z,2019-01-29T00:00:00Z,"DRC/Ebola-2018: Logistics Support and Relief Commodities (USAID/OFDA)


.",2019-08-16T00:00:00Z,Standard,t,USD,Traditional aid,,commitment,2019-08-20,1,incoming,single,2933,40,"United States of America, Government of",2019,"","",8,52,COD,,40,"","",Logistics,"Congo, The Democratic Republic of the","",2019,Primary,"United States of America, Government of",Email,2019-08-16T00:00:00.000Z,,237,USA,United States,707,DR Congo - Ebola Outbreak 2018 - 2019,7200AA19C00019,"","",,"","",earmarked,"","",,"","","","","",2019-01-29,Incoming,,FALSE,FALSE
197061,1499601,,2019-08-20T16:01:34.079Z,2019-04-10T00:00:00Z,2019-04-10T00:00:00Z,"DRC/Ebola-2018: Health (USAID/OFDA)


.",2019-08-16T00:00:00Z,Standard,t,USD,Traditional aid,,commitment,2019-08-20,1,incoming,single,2933,40,"United States of America, Government of",2019,"","",7,52,COD,,40,"","",Health,"Congo, The Democratic Republic of the","",2019,Primary,"United States of America, Government of",Email,2019-08-16T00:00:00.000Z,,237,USA,United States,707,DR Congo - Ebola Outbreak 2018 - 2019,720FDA19CA00012,"","",,"","",earmarked,"","",,"","","","","",2019-04-10,Incoming,,FALSE,FALSE
197062,4752483,,2019-08-20T16:02:24.946Z,2019-08-16T00:00:00Z,"","DRC/Ebola-2018: Health (USAID/OFDA)


.",2019-08-16T00:00:00Z,Standard,t,USD,Traditional aid,,commitment,2019-08-20,1,incoming,single,2933,40,"United States of America, Government of",2019,"","",7,52,COD,,40,"","",Health,"Congo, The Democratic Republic of the","",2019,Primary,"United States of America, Government of",Email,2019-08-16T00:00:00.000Z,,237,USA,United States,707,DR Congo - Ebola Outbreak 2018 - 2019,720FDA19CA00004,"","",,"","",earmarked,"","",,"","","","","",2019-08-16,Incoming,,FALSE,FALSE
197063,14698185,,2019-08-20T16:04:40.060Z,2019-08-16T00:00:00Z,"","DRC/Ebola-2018: Health,Protection (USAID/OFDA)


.",2019-08-16T00:00:00Z,Standard,t,USD,Traditional aid,,commitment,2019-08-20,1,incoming,single,2933,40,"United States of America, Government of",2019,"","",7 | 10,52,COD,,40,"","",Health | Protection,"Congo, The Democratic Republic of the","",2019,Primary,"United States of America, Government of",Email,2019-08-16T00:00:00.000Z,,237,USA,United States,707,DR Congo - Ebola Outbreak 2018 - 2019,720FDA19CA00001,"","",,"","",earmarked,"","",,"","","","","",2019-08-16,Incoming,,FALSE,FALSE
197064,16902537,,2019-08-20T16:05:52.760Z,2019-08-16T00:00:00Z,"","DRC/Ebola-2018: Health,Protection (USAID/OFDA)


.",2019-08-16T00:00:00Z,Standard,t,USD,Traditional aid,,commitment,2019-08-20,1,incoming,single,2933,40,"United States of America, Government of",2019,"","",10 | 7,52,COD,,40,"","",Protection | Health,"Congo, The Democratic Republic of the","",2019,Primary,"United States of America, Government of",Email,2019-08-16T00:00:00.000Z,,237,USA,United States,707,DR Congo - Ebola Outbreak 2018 - 2019,720FDA18CA00054,"","",,"","",earmarked,"","",,"","","","","",2019-08-16,Incoming,,FALSE,FALSE
197065,1406156,,2019-10-15T15:58:10.741Z,2019-09-30T00:00:00Z,"","DRC/Ebola-2018: Health(USAID/OFDA)


.",2019-08-16T00:00:00Z,Standard,t,USD,Traditional aid,,commitment,2019-10-15,2,incoming,single,2933,40,"United States of America, Government of",2019,"","",7,52,COD,,40,"","",Health,"Congo, The Democratic Republic of the","",2019,Primary,"United States of America, Government of",Email,2019-09-16T00:00:00.000Z,,237,USA,United States,707,DR Congo - Ebola Outbreak 2018 - 2019,720FDA19CA00005,"","",,"","",earmarked,"","",,"","","","","",2019-09-30,Incoming,,FALSE,FALSE
197066,3116412,,2019-08-20T16:08:21.436Z,2019-03-08T00:00:00Z,2019-03-08T00:00:00Z,"DRC/Ebola-2018: Health,Water, Sanitation and Hygiene (USAID/OFDA)


.",2019-08-16T00:00:00Z,Standard,t,USD,Traditional aid,,commitment,2019-08-20,1,incoming,single,2933,40,"United States of America, Government of",2019,"","",7 | 11,52,COD,,40,"","",Health | Water Sanitation Hygiene,"Congo, The Democratic Republic of the","",2019,Primary,"United States of America, Government of",Email,2019-08-16T00:00:00.000Z,,237,USA,United States,707,DR Congo - Ebola Outbreak 2018 - 2019,720FDA18CA00052,"","",,"","",earmarked,"","",,"","","","","",2019-03-08,Incoming,,FALSE,FALSE
197067,1000000,,2019-08-20T16:09:28.979Z,2019-02-21T00:00:00Z,2019-02-21T00:00:00Z,"DRC/Ebola-2018: Health (USAID/OFDA)


.",2019-08-16T00:00:00Z,Standard,t,USD,Traditional aid,,commitment,2019-08-20,1,incoming,single,2933,40,"United States of America, Government of",2019,"","",7,52,COD,,40,"","",Health,"Congo, The Democratic Republic of the","",2019,Primary,"United States of America, Government of",Email,2019-08-16T00:00:00.000Z,,237,USA,United States,707,DR Congo - Ebola Outbreak 2018 - 2019,720FDA19CA00006,"","",,"","",earmarked,"","",,"","","","","",2019-02-21,Incoming,,FALSE,FALSE
197068,1995000,,2019-08-20T16:10:30.827Z,2019-03-13T00:00:00Z,2019-03-13T00:00:00Z,"DRC/Ebola-2018: Health,Water, Sanitation and Hygiene (USAID/OFDA)


.",2019-08-16T00:00:00Z,Standard,t,USD,Traditional aid,,commitment,2019-08-20,1,incoming,single,2933,40,"United States of America, Government of",2019,"","",7 | 11,52,COD,,40,"","",Health | Water Sanitation Hygiene,"Congo, The Democratic Republic of the","",2019,Primary,"United States of America, Government of",Email,2019-08-16T00:00:00.000Z,,237,USA,United States,707,DR Congo - Ebola Outbreak 2018 - 2019,720FDA19CA00007,"","",,"","",earmarked,"","",,"","","","","",2019-03-13,Incoming,,FALSE,FALSE
197069,8642714,,2019-08-20T16:11:34.730Z,2019-08-16T00:00:00Z,"","DRC/Ebola-2018: Health (USAID/OFDA)


.",2019-08-16T00:00:00Z,Standard,t,USD,Traditional aid,,commitment,2019-08-20,1,incoming,single,2933,40,"United States of America, Government of",2019,"","",7,52,COD,,40,"","",Health,"Congo, The Democratic Republic of the","",2019,Primary,"United States of America, Government of",Email,2019-08-16T00:00:00.000Z,,237,USA,United States,707,DR Congo - Ebola Outbreak 2018 - 2019,720FDA19CA00002,"","",,"","",earmarked,"","",,"","","","","",2019-08-16,Incoming,,FALSE,FALSE
197070,1700000,,2019-08-20T16:12:33.395Z,2019-08-16T00:00:00Z,"","DRC/Ebola-2018: Health, Protection  (USAID/OFDA)


.",2019-08-16T00:00:00Z,Standard,t,USD,Traditional aid,,commitment,2019-08-20,1,incoming,single,2933,40,"United States of America, Government of",2019,"","",7 | 10,52,COD,,40,"","",Health | Protection,"Congo, The Democratic Republic of the","",2019,Primary,"United States of America, Government of",Email,2019-08-16T00:00:00.000Z,,237,USA,United States,707,DR Congo - Ebola Outbreak 2018 - 2019,720FDA18CA00053,"","",,"","",earmarked,"","",,"","","","","",2019-08-16,Incoming,,FALSE,FALSE
197071,731506,,2019-08-20T16:13:43.569Z,2019-05-02T00:00:00Z,2019-05-02T00:00:00Z,"DRC/Ebola-2018: Health,Protection,Risk Management Policy and Practice
  (USAID/OFDA)


.",2019-08-16T00:00:00Z,Standard,t,USD,Traditional aid,,commitment,2019-08-20,1,incoming,single,2933,40,"United States of America, Government of",2019,"","",10 | 7 | 26480,52,COD,,40,"","",Protection | Health | Coordination and support services,"Congo, The Democratic Republic of the","",2019,Primary,"United States of America, Government of",Email,2019-08-16T00:00:00.000Z,,237,USA,United States,707,DR Congo - Ebola Outbreak 2018 - 2019,720FDA19CA00011,"","",,"","",earmarked,"","",,"","","","","",2019-05-02,Incoming,,FALSE,FALSE
197072,517253,,2019-08-20T16:15:24.023Z,2019-04-24T00:00:00Z,2019-05-02T00:00:00Z,"DRC/Ebola-2018: Health (USAID/OFDA)


.",2019-08-16T00:00:00Z,Standard,t,USD,Traditional aid,,commitment,2019-08-20,1,incoming,single,2933,40,"United States of America, Government of",2019,"","",7,52,COD,,40,"","",Health,"Congo, The Democratic Republic of the","",2019,Primary,"United States of America, Government of",Email,2019-08-16T00:00:00.000Z,,237,USA,United States,707,DR Congo - Ebola Outbreak 2018 - 2019,720FDA19CA00015,"","",,"","",earmarked,"","",,"","","","","",2019-04-24,Incoming,,FALSE,FALSE
197078,5258622,,2019-11-28T14:09:15.081Z,2019-07-03T00:00:00Z,2019-07-03T00:00:00Z,"DRC/Ebola-2018: Health,Water, Sanitation and Hygiene,Protection (USAID/OFDA)


.",2019-08-16T00:00:00Z,Standard,t,USD,Traditional aid,,paid,2019-11-28,2,incoming,single,2933,40,"United States of America, Government of",2019,"",2915,11 | 7 | 10,52,COD,,40,"",United Nations Children's Fund,Water Sanitation Hygiene | Health | Protection,"Congo, The Democratic Republic of the","",2019,Primary,United Nations Children's Fund,Email,2019-10-28T00:00:00.000Z,,237,USA,United States,707,DR Congo - Ebola Outbreak 2018 - 2019,SM190327,"","",,"","",earmarked,"","",,"","","","","",2019-07-03,Incoming,,FALSE,FALSE
197079,700000,2019,2019-08-21T15:57:07.392Z,2018-11-01T00:00:00Z,2018-11-01T00:00:00Z,"DRC/Ebola-2018: Health (USAID/OFDA)


.",2019-08-16T00:00:00Z,Standard,t,USD,Traditional aid,,commitment,2019-08-21,1,incoming,single,2933,40,"United States of America, Government of",2019,"","",7,52,COD,,40,"","",Health,"Congo, The Democratic Republic of the","",2019,Primary,"United States of America, Government of",Email,2019-08-16T00:00:00.000Z,,237,USA,United States,707,DR Congo - Ebola Outbreak 2018 - 2019,720FDA19IO00001,"","",,"","",earmarked,"","",,"","","","","",2018-11-01,Incoming,,FALSE,FALSE
197416,340909,2019,2019-09-04T04:25:35.556Z,2019-07-12T00:00:00Z,2019-07-12T00:00:00Z,Multilateral contribution to WHO to provide assistance to affected population.,2019-09-02T00:00:00Z,Standard,t,EUR,Traditional aid,,commitment,2019-09-06,1,incoming,single,3774,40,"Italy, Government of",2019,"",4398,7,52,COD,,40,"",World Health Organization,Health,"Congo, The Democratic Republic of the","",2019,Primary,"Italy, Government of",From EDRIS,2019-09-02T00:00:00.000Z,300000,110,ITA,Italy,707,DR Congo - Ebola Outbreak 2018 - 2019,"","","",0.88,"","",earmarked,"","",,"","","","","",2019-07-12,Incoming,,FALSE,FALSE
197574,538851,2019,2019-09-07T04:25:43.390Z,2019-07-26T00:00:00Z,2019-07-26T00:00:00Z,Emergency response to spread of Ebola in Ituri,2019-09-06T00:00:00Z,Standard,t,SEK,Traditional aid,,commitment,2019-09-10,1,incoming,single,2921,40,"Sweden, Government of",2019,"",9257,11,52,COD,,40,"",Action Against Hunger,Water Sanitation Hygiene,"Congo, The Democratic Republic of the","",2019,Primary,"Sweden, Government of",From EDRIS,2019-09-06T00:00:00.000Z,5000000,216,SWE,Sweden,707,DR Congo - Ebola Outbreak 2018 - 2019,"","","",9.279,"","",earmarked,"","",,"","","","","",2019-07-26,Incoming,,FALSE,FALSE
197735,354234,2019,2019-09-13T08:29:44.779Z,2019-09-12T00:00:00Z,2019-09-10T00:00:00Z,Réponse multisectorielle d’urgence pour contribuer à l’interruption de la maladie à virus Ebola dans les Provinces du Nord Kivu et de l’Ituri (part of 19-RR-CEF-093),2019-09-11T00:00:00Z,Standard,f,"",Traditional aid,,paid,2019-09-13,1,internal,single,4762,40,Central Emergency Response Fund,2019,"",2915,9,52,COD,,40,"",United Nations Children's Fund,Nutrition,"Congo, The Democratic Republic of the","",2019,Primary,Central Emergency Response Fund,From CERF,2019-09-13T00:00:00.000Z,,"","","",707,DR Congo - Ebola Outbreak 2018 - 2019,19-RR-CEF-093,"","",,"","",unearmarked,"","",,"","","","","",2019-09-10,Incoming,,FALSE,FALSE
197637,3902590,2019,2020-02-18T04:25:16.180Z,2019-09-16T00:00:00Z,2019-09-10T00:00:00Z,Réponse rapide à l’épidémie de la maladie à virus Ebola (MVE) dans les provinces du Nord-Kivu et de l’Ituri de la République Démocratique du Congo,2019-09-11T00:00:00Z,Standard,f,"",Traditional aid,,paid,2020-02-18,5,internal,single,4762,40,Central Emergency Response Fund,2019,"",4398,7,52,COD,,40,"",World Health Organization,Health,"Congo, The Democratic Republic of the","",2019,Primary,Central Emergency Response Fund,From CERF,2020-02-18T00:00:00.000Z,,"","","",707,DR Congo - Ebola Outbreak 2018 - 2019,19-RR-WHO-044,"","",,"","",unearmarked,"","",,"","","","","",2019-09-10,Incoming,,FALSE,FALSE
197638,1999062,2019,2019-09-13T04:25:11.659Z,2019-09-12T00:00:00Z,2019-09-10T00:00:00Z,Réponse à l’épidémie de la maladie à Virus Ebola dans les provinces du Nord-Kivu et de l''Ituri,2019-09-11T00:00:00Z,Standard,f,"",Traditional aid,,paid,2019-09-13,3,internal,single,4762,40,Central Emergency Response Fund,2019,"",2986,7,52,COD,,40,"",International Organization for Migration,Health,"Congo, The Democratic Republic of the","",2019,Primary,Central Emergency Response Fund,From CERF,2019-09-13T00:00:00.000Z,,"","","",707,DR Congo - Ebola Outbreak 2018 - 2019,19-RR-IOM-027,"","",,"","",unearmarked,"","",,"","","","","",2019-09-10,Incoming,,FALSE,FALSE
197639,1416937,2019,2019-12-27T04:25:52.881Z,2019-09-12T00:00:00Z,2019-09-10T00:00:00Z,Réponse multisectorielle d’urgence pour contribuer à l’interruption de la maladie à virus Ebola dans les Provinces du Nord Kivu et de l’Ituri (part of 19-RR-CEF-093),2019-09-11T00:00:00Z,Standard,f,"",Traditional aid,,paid,2019-12-27,4,internal,single,4762,40,Central Emergency Response Fund,2019,"",2915,11,52,COD,,40,"",United Nations Children's Fund,Water Sanitation Hygiene,"Congo, The Democratic Republic of the","",2019,Primary,Central Emergency Response Fund,From CERF,2019-12-27T00:00:00.000Z,,"","","",707,DR Congo - Ebola Outbreak 2018 - 2019,19-RR-CEF-093,"","",,"","",unearmarked,"","",,"","","","","",2019-09-10,Incoming,,FALSE,FALSE
197640,590391,2019,2019-12-27T04:25:53.798Z,2019-09-12T00:00:00Z,2019-09-10T00:00:00Z,Réponse multisectorielle d’urgence pour contribuer à l’interruption de la maladie à virus Ebola dans les Provinces du Nord Kivu et de l’Ituri (part of 19-RR-CEF-093),2019-09-11T00:00:00Z,Standard,f,"",Traditional aid,,paid,2019-12-27,4,internal,single,4762,40,Central Emergency Response Fund,2019,"",2915,7,52,COD,,40,"",United Nations Children's Fund,Health,"Congo, The Democratic Republic of the","",2019,Primary,Central Emergency Response Fund,From CERF,2019-12-27T00:00:00.000Z,,"","","",707,DR Congo - Ebola Outbreak 2018 - 2019,19-RR-CEF-093,"","",,"","",unearmarked,"","",,"","","","","",2019-09-10,Incoming,,FALSE,FALSE
197641,590391,2019,2019-12-27T04:25:54.666Z,2019-09-12T00:00:00Z,2019-09-10T00:00:00Z,Réponse multisectorielle d’urgence pour contribuer à l’interruption de la maladie à virus Ebola dans les Provinces du Nord Kivu et de l’Ituri (part of 19-RR-CEF-093),2019-09-11T00:00:00Z,Standard,f,"",Traditional aid,,paid,2019-12-27,4,internal,single,4762,40,Central Emergency Response Fund,2019,"",2915,10,52,COD,,40,"",United Nations Children's Fund,Protection,"Congo, The Democratic Republic of the","",2019,Primary,Central Emergency Response Fund,From CERF,2019-12-27T00:00:00.000Z,,"","","",707,DR Congo - Ebola Outbreak 2018 - 2019,19-RR-CEF-093,"","",,"","",unearmarked,"","",,"","","","","",2019-09-10,Incoming,,FALSE,FALSE
197642,983984,2019,2019-12-27T04:25:55.536Z,2019-09-12T00:00:00Z,2019-09-10T00:00:00Z,Réponse multisectorielle d’urgence pour contribuer à l’interruption de la maladie à virus Ebola dans les Provinces du Nord Kivu et de l’Ituri (part of 19-RR-CEF-093),2019-09-11T00:00:00Z,Standard,f,"",Traditional aid,,paid,2019-12-27,4,internal,single,4762,40,Central Emergency Response Fund,2019,"",2915,2,52,COD,,40,"",United Nations Children's Fund,Early Recovery,"Congo, The Democratic Republic of the","",2019,Primary,Central Emergency Response Fund,From CERF,2019-12-27T00:00:00.000Z,,"","","",707,DR Congo - Ebola Outbreak 2018 - 2019,19-RR-CEF-093,"","",,"","",unearmarked,"","",,"","","","","",2019-09-10,Incoming,,FALSE,FALSE
197861,570646,,2019-09-17T13:59:58.271Z,2019-07-31T00:00:00Z,2019-07-01T00:00:00Z,Ebola response  (QZA-19/0081-4),2019-09-12T00:00:00Z,Standard,t,NOK,Traditional aid,,paid,2019-09-17,1,incoming,single,2930,40,"Norway, Government of",2019,"",4398,7,52,COD,,40,"",World Health Organization,Health,"Congo, The Democratic Republic of the","",2019,Primary,"Norway, Government of",Email,2019-09-12T00:00:00.000Z,5000000,167,NOR,Norway,707,DR Congo - Ebola Outbreak 2018 - 2019,QZA-19/0081-4,"","",8.762,"","",earmarked,"","",,"","","","","",2019-07-01,Incoming,,FALSE,FALSE
197862,285323,,2019-09-17T14:04:29.966Z,2019-07-31T00:00:00Z,2019-07-15T00:00:00Z,"Local response in Ebola affected communities in DRC
(COD-19/0001-1)",2019-09-12T00:00:00Z,Standard,t,"",Traditional aid,,paid,2019-09-17,1,incoming,single,2930,40,"Norway, Government of",2019,"",8547,7,52,COD,,40,"",CARE Norway,Health,"Congo, The Democratic Republic of the","",2019,Primary,"Norway, Government of",Email,2019-09-12T00:00:00.000Z,2500000,167,NOR,Norway,707,DR Congo - Ebola Outbreak 2018 - 2019,COD-19/0001-1,"","",8.762,"","",earmarked,"","",,"","","","","",2019-07-15,Incoming,,FALSE,FALSE
198056,798904,,2019-09-20T15:12:08.819Z,2019-07-31T00:00:00Z,2019-07-25T00:00:00Z,Ebola response  (QZA-19/0081-4),2019-09-12T00:00:00Z,Standard,t,NOK,Traditional aid,,paid,2019-09-20,1,incoming,single,2930,40,"Norway, Government of",2019,"",4398,7,52,COD,,40,"",World Health Organization,Health,"Congo, The Democratic Republic of the","",2019,Primary,"Norway, Government of",Email,2019-09-12T00:00:00.000Z,7000000,167,NOR,Norway,707,DR Congo - Ebola Outbreak 2018 - 2019,QZA-19/0081-4,"","",8.762,"","",earmarked,"","",,"","","","","",2019-07-25,Incoming,,FALSE,FALSE
198531,5090236,,2019-10-01T16:21:04.873Z,2019-09-30T00:00:00Z,2019-09-30T00:00:00Z,Emergency grant aid in response to the Ebola virus disease outbreak in the eastern part of the Democratic Republic of the Congo,2019-10-01T00:00:00Z,Standard,t,JPY,Traditional aid,,paid,2019-10-01,1,incoming,single,4537,40,"Japan, Government of",2019,"",1371,"",52,COD,,40,"","Congo, Democratic Republic of, Government of","","Congo, The Democratic Republic of the","",2019,Primary,"Japan, Government of",Email,2019-10-01T00:00:00.000Z,550000000,112,JPN,Japan,707,DR Congo - Ebola Outbreak 2018 - 2019,"","","",108.05,"","",unearmarked,"","",,"","","","","",2019-09-30,Incoming,,FALSE,FALSE
198867,15000000,,2019-10-09T13:46:05.750Z,2019-07-29T00:00:00Z,2019-07-29T00:00:00Z,DRC/Ebola-2018: Health (USAID/OFDA),2019-09-16T00:00:00Z,Standard,t,"",Traditional aid,,commitment,2019-10-09,1,incoming,single,2933,40,"United States of America, Government of",2019,"",4398,7,52,COD,,40,"",World Health Organization,Health,"Congo, The Democratic Republic of the","",2019,Primary,"United States of America, Government of",Email,2019-09-16T00:00:00.000Z,,237,USA,United States,707,DR Congo - Ebola Outbreak 2018 - 2019,720FDA19CA00040,"","",,"","",earmarked,"","",,"","","","","",2019-07-29,Incoming,,FALSE,FALSE
199283,1840702,2019,2019-10-15T15:48:03.152Z,2019-09-30T00:00:00Z,"",DRC/Ebola-2018:Program Support (USAID/OFDA),2019-10-10T00:00:00Z,Standard,t,"",Traditional aid,,commitment,2019-10-15,1,incoming,single,2933,40,"United States of America, Government of",2019,"","",26480,52,COD,,40,"","",Coordination and support services,"Congo, The Democratic Republic of the","",2019,Primary,"United States of America, Government of",Email,2019-10-10T00:00:00.000Z,,237,USA,United States,707,DR Congo - Ebola Outbreak 2018 - 2019,"","","",,"","",earmarked,"","",,"","","","","",2019-09-30,Incoming,,FALSE,FALSE
199284,9995959,,2019-10-15T16:08:31.217Z,2019-09-19T00:00:00Z,2019-09-19T00:00:00Z,"DRC/Ebola-2018: Health,Water, Sanitation and Hygiene,Economic Recovery and Market Systems (USAID/OFDA)


.",2019-10-10T00:00:00Z,Standard,t,USD,Traditional aid,,commitment,2019-10-15,1,incoming,single,2933,40,"United States of America, Government of",2019,"","",2 | 11 | 7,52,COD,,40,"","",Early Recovery | Water Sanitation Hygiene | Health,"Congo, The Democratic Republic of the","",2019,Primary,"United States of America, Government of",Email,2019-10-10T00:00:00.000Z,,237,USA,United States,707,DR Congo - Ebola Outbreak 2018 - 2019,720FDA19CA00074,"","",,"","",earmarked,"","",,"","","","","",2019-09-19,Incoming,,FALSE,FALSE
199285,5000000,,2019-10-15T16:10:18.474Z,2019-09-09T00:00:00Z,2019-09-09T00:00:00Z,"DRC/Ebola-2018: Health (USAID/OFDA)


.",2019-10-10T00:00:00Z,Standard,t,USD,Traditional aid,,commitment,2019-10-15,1,incoming,single,2933,40,"United States of America, Government of",2019,"","",7,52,COD,,40,"","",Health,"Congo, The Democratic Republic of the","",2019,Primary,"United States of America, Government of",Email,2019-10-10T00:00:00.000Z,,237,USA,United States,707,DR Congo - Ebola Outbreak 2018 - 2019,720FDA19IO00101,"","",,"","",earmarked,"","",,"","","","","",2019-09-09,Incoming,,FALSE,FALSE
199286,10596390,,2019-10-15T16:11:43.241Z,2019-09-12T00:00:00Z,2019-09-12T00:00:00Z,"DRC/Ebola-2018:Health,Water, Sanitation and Hygiene,Nutrition
(USAID/OFDA)


.",2019-10-10T00:00:00Z,Standard,t,USD,Traditional aid,,commitment,2019-10-15,1,incoming,single,2933,40,"United States of America, Government of",2019,"","",11 | 9 | 7,52,COD,,40,"","",Water Sanitation Hygiene | Nutrition | Health,"Congo, The Democratic Republic of the","",2019,Primary,"United States of America, Government of",Email,2019-10-10T00:00:00.000Z,,237,USA,United States,707,DR Congo - Ebola Outbreak 2018 - 2019,720FDA19CA00080,"","",,"","",earmarked,"","",,"","","","","",2019-09-12,Incoming,,FALSE,FALSE
199287,3065432,,2019-10-15T16:12:52.981Z,2019-09-26T00:00:00Z,2019-09-26T00:00:00Z,"DRC/Ebola-2018:Health,Water, Sanitation and Hygiene,Protection
(USAID/OFDA)


.",2019-10-10T00:00:00Z,Standard,t,USD,Traditional aid,,commitment,2019-10-15,1,incoming,single,2933,40,"United States of America, Government of",2019,"","",10 | 7 | 11,52,COD,,40,"","",Protection | Health | Water Sanitation Hygiene,"Congo, The Democratic Republic of the","",2019,Primary,"United States of America, Government of",Email,2019-10-10T00:00:00.000Z,,237,USA,United States,707,DR Congo - Ebola Outbreak 2018 - 2019,720FDA19CA00085,"","",,"","",earmarked,"","",,"","","","","",2019-09-26,Incoming,,FALSE,FALSE
199288,7024081,,2020-01-27T10:22:03.881Z,2019-09-04T00:00:00Z,2019-09-04T00:00:00Z,Food Assistance (USAID/FFP),2019-10-10T00:00:00Z,Standard,t,"",Traditional aid,,paid,2020-01-27,2,incoming,single,2933,40,"United States of America, Government of",2019,"",3049,6,52,COD,,40,"",World Food Programme,Food Security,"Congo, The Democratic Republic of the","",2019,Primary,World Food Programme,Email,2020-01-17T00:00:00.000Z,,237,USA,United States,707,DR Congo - Ebola Outbreak 2018 - 2019,10035950	No	72DFFP19IO00096	USA-C-01686-01	CD01.01.011.URT1,"","",,"","",earmarked,"","",,"","","","","",2019-09-04,Incoming,,FALSE,FALSE
199289,12000000,,2020-01-24T14:51:29.714Z,2019-09-25T00:00:00Z,2019-09-25T00:00:00Z,DRC (Ebola): Food Assistance (USAID/FFP),2019-10-10T00:00:00Z,Standard,t,"",Traditional aid,,paid,2020-01-24,2,incoming,single,2933,40,"United States of America, Government of",2019,"",3049,6,52,COD,,40,"",World Food Programme,Food Security,"Congo, The Democratic Republic of the","",2019,Primary,World Food Programme,Email,2020-01-17T00:00:00.000Z,,237,USA,United States,707,DR Congo - Ebola Outbreak 2018 - 2019,10036293	No	72DFFP19IO00111	USA-C-01687-01	CD01.01.011.URT2,"","",,"","",earmarked,"","",,"","","","","",2019-09-25,Incoming,,FALSE,FALSE
199291,12975000,2019,2019-10-15T17:03:36.712Z,2019-09-13T00:00:00Z,2019-09-13T00:00:00Z,DRC (Ebola): Food Security (USAID/FFP),2019-10-10T00:00:00Z,Standard,t,"",Traditional aid,,commitment,2019-10-15,1,incoming,single,2933,40,"United States of America, Government of",2019,"",4695,6,52,COD,,40,"",Adventist Development and Relief Agency,Food Security,"Congo, The Democratic Republic of the","",2019,Primary,"United States of America, Government of",Email,2019-10-10T00:00:00.000Z,,237,USA,United States,707,DR Congo - Ebola Outbreak 2018 - 2019,72DFFP19GR00072	Base,"","",,"","",earmarked,"","",,"","","","","",2019-09-13,Incoming,,FALSE,FALSE
199625,2197802,2019,2019-10-21T10:02:34.745Z,2019-10-17T00:00:00Z,2019-10-17T00:00:00Z,Ebola response,2019-10-17T00:00:00Z,Standard,t,DKK,Traditional aid,,commitment,2019-10-21,1,incoming,single,3776,40,"Denmark, Government of",2019,"",2967,"",52,COD,,40,"",International Committee of the Red Cross,"","Congo, The Democratic Republic of the","",2019,Primary,"Denmark, Government of",From EDRIS,2019-10-17T00:00:00.000Z,15000000,61,DNK,Denmark,707,DR Congo - Ebola Outbreak 2018 - 2019,"","","",6.825,"","",earmarked,"","",,"","","","","",2019-10-17,Incoming,,FALSE,FALSE
199626,2197802,2019,2019-10-21T10:02:35.050Z,2019-10-17T00:00:00Z,2019-10-17T00:00:00Z,Ebola response,2019-10-17T00:00:00Z,Standard,t,DKK,Traditional aid,,commitment,2019-10-21,1,incoming,single,3776,40,"Denmark, Government of",2019,"",4398,"",52,COD,,40,"",World Health Organization,"","Congo, The Democratic Republic of the","",2019,Primary,"Denmark, Government of",From EDRIS,2019-10-17T00:00:00.000Z,15000000,61,DNK,Denmark,707,DR Congo - Ebola Outbreak 2018 - 2019,"","","",6.825,"","",earmarked,"","",,"","","","","",2019-10-17,Incoming,,FALSE,FALSE
201209,888889,2019,2019-11-07T04:25:27.416Z,2019-11-05T00:00:00Z,2019-11-05T00:00:00Z,Contribuer à réduire la mortalité et la morbidité liées à la flambée épidémique de MVE dans la région du Nord-Est de l’Ituri et Haut Uélé (ECHO/COD/BUD/2019/91032),2019-11-06T00:00:00Z,Standard,t,EUR,Traditional aid,184338,commitment,2019-12-17,1,incoming,single,8523,40,European Commission's Humanitarian Aid and Civil Protection Department,2019,"",173,"",52,COD,,40,"",Malteser International Order of Malta World Relief,"","Congo, The Democratic Republic of the","",2019,Primary,European Commission's Humanitarian Aid and Civil Protection Department,From EDRIS,2019-11-06T00:00:00.000Z,800000,"","","",707,DR Congo - Ebola Outbreak 2018 - 2019,ECHO/COD/BUD/2019/91032,"","",0.9,"","",earmarked,"","",,"","","","","",2019-11-05,Incoming,,FALSE,FALSE
201311,9293654,2020,2019-11-08T16:08:25.891Z,2019-10-21T00:00:00Z,2019-10-21T00:00:00Z,"DRC/Ebola-2018: Health,Water, Sanitation and Hygiene,Protection (USAID/OFDA)


.",2019-11-08T00:00:00Z,Standard,t,USD,Traditional aid,,commitment,2019-11-08,1,incoming,single,2933,40,"United States of America, Government of",2019,"","",11 | 7 | 10,52,COD,,40,"","",Water Sanitation Hygiene | Health | Protection,"Congo, The Democratic Republic of the","",2019,Primary,"United States of America, Government of",Email,2019-11-08T00:00:00.000Z,,237,USA,United States,707,DR Congo - Ebola Outbreak 2018 - 2019,720FDA19CA00001,"","",,"","",earmarked,"","",,"","","","","",2019-10-21,Incoming,,FALSE,FALSE
201312,14500000,2020,2019-11-08T16:10:12.397Z,2019-10-21T00:00:00Z,2019-10-21T00:00:00Z,"DRC/Ebola-2018: Health,Water, Sanitation and Hygiene,Economic Recovery and Market Systems (USAID/OFDA)


.",2019-11-08T00:00:00Z,Standard,t,USD,Traditional aid,,commitment,2019-12-12,1,incoming,single,2933,40,"United States of America, Government of",2019,"","",2 | 11 | 7,52,COD,,40,"","",Early Recovery | Water Sanitation Hygiene | Health,"Congo, The Democratic Republic of the","",2019,Primary,"United States of America, Government of",Email,2019-11-08T00:00:00.000Z,,237,USA,United States,707,DR Congo - Ebola Outbreak 2018 - 2019,720FDA20CA00001,"","",,"","",earmarked,"","",,"","","","","",2019-10-21,Incoming,,FALSE,FALSE
201594,7786429,2019,2020-07-04T02:25:27.713Z,2019-06-05T00:00:00Z,2019-06-05T00:00:00Z,"Measures to contain the Ebola outbreak u.a. increased coordination, early detection of suspected cases, diagnostics and treatment, as well as infection prevention in North Kivu and Ituri",2019-11-15T00:00:00Z,Standard,t,EUR,Traditional aid,193005,commitment,2020-07-22,2,incoming,single,4306,40,"Germany, Government of",2019,"",4398,7,52,COD,,40,"",World Health Organization,Health,"Congo, The Democratic Republic of the","",2019,Primary,"Germany, Government of",From EDRIS,2020-07-03T00:00:00.000Z,7000000,83,DEU,Germany,707,DR Congo - Ebola Outbreak 2018 - 2019,AA-S09 321.50 COD 04/19,"","",0.899,"","",earmarked,"","",,"","","","","",2019-06-05,Incoming,,FALSE,FALSE
201814,9864365,,2019-11-22T12:58:34.104Z,2019-09-17T00:00:00Z,2019-08-19T00:00:00Z,Ebola Virus Disease (EVD) Strategic Response Plan 4 (SRP 4),2019-11-22T00:00:00Z,Standard,t,GBP,Traditional aid,,paid,2019-11-22,1,incoming,single,2917,40,"United Kingdom, Government of",2019,"",4398,7,52,COD,,40,"",World Health Organization,Health,"Congo, The Democratic Republic of the","",2019,Primary,"United Kingdom, Government of",Email,2019-11-22T00:00:00.000Z,8000000,236,GBR,United Kingdom,707,DR Congo - Ebola Outbreak 2018 - 2019,300832-101,"","",0.811,"","",earmarked,"","",,"","","","","",2019-08-19,Incoming,,FALSE,FALSE
201817,14414414,,2020-01-31T14:56:38.454Z,2019-11-21T00:00:00Z,2019-11-01T00:00:00Z,Ebola Virus Disease (EVD) Strategic Response Plan 4 (SRP 4),2019-11-22T00:00:00Z,Standard,t,GBP,Traditional aid,,paid,2020-01-31,2,incoming,single,2917,40,"United Kingdom, Government of",2019,"",4398,7,52,COD,,40,"",World Health Organization,Health,"Congo, The Democratic Republic of the","",2019,Primary,"United Kingdom, Government of",Email,2020-01-17T00:00:00.000Z,11200000,236,GBR,United Kingdom,707,DR Congo - Ebola Outbreak 2018 - 2019,300832-101,"","",0.777,"","",earmarked,"","",,"","","","","",2019-11-01,Incoming,,FALSE,FALSE
201818,5329949,,2019-11-22T13:57:09.927Z,2019-07-18T00:00:00Z,2019-08-19T00:00:00Z,Ebola Virus Disease (EVD) Strategic Response Plan 4 (SRP 4),2019-11-22T00:00:00Z,Standard,t,GBP,Traditional aid,,paid,2020-01-31,1,incoming,single,2917,40,"United Kingdom, Government of",2019,"",4393,7,52,COD,,40,"",International Federation of Red Cross and Red Crescent Societies,Health,"Congo, The Democratic Republic of the","",2019,Primary,"United Kingdom, Government of",Email,2020-01-17T00:00:00.000Z,4200000,236,GBR,United Kingdom,707,DR Congo - Ebola Outbreak 2018 - 2019,300832-108,"","",0.788,"","",earmarked,"","",,"","","","","",2019-08-19,Incoming,,FALSE,FALSE
202860,12486461,2020,2019-12-12T15:36:24.378Z,2019-11-07T00:00:00Z,2019-11-07T00:00:00Z,"DRC/Ebola-2018: Health,Water, Sanitation and Hygiene,Nutrition,Protection (USAID/OFDA)",2019-12-10T00:00:00Z,Standard,t,"",Traditional aid,,commitment,2019-12-12,1,incoming,single,2933,40,"United States of America, Government of",2019,"","","",52,COD,,40,"","","","Congo, The Democratic Republic of the","",2019,Primary,"United States of America, Government of",Email,2019-12-10T00:00:00.000Z,,237,USA,United States,707,DR Congo - Ebola Outbreak 2018 - 2019,720FDA20CA00002,"","",,"","",earmarked,"","",,"","","","","",2019-11-07,Incoming,,FALSE,FALSE
202888,11614265,2020,2019-12-12T17:05:41.360Z,2019-11-07T00:00:00Z,2019-11-07T00:00:00Z,"DRC/Ebola-2018: Health,Water, Sanitation and Hygiene (USAID/OFDA)",2019-12-10T00:00:00Z,Standard,t,"",Traditional aid,,commitment,2019-12-12,1,incoming,single,2933,40,"United States of America, Government of",2019,"","",11 | 7,52,COD,,40,"","",Water Sanitation Hygiene | Health,"Congo, The Democratic Republic of the","",2019,Primary,"United States of America, Government of",Email,2019-12-10T00:00:00.000Z,,237,USA,United States,707,DR Congo - Ebola Outbreak 2018 - 2019,720FDA20CA00002,"","",,"","",earmarked,"","",,"","","","","",2019-11-07,Incoming,,FALSE,FALSE
204083,1241363,,2020-01-27T10:24:22.383Z,2019-09-04T00:00:00Z,2019-09-04T00:00:00Z,Food Assistance (USAID/FFP),2019-10-10T00:00:00Z,Standard,t,"",Traditional aid,,paid,2020-01-27,1,incoming,single,2933,40,"United States of America, Government of",2019,"",3049,6,52,COD,,40,"",World Food Programme,Food Security,"Congo, The Democratic Republic of the","",2019,Primary,World Food Programme,Email,2020-01-17T00:00:00.000Z,,237,USA,United States,707,DR Congo - Ebola Outbreak 2018 - 2019,72DFFP19IO00096 Base,"","",,"","",earmarked,"","",,"","","","","",2019-09-04,Incoming,,FALSE,FALSE
204084,2234556,,2020-01-27T10:25:45.639Z,2019-09-04T00:00:00Z,2019-09-04T00:00:00Z,Food Assistance (USAID/FFP),2019-10-10T00:00:00Z,Standard,t,"",Traditional aid,,paid,2020-01-27,1,incoming,single,2933,40,"United States of America, Government of",2019,"",3049,6,52,COD,,40,"",World Food Programme,Food Security,"Congo, The Democratic Republic of the","",2019,Primary,World Food Programme,Email,2020-01-17T00:00:00.000Z,,237,USA,United States,707,DR Congo - Ebola Outbreak 2018 - 2019,72DFFP19IO00096 Base,"","",,"","",earmarked,"","",,"","","","","",2019-09-04,Incoming,,FALSE,FALSE
205345,130719,,2020-02-20T13:38:42.152Z,2019-02-22T00:00:00Z,2019-02-22T00:00:00Z,Emergency Relief and support for those affected by the Ebola outbreak/work to limit the spread of the virus,2020-02-07T00:00:00Z,Standard,t,GBP,Traditional aid,,paid,2020-02-20,1,incoming,single,8550,40,Jersey Overseas Aid,2019,"",2915,7,52,COD,,40,"",United Nations Children's Fund,Health,"Congo, The Democratic Republic of the","",2019,Primary,Jersey Overseas Aid,Email,2020-02-07T00:00:00.000Z,100000,113,JEY,Jersey,707,DR Congo - Ebola Outbreak 2018 - 2019,"","","",0.765,"","",earmarked,"","",,"","","","","",2019-02-22,Incoming,,FALSE,FALSE
205350,172222,,2020-02-20T14:22:09.286Z,2019-08-26T00:00:00Z,2019-08-26T00:00:00Z,"Containment of the Ebola epidemic; focusing on safe and dignified burials, infection control, psychosocial support and community engagement",2020-02-07T00:00:00Z,Standard,t,GBP,Traditional aid,,paid,2020-02-20,1,incoming,single,8550,40,Jersey Overseas Aid,2019,"",4395,7,52,COD,,40,"",British Red Cross,Health,"Congo, The Democratic Republic of the","",2019,Primary,Jersey Overseas Aid,Email,2020-02-07T00:00:00.000Z,142600,113,JEY,Jersey,707,DR Congo - Ebola Outbreak 2018 - 2019,"","","",0.828,"","",earmarked,"","",,"","","","","",2019-08-26,Incoming,,FALSE,FALSE
205351,120773,,2020-02-20T14:25:33.873Z,2019-08-26T00:00:00Z,2019-08-26T00:00:00Z,"Ebola epidemic - continuation of UNICEF's intervention (that JOA supported earlier this year); focusing on community engagement, WASH and supporting local health services",2020-02-07T00:00:00Z,Standard,t,GBP,Traditional aid,,paid,2020-02-20,1,incoming,single,8550,40,Jersey Overseas Aid,2019,"",2915,7,52,COD,,40,"",United Nations Children's Fund,Health,"Congo, The Democratic Republic of the","",2019,Primary,Jersey Overseas Aid,Email,2020-02-07T00:00:00.000Z,100000,113,JEY,Jersey,707,DR Congo - Ebola Outbreak 2018 - 2019,"","","",0.828,"","",earmarked,"","",,"","","","","",2019-08-26,Incoming,,FALSE,FALSE
205653,960000,,2020-02-26T14:19:01.486Z,2019-06-11T00:00:00Z,2019-04-06T00:00:00Z,Localizing Community Feedback Data Systems for Effective Decision-making,2019-06-11T00:00:00Z,Standard,t,USD,Traditional aid,,paid,2020-02-26,1,incoming,single,963,40,Paul G. Allen,2019,"",4393,7,52,COD,,40,"",International Federation of Red Cross and Red Crescent Societies,Health,"Congo, The Democratic Republic of the","",2019,Primary,Paul G. Allen,Email,2019-06-11T00:00:00.000Z,,"","","",707,DR Congo - Ebola Outbreak 2018 - 2019,"","","",,"","","","","",,"","","","","",2019-04-06,Incoming,,FALSE,FALSE
205654,721726,,2020-02-26T14:21:57.768Z,2019-06-11T00:00:00Z,2019-04-06T00:00:00Z,Accelerating Infection Prevention and Control in Priority Health Facilities in Butembo and Katwa,2019-06-11T00:00:00Z,Standard,t,USD,Traditional aid,,paid,2020-02-26,1,incoming,single,963,40,Paul G. Allen,2019,"",4398,7,52,COD,,40,"",World Health Organization,Health,"Congo, The Democratic Republic of the","",2019,Primary,Paul G. Allen,Email,2019-06-11T00:00:00.000Z,,"","","",707,DR Congo - Ebola Outbreak 2018 - 2019,"","","",,"","","","","",,"","","","","",2019-04-06,Incoming,,FALSE,FALSE
205655,709268,,2020-02-26T14:23:05.120Z,2019-06-11T00:00:00Z,2019-04-06T00:00:00Z,A feed-back driven community reporting and monitoring tool across the response effort to enhance community understanding and engagement,2019-06-11T00:00:00Z,Standard,t,USD,Traditional aid,,paid,2020-02-26,1,incoming,single,963,40,Paul G. Allen,2019,"",2915,7,52,COD,,40,"",United Nations Children's Fund,Health,"Congo, The Democratic Republic of the","",2019,Primary,Paul G. Allen,Email,2019-06-11T00:00:00.000Z,,"","","",707,DR Congo - Ebola Outbreak 2018 - 2019,"","","",,"","","","","",,"","","","","",2019-04-06,Incoming,,FALSE,FALSE
205656,253100,,2020-02-26T14:24:12.877Z,2019-06-11T00:00:00Z,2019-04-06T00:00:00Z,"Design, build and deploy a mobile Emergency Operations Center (EOC)",2019-06-11T00:00:00Z,Standard,t,USD,Traditional aid,,paid,2020-02-26,1,incoming,single,963,40,Paul G. Allen,2019,"",5337,7,52,COD,,40,"",Pathfinder International,Health,"Congo, The Democratic Republic of the","",2019,Primary,Paul G. Allen,Email,2019-06-11T00:00:00.000Z,,"","","",707,DR Congo - Ebola Outbreak 2018 - 2019,"","","",,"","","","","",,"","","","","",2019-04-06,Incoming,,FALSE,FALSE
205657,1250000,,2020-02-26T14:24:59.868Z,2019-06-11T00:00:00Z,2018-12-14T00:00:00Z,Operation of Ebola Treatment Centers (ETC) in key outbreak locations of Beni and Katwa,2019-06-11T00:00:00Z,Standard,t,USD,Traditional aid,,paid,2020-02-26,1,incoming,single,963,40,Paul G. Allen,2019,"",2904,7,52,COD,,40,"",Médecins sans Frontières,Health,"Congo, The Democratic Republic of the","",2019,Primary,Paul G. Allen,Email,2019-06-11T00:00:00.000Z,,"","","",707,DR Congo - Ebola Outbreak 2018 - 2019,"","","",,"","","","","",,"","","","","",2018-12-14,Incoming,,FALSE,FALSE
205624,300000,2020,2020-02-26T09:51:21.658Z,2020-06-14T00:00:00Z,2019-11-01T00:00:00Z,DRC: Building Trust& Community Ownership of Ebola Response Activities in DRC (SM190468),2020-01-31T00:00:00Z,Standard,t,"",Traditional aid,,paid,2020-02-26,1,incoming,single,2933,40,"United States of America, Government of",2019,"",2915,"",52,COD,,41,"",United Nations Children's Fund,"","Congo, The Democratic Republic of the","",2020,Primary,United Nations Children's Fund,Email,2020-01-31T00:00:00.000Z,,237,USA,United States,707,DR Congo - Ebola Outbreak 2018 - 2019,SM190468,"","",,"","","","","",,"","","","","",2019-11-01,Incoming,,FALSE,FALSE
206306,200000,,2020-03-09T16:19:40.304Z,2019-08-28T00:00:00Z,2019-08-28T00:00:00Z,"Réponse multisectorielle d’urgence pour les populations vivant dans les zones de santé de Lubero, Mabalako et Mandima affectées par la maladie à Virus Ebola. Total: $2,000,000 -  Protection (10%), Eau, Assainissement et Hygiène (30%), Santé (60%)",2019-08-28T00:00:00Z,Standard,f,"",Traditional aid,,paid,2020-03-09,1,internal,single,7654,40,Democratic Republic of the Congo Humanitarian Fund,2019,"",2849,10,52,COD,,40,"",Save the Children,Protection,"Congo, The Democratic Republic of the","",2019,Primary,Democratic Republic of the Congo Humanitarian Fund,GMS,2019-08-28T00:00:00.000Z,,52,COD,"Congo, The Democratic Republic of the",707,DR Congo - Ebola Outbreak 2018 - 2019,DRC-19/HCG10/UR2/PROT-WaSH-HLT/INGO/13242,"","",,673,Democratic Republic of the Congo 2019,softly earmarked,"","",,"","","","","",2019-08-28,Incoming,,FALSE,FALSE
206307,600000,,2020-03-09T16:20:16.415Z,2019-08-28T00:00:00Z,2019-08-28T00:00:00Z,"Réponse multisectorielle d’urgence pour les populations vivant dans les zones de santé de Lubero, Mabalako et Mandima affectées par la maladie à Virus Ebola. Total: $2,000,000 -  Protection (10%), Eau, Assainissement et Hygiène (30%), Santé (60%)",2019-08-28T00:00:00Z,Standard,f,"",Traditional aid,,paid,2020-03-09,1,internal,single,7654,40,Democratic Republic of the Congo Humanitarian Fund,2019,"",2849,11,52,COD,,40,"",Save the Children,Water Sanitation Hygiene,"Congo, The Democratic Republic of the","",2019,Primary,Democratic Republic of the Congo Humanitarian Fund,GMS,2019-08-28T00:00:00.000Z,,52,COD,"Congo, The Democratic Republic of the",707,DR Congo - Ebola Outbreak 2018 - 2019,DRC-19/HCG10/UR2/PROT-WaSH-HLT/INGO/13242,"","",,673,Democratic Republic of the Congo 2019,softly earmarked,"","",,"","","","","",2019-08-28,Incoming,,FALSE,FALSE
206308,1200000,,2020-03-09T16:20:58.559Z,2019-08-28T00:00:00Z,2019-08-28T00:00:00Z,"Réponse multisectorielle d’urgence pour les populations vivant dans les zones de santé de Lubero, Mabalako et Mandima affectées par la maladie à Virus Ebola. Total: $2,000,000 -  Protection (10%), Eau, Assainissement et Hygiène (30%), Santé (60%)",2019-08-28T00:00:00Z,Standard,f,"",Traditional aid,,paid,2020-03-09,1,internal,single,7654,40,Democratic Republic of the Congo Humanitarian Fund,2019,"",2849,7,52,COD,,40,"",Save the Children,Health,"Congo, The Democratic Republic of the","",2019,Primary,Democratic Republic of the Congo Humanitarian Fund,GMS,2019-08-28T00:00:00.000Z,,52,COD,"Congo, The Democratic Republic of the",707,DR Congo - Ebola Outbreak 2018 - 2019,DRC-19/HCG10/UR2/PROT-WaSH-HLT/INGO/13242,"","",,673,Democratic Republic of the Congo 2019,softly earmarked,"","",,"","","","","",2019-08-28,Incoming,,FALSE,FALSE
206324,2000000,,2020-03-10T09:42:29.261Z,2019-08-28T00:00:00Z,2019-08-28T00:00:00Z,"Réponse aux besoins prioritaires WASH identifiés dans les zones affectées par l'épidémie de MVE, province du Nord Kivu",2019-08-28T00:00:00Z,Standard,f,"",Traditional aid,,paid,2020-03-10,1,internal,single,7654,40,Democratic Republic of the Congo Humanitarian Fund,2019,"",4305,11,52,COD,,40,"",Mercy Corps,Water Sanitation Hygiene,"Congo, The Democratic Republic of the","",2019,Primary,Democratic Republic of the Congo Humanitarian Fund,GMS,2019-08-28T00:00:00.000Z,,52,COD,"Congo, The Democratic Republic of the",707,DR Congo - Ebola Outbreak 2018 - 2019,DRC-19/HCG10/UR2/WaSH/INGO/13241,"","",,673,Democratic Republic of the Congo 2019,softly earmarked,"","",,"","","","","",2019-08-28,Incoming,,FALSE,FALSE
206550,1000000,,2020-03-17T09:05:46.260Z,2019-08-28T00:00:00Z,2019-08-28T00:00:00Z,"Réponse multisectorielle d’urgence en santé et protection dans les zones les plus affectées par l’épidemie MVE dans la province du Nord Kivu. Total: 2,000,000 -  Santé (50%), Protection (50%)",2019-08-28T00:00:00Z,Standard,f,"",Traditional aid,,paid,2020-03-17,1,internal,single,7654,40,Democratic Republic of the Congo Humanitarian Fund,2019,"",3001,7,52,COD,,40,"",International Rescue Committee,Health,"Congo, The Democratic Republic of the","",2019,Primary,Democratic Republic of the Congo Humanitarian Fund,GMS,2019-08-28T00:00:00.000Z,,52,COD,"Congo, The Democratic Republic of the",707,DR Congo - Ebola Outbreak 2018 - 2019,DRC-19/HCG10/UR2/HLT-PROT/INGO/13239,"","",,"","",softly earmarked,"","",,"","","","","",2019-08-28,Incoming,,FALSE,FALSE
206551,1000000,,2020-03-17T09:07:52.946Z,2019-08-28T00:00:00Z,2019-08-28T00:00:00Z,"Réponse multisectorielle d’urgence en santé et protection dans les zones les plus affectées par l’épidemie MVE dans la province du Nord Kivu. Total: 2,000,000 -  Santé (50%), Protection (50%)",2019-08-28T00:00:00Z,Standard,f,"",Traditional aid,,paid,2020-03-17,1,internal,single,7654,40,Democratic Republic of the Congo Humanitarian Fund,2019,"",3001,10,52,COD,,40,"",International Rescue Committee,Protection,"Congo, The Democratic Republic of the","",2019,Primary,Democratic Republic of the Congo Humanitarian Fund,GMS,2019-08-28T00:00:00.000Z,,52,COD,"Congo, The Democratic Republic of the",707,DR Congo - Ebola Outbreak 2018 - 2019,DRC-19/HCG10/UR2/HLT-PROT/INGO/13239,"","",,"","",softly earmarked,"","",,"","","","","",2019-08-28,Incoming,,FALSE,FALSE
206582,1600000,,2020-03-17T12:15:59.273Z,2019-09-06T00:00:00Z,2019-09-06T00:00:00Z,"Appui à la réduction de la Maladie a Virus Ébola à travers une réponse en EHA coordonnée et un engagement renforce de la communauté. Total: $2,000,000 -  Eau, Assainissement et Hygiène (80%), Santé (20%)",2019-09-06T00:00:00Z,Standard,f,"",Traditional aid,,paid,2020-03-17,1,internal,single,7654,40,Democratic Republic of the Congo Humanitarian Fund,2019,"",1504,11,52,COD,,40,"",Concern Worldwide,Water Sanitation Hygiene,"Congo, The Democratic Republic of the","",2019,Primary,Democratic Republic of the Congo Humanitarian Fund,GMS,2019-09-06T00:00:00.000Z,,52,COD,"Congo, The Democratic Republic of the",707,DR Congo - Ebola Outbreak 2018 - 2019,DRC-19/HCG10/UR2/WaSH-HLT/INGO/13238,"","",,"","",softly earmarked,"","",,"","","","","",2019-09-06,Incoming,,FALSE,FALSE
206583,400000,,2020-03-17T12:17:43.334Z,2019-09-06T00:00:00Z,2019-09-06T00:00:00Z,"Appui à la réduction de la Maladie a Virus Ébola à travers une réponse en EHA coordonnée et un engagement renforce de la communauté. Total: $2,000,000 -  Eau, Assainissement et Hygiène (80%), Santé (20%)",2019-09-06T00:00:00Z,Standard,f,"",Traditional aid,,paid,2020-03-17,1,internal,single,7654,40,Democratic Republic of the Congo Humanitarian Fund,2019,"",1504,7,52,COD,,40,"",Concern Worldwide,Health,"Congo, The Democratic Republic of the","",2019,Primary,Democratic Republic of the Congo Humanitarian Fund,GMS,2019-09-06T00:00:00.000Z,,52,COD,"Congo, The Democratic Republic of the",707,DR Congo - Ebola Outbreak 2018 - 2019,DRC-19/HCG10/UR2/WaSH-HLT/INGO/13238,"","",,"","",softly earmarked,"","",,"","","","","",2019-09-06,Incoming,,FALSE,FALSE
208418,2183406,2019,2020-04-21T02:25:42.802Z,2019-07-04T00:00:00Z,2019-07-04T00:00:00Z,"MR 2020 Update:. Rapid Response to the Ebola Virus Disease (EVD) and Measles Epidemics in Nord Kivu, Sud Kivu, Ituri, Bas-Uele, Equateur, Haut Uele, Kasai, Kinshasa, Kongo Central, Kwilu, Mai-Ndombe, Mongala,  Sud-Ubangi and Tshuapa in the DRC (part of ECHO/COD/BUD/2019/91025)",2020-04-20T00:00:00Z,Standard,t,EUR,Traditional aid,204301,commitment,2020-04-21,1,incoming,single,8523,41,European Commission's Humanitarian Aid and Civil Protection Department,2020,"",4398,7,52,COD,,41,"",World Health Organization,Health,"Congo, The Democratic Republic of the","",2020,Primary,European Commission's Humanitarian Aid and Civil Protection Department,From EDRIS,2020-04-20T00:00:00.000Z,2000000,"","","",707,DR Congo - Ebola Outbreak 2018 - 2019,ECHO/COD/BUD/2019/91025,"","",0.916,"","","","","",,"","","","","",2019-07-04,Incoming,,FALSE,FALSE
190591,4938272,2019,2020-07-17T14:40:46.328Z,2019-04-25T00:00:00Z,2019-04-25T00:00:00Z,Emergency Health response in favour of vulnerable populations affected by conflict and outbreaks in Nord Kivu province and neighbouring areas in Eastern Democratic Republic of the Congo (part of ECHO/COD/BUD/2019/91004),2019-04-27T00:00:00Z,Standard,t,EUR,Traditional aid,184338,commitment,2020-07-20,5,incoming,single,8523,40,European Commission's Humanitarian Aid and Civil Protection Department,2019,673,5375,7,52,COD,,40,Democratic Republic of the Congo 2019,ZOA,Health,"Congo, The Democratic Republic of the","",2019,Primary,European Commission's Humanitarian Aid and Civil Protection Department,From EDRIS,2020-07-14T00:00:00.000Z,4400000,"","","","","",ECHO/COD/BUD/2019/91004,"","",0.891,"","",earmarked,"","",,"",4390,Health,"","",2019-04-25,,,TRUE,FALSE
193005,0,2019,2019-06-07T04:25:20.378Z,2019-06-05T00:00:00Z,2019-06-05T00:00:00Z,"Measures to contain the Ebola outbreak u.a. increased coordination, early detection of suspected cases, diagnostics and treatment, as well as infection prevention in North Kivu and Ituri",2019-06-06T00:00:00Z,Parked,t,EUR,Traditional aid,,commitment,2020-07-22,1,incoming,single,4306,41 | 40,"Germany, Government of",2020 | 2019,"",4398,"",52,COD,,41 | 40,"",World Health Organization,"","Congo, The Democratic Republic of the","",2020 | 2019,Primary,"Germany, Government of",From EDRIS,2019-06-06T00:00:00.000Z,0,83,DEU,Germany,"","",AA-S09 321.50 COD 04/19,"","",0.899,"","",earmarked,"","",,"","","","","",2019-06-05,,,TRUE,FALSE
197740,4000000,,2019-10-10T15:31:28.436Z,2019-09-10T00:00:00Z,"","DRC/Ebola-2018: UNWFP (UNHAS):  Logistics Support (Ituri, North Kivu) (USAID/OFDA)",2019-09-11T00:00:00Z,Standard,t,"",Traditional aid,,paid,2020-01-27,3,incoming,single,2933,40,"United States of America, Government of",2019,"",3049,8,52,COD,,40,"",World Food Programme,Logistics,"Congo, The Democratic Republic of the","",2019,Primary,"United States of America, Government of",Email,2019-09-16T00:00:00.000Z,,237,USA,United States,"","",10036277	No	720FDA19IO00084	USA-C-01654-01	CD01.08.051.CPA2,"","",,"","",earmarked,"","",,"","","","","",2019-09-10,,,TRUE,FALSE
201451,1329787,2019,2019-11-14T09:26:03.644Z,2019-03-29T00:00:00Z,2019-03-29T00:00:00Z,In  response to the Ebola outbreak (P006746),2019-11-12T00:00:00Z,Standard,t,CAD,Traditional aid,,paid,2019-11-14,1,incoming,single,2928,40,"Canada, Government of",2019,"",2904,7,52,COD,,40,"",Médecins sans Frontières,Health,"Congo, The Democratic Republic of the","",2019,Primary,"Canada, Government of",Email,2019-11-12T00:00:00.000Z,1750000,40,CAN,Canada,"","",P006746,"","",1.316,"","",earmarked,"","",,"","","","","",2019-03-29,,,TRUE,FALSE
201456,1523229,,2020-01-24T14:26:12.558Z,2019-09-27T00:00:00Z,2019-09-27T00:00:00Z,"In  response to the Ebola outbreak: Food Assistance, Nutrition  (P008240)",2019-11-12T00:00:00Z,Standard,t,CAD,Traditional aid,,paid,2020-01-24,2,incoming,single,2928,40,"Canada, Government of",2019,673,3049,"",52,COD,,40,Democratic Republic of the Congo 2019,World Food Programme,"","Congo, The Democratic Republic of the","",2019,Primary,World Food Programme,Email,2020-01-17T00:00:00.000Z,2000000,40,CAN,Canada,"","",10036777	No	P008240 - PO7412833	CAN-C-00580-02	CD01.01.011,"","",1.313,"","",earmarked,"","",,"","","","","",2019-09-27,,,TRUE,FALSE
201457,380807,,2020-01-24T14:27:59.663Z,2019-09-24T00:00:00Z,2019-09-24T00:00:00Z,In  response to the Ebola outbreak: Logistics (P008240),2019-11-12T00:00:00Z,Standard,t,CAD,Traditional aid,,paid,2020-01-24,2,incoming,single,2928,40,"Canada, Government of",2019,673,3049,8,52,COD,,40,Democratic Republic of the Congo 2019,World Food Programme,Logistics,"Congo, The Democratic Republic of the","",2019,Primary,World Food Programme,Email,2020-01-17T00:00:00.000Z,500000,40,CAN,Canada,"","",10036778	No	P008240 - PO7412833	CAN-C-00580-03	CD01.08.051.CPA2,"","",1.313,"","",earmarked,"","",,"",4391,Logistics,"","",2019-09-24,,,TRUE,FALSE
201595,0,2020,2020-07-04T02:25:27.939Z,2019-06-05T00:00:00Z,2019-06-05T00:00:00Z,"Measures to contain the Ebola outbreak u.a. increased coordination, early detection of suspected cases, diagnostics and treatment, as well as infection prevention in North Kivu and Ituri (2020 portion)",2019-11-15T00:00:00Z,Standard,t,EUR,Traditional aid,193005,commitment,2020-07-22,2,incoming,single,4306,41,"Germany, Government of",2020,"",4398,7,52,COD,,41,"",World Health Organization,Health,"Congo, The Democratic Republic of the","",2020,Primary,"Germany, Government of",From EDRIS,2020-07-03T00:00:00.000Z,0,83,DEU,Germany,"","",AA-S09 321.50 COD 04/19,"","",0.899,"","",earmarked,"","",,"","","","","",2019-06-05,,,TRUE,FALSE
201976,55617,2019,2020-04-21T02:25:36.062Z,2019-07-04T00:00:00Z,2019-07-04T00:00:00Z,"Rapid Response to the Ebola Virus Disease (EVD) Epidemic and the Measles outbreak in Nord Kivu, Sud Kivu, Ituri and Haut Lomani, Kasai Oriental and Maniema provinces in the Democratic Republic of the Congo (part of ECHO/COD/BUD/2019/91025)",2019-11-26T00:00:00Z,Standard,t,EUR,Traditional aid,177069,commitment,2020-04-30,2,incoming,single,8523,39,European Commission's Humanitarian Aid and Civil Protection Department,2018,673,4398,7,52,COD,,40,Democratic Republic of the Congo 2019,World Health Organization,Health,"Congo, The Democratic Republic of the","",2019,Primary,European Commission's Humanitarian Aid and Civil Protection Department,From EDRIS,2020-04-20T00:00:00.000Z,50000,"","","","","",ECHO/COD/BUD/2019/91025,"","",0.899,"","",earmarked,"","",,"","","","","",2019-07-04,,,TRUE,FALSE
203065,33670,2019,2020-07-17T14:39:54.146Z,2019-04-25T00:00:00Z,2019-04-25T00:00:00Z,Emergency Health response in favour of vulnerable populations affected by conflict and outbreaks in Nord Kivu province and neighbouring areas in Eastern Democratic Republic of the Congo (part of ECHO/COD/BUD/2019/91004),2019-12-16T00:00:00Z,Standard,t,EUR,Traditional aid,177069,commitment,2020-11-10,3,incoming,single,8523,39,European Commission's Humanitarian Aid and Civil Protection Department,2018,919,5375,7,52,COD,,41,Democratic Republic of the Congo 2020,ZOA,Health,"Congo, The Democratic Republic of the","",2020,Primary,European Commission's Humanitarian Aid and Civil Protection Department,From EDRIS,2020-07-14T00:00:00.000Z,30000,"","","",911,Coronavirus disease Outbreak - COVID -19,ECHO/COD/BUD/2019/91004,"","",0.891,"","",earmarked,"","",,"",5556,Santé COVID-19,"","",2019-04-25,,,TRUE,FALSE
214745,246914,2019,2020-07-17T14:39:54.398Z,2019-04-25T00:00:00Z,2019-04-25T00:00:00Z,Emergency Health response in favour of vulnerable populations affected by conflict and outbreaks in Nord Kivu province and neighbouring areas in Eastern Democratic Republic of the Congo (part of ECHO/COD/BUD/2019/91004),2020-07-13T00:00:00Z,Standard,t,EUR,Traditional aid,177069,commitment,2020-11-10,1,incoming,single,8523,39,European Commission's Humanitarian Aid and Civil Protection Department,2018,673,11006,7,52,COD,,40,Democratic Republic of the Congo 2019,Zionist Organization of America,Health,"Congo, The Democratic Republic of the","",2019,Primary,European Commission's Humanitarian Aid and Civil Protection Department,From EDRIS,2020-07-14T00:00:00.000Z,220000,"","","","","",ECHO/COD/BUD/2019/91004,"","",0.891,"","","","","",,"",4390,Health,"","",2019-04-25,,,TRUE,FALSE
