Country Code,Country,Income Type,Region,Source,Classification,Approval Date,Last Updated,Project Title,Project ID,Total Committed Amount (original currency mn),x : USD,Total Amount Committed (USD mn),Loan Amount Committed (USD mn),Grant Amount Committed (USD mn),Grant Portion,Oct-16,Nov-16,Dec-16,Jan-17,Feb-17,Mar-17,Apr-17,May-17,Aug-17,Sep-17,Oct-17,Jan-18,Mar-18,Total Disbursed,Comment,Press release/project website,Additional source
HTI,Haiti,Low income,Latin America & Caribbean,,,2016-10-04,2017-11-09T13:47:49.438Z,"Haiti/Hurricane-Matthew (Haiti) Logistics Support and Relief Commodities, Health, Humanitarian Studies, Shelter and Settlements, WASH (USAID/OFDA)",AID-OFDA-G-17-00011,,,1.65256,,1.65256,1,1.65256,0,0,0,0,0,0,0,0,0,0,0,0,1.65256,,,
HTI,Haiti,Low income,Latin America & Caribbean,,,2016-10-04,2017-11-09T13:46:01.727Z,Haiti/Hurricane-Matthew (Haiti):   WASH (USAID/OFDA),AID-OFDA-G-17-00011,,,0.5,,0.5,1,0.5,0,0,0,0,0,0,0,0,0,0,0,0,0.5,,,
HTI,Haiti,Low income,Latin America & Caribbean,,,2016-10-04,2017-02-21T14:28:39.997Z,Cash-based Response to Hurricane Mathew :  Emergency Food Assistance (USAID/FFP),"",,,15.421246,,15.421246,1,15.421246,0,0,0,0,0,0,0,0,0,0,0,0,15.421246,,,
HTI,Haiti,Low income,Latin America & Caribbean,,,2016-10-05,2017-02-03T16:43:10.456Z,(Haiti) Achat et distribution de produits alimentaires au Programme National de Cantines Scolaires,[EDRIS:79818],0.15,0.892,0.168161,,0.168161,1,0.168161,0,0,0,0,0,0,0,0,0,0,0,0,0.168161,,,
HTI,Haiti,Low income,Latin America & Caribbean,,,2016-10-05,2016-12-16T16:42:00Z,Thematic 8- Cross Sectoral - Haiti- Hurricane (SM1499101257),SM1499101257,,,1,,1,1,1,0,0,0,0,0,0,0,0,0,0,0,0,1,,,
HTI,Haiti,Low income,Latin America & Caribbean,,,2016-10-05,2017-01-11T10:28:00Z,"Aide humanitaire d'urgence suite au passage du cyclone Matthews (WASH, santé, transport, shelter) (through Fondation Airbus)",[EDRIS:81568],0.3,0.892,0.336323,,0.336323,1,0.336323,0,0,0,0,0,0,0,0,0,0,0,0,0.336323,,,
HTI,Haiti,Low income,Latin America & Caribbean,,,2016-10-05,2017-01-11T10:28:00Z,"Aide humanitaire d'urgence suite au passage du cyclone Matthews (WASH, santé, transport, shelter)",[EDRIS:81568],0.584256,0.892,0.654996,,0.654996,1,0.654996,0,0,0,0,0,0,0,0,0,0,0,0,0.654996,,,
HTI,Haiti,Low income,Latin America & Caribbean,,,2016-10-05,2017-01-11T10:30:00Z,"Aide humanitaire d'urgence suite au passage du cyclone Matthews (WASH, santé, transport, shelter) (through Fondation Veolia)",[EDRIS:81568],0.089096,0.892,0.099883,,0.099883,1,0.099883,0,0,0,0,0,0,0,0,0,0,0,0,0.099883,,,
HTI,Haiti,Low income,Latin America & Caribbean,,,2016-10-05,2017-01-11T10:29:00Z,"Aide humanitaire d'urgence suite au passage du cyclone Matthews (WASH, santé, transport, shelter) (through Fondation Airbus Helicopter)",[EDRIS:81568],0.05,0.892,0.056054,,0.056054,1,0.056054,0,0,0,0,0,0,0,0,0,0,0,0,0.056054,,,
HTI,Haiti,Low income,Latin America & Caribbean,,,2016-10-06,2016-11-16T10:21:00Z,"(Haiti) EUCP-team + TAST, UNDAC",[EDRIS:79661],1.3,8.584,0.151445,,0.151445,1,0.151445,0,0,0,0,0,0,0,0,0,0,0,0,0.151445,,,
HTI,Haiti,Low income,Latin America & Caribbean,,,2016-10-06,2016-11-16T10:19:00Z,(Haiti) Coordination - UNDAC,[EDRIS:79703],0.09,8.583691,0.010485,,0.010485,1,0.010485,0,0,0,0,0,0,0,0,0,0,0,0,0.010485,,,
HTI,Haiti,Low income,Latin America & Caribbean,,,2016-10-06,2016-11-07T11:08:00Z,(Haiti) 11-member EU Civil Protection Team deployed,"",,,0,,0,1,0,0,0,0,0,0,0,0,0,0,0,0,0,0,,,
HTI,Haiti,Low income,Latin America & Caribbean,,,2016-10-06,2016-12-12T11:44:00Z,(Haiti) in kind -humanitarian assistance,"",,,0,,0,1,0,0,0,0,0,0,0,0,0,0,0,0,0,0,,,
HTI,Haiti,Low income,Latin America & Caribbean,,,2016-10-06,2016-12-16T16:43:00Z,Thematic 8- Cross Sectoral - Haiti- Hurricane (SM1499101257),SM1499101257,,,0.5,,0.5,1,0.5,0,0,0,0,0,0,0,0,0,0,0,0,0.5,,,
HTI,Haiti,Low income,Latin America & Caribbean,,,2016-10-06,2016-12-20T15:20:00Z,(Haiti) Operational facilitation (2016-707),"2016-707, [EDRIS:81345]",0.614331,6.645,0.09245,,0.09245,1,0.09245,0,0,0,0,0,0,0,0,0,0,0,0,0.09245,,,
HTI,Haiti,Low income,Latin America & Caribbean,,,2016-10-07,2016-10-11T14:26:00Z,"(Haiti) Multilateral contribution to IFRC: Support to the Haitian Red Cross Society (HRCS) to assist 50.000 people affected by Hurricane """"Matthew"""" for 12 months. The response will focus on the following areas of intervention: Health; Water, Sanitation and hygiene; Shelter (including Household non-food items) and Disaster risk reduction (DRR). (Appeal n° MDRHT012)","Appeal n° MDRHT012, [EDRIS:79658]",0.4,0.892,0.44843,,0.44843,1,0.44843,0,0,0,0,0,0,0,0,0,0,0,0,0.44843,,,
HTI,Haiti,Low income,Latin America & Caribbean,,,2016-10-07,2016-12-15T17:01:00Z,"(Haiti) Multilateral contribution to UNICEF emergency interventions in Haiti - in  water and sanitation, education and nutrition sectors - to assist approximately 10.000 people.(SM160471)",[EDRIS:79659],0.6,0.892,0.672646,,0.672646,1,0.672646,0,0,0,0,0,0,0,0,0,0,0,0,0.672646,,,
HTI,Haiti,Low income,Latin America & Caribbean,,,2016-10-07,2016-10-25T18:23:00Z,"(Haiti) : The deployment of emergency relief items in response to the IFRC Appeal Mobilisation Table, (shipped via the Canadian Red Cross Society), including shelter materials and basic household items.
(D003988)",D003988,0.605626,1.308,0.463017,,0.463017,1,0.463017,0,0,0,0,0,0,0,0,0,0,0,0,0.463017,,,
HTI,Haiti,Low income,Latin America & Caribbean,,,2016-10-07,2016-11-02T10:50:00Z,"(Haiti) Estonian Rescue Board experts with IHP mission to Haiti, Jeremie",[EDRIS:80058],0.04855,0.892,0.054428,,0.054428,1,0.054428,0,0,0,0,0,0,0,0,0,0,0,0,0.054428,,,
HTI,Haiti,Low income,Latin America & Caribbean,,,2016-10-07,2016-12-01T16:25:00Z,(Haiti) support their efforts in helping the victims of Hurricane Matthew,"",,,0.05,,0.05,1,0.05,0,0,0,0,0,0,0,0,0,0,0,0,0.05,,,
HTI,Haiti,Low income,Latin America & Caribbean,,,2016-10-08,2017-03-27T11:28:04.060Z,"(Haiti)To assist in the establishment and management of temporary shelter for displaced people, the distribution of essential items such as tarps, shelter kits, hygiene kits, and water treatment supplies and the coordination of relief stocks entering the country.","",1.2,1.338,0.89686,,0.89686,1,0.89686,0,0,0,0,0,0,0,0,0,0,0,0,0.89686,,,
HTI,Haiti,Low income,Latin America & Caribbean,,,2016-10-08,2016-11-18T11:37:00Z,"(Haiti) To assist in the provision of food rations to the most vulnerable, including women and children, cash assistance to allow beneficiaries to meet their own needs, and the delivery and coordination of food assistance to the heavily impacted regions of Haiti which remain isolated or hard to reach.","",1,1.308,0.764526,,0.764526,1,0.764526,0,0,0,0,0,0,0,0,0,0,0,0,0.764526,,,
HTI,Haiti,Low income,Latin America & Caribbean,,,2016-10-08,2016-12-15T16:58:00Z,"(Haiti) To assist in the delivery of water and sanitation services which will be critical in containing outbreaks such as cholera. Additionally, funding will provide food assistance nutrition inputs and protection services to the most vulnerable populations, with a specific emphasis on women and children (D003991) (SM160503)",SM160503,0.9,1.325001,0.679245,,0.679245,1,0.679245,0,0,0,0,0,0,0,0,0,0,0,0,0.679245,,,
HTI,Haiti,Low income,Latin America & Caribbean,,,2016-10-08,2016-11-18T12:09:00Z,Comprehensive health emergency response after hurricane Matthew in Haiti,"",0.4,1.351032,0.29607,,0.29607,1,0.29607,0,0,0,0,0,0,0,0,0,0,0,0,0.29607,,,
HTI,Haiti,Low income,Latin America & Caribbean,,,2016-10-10,2017-02-08T12:16:09.450Z,(Haiti) Logistics Support and Relief Commodities (USAID/OFDA),"",,,0.15,,0.15,1,0.15,0,0,0,0,0,0,0,0,0,0,0,0,0.15,,,
HTI,Haiti,Low income,Latin America & Caribbean,,,2016-10-10,2016-11-18T11:33:00Z,(Haiti) Support to IFRC emergency appeal  in response to Hurricane Matthew in Haiti (D000396),D000396,0.3,1.308,0.229358,,0.229358,1,0.229358,0,0,0,0,0,0,0,0,0,0,0,0,0.229358,,,
HTI,Haiti,Low income,Latin America & Caribbean,,,2016-10-10,2016-11-18T11:34:00Z,(Haiti) Contribution from the Canadian Humanitarian Assistance Fund (CHAF) in response to Hurricane Matthew (D002717),D002717,0.28125,1.308,0.215023,,0.215023,1,0.215023,0,0,0,0,0,0,0,0,0,0,0,0,0.215023,,,
HTI,Haiti,Low income,Latin America & Caribbean,,,2016-10-10,2016-11-16T10:20:00Z,(Haiti) Strengthening the EUCP-team and TAST,[EDRIS:79685],0.2,8.584059,0.023299,,0.023299,1,0.023299,0,0,0,0,0,0,0,0,0,0,0,0,0.023299,,,
HTI,Haiti,Low income,Latin America & Caribbean,,,2016-10-10,2016-10-24T17:04:00Z,(Haiti) Three Emergency operations support personnel deployed to Haiti in the COST,"",,,0,,0,1,0,0,0,0,0,0,0,0,0,0,0,0,0,0,,,
HTI,Haiti,Low income,Latin America & Caribbean,,,2016-10-10,2016-10-24T17:01:00Z,(Haiti) RNAT members in-transit to Haiti through Ministry of Health,"",,,0,,0,1,0,0,0,0,0,0,0,0,0,0,0,0,0,0,,,
HTI,Haiti,Low income,Latin America & Caribbean,,,2016-10-10,2017-02-03T16:42:08.421Z,(Haiti) 2 stations de potabilisation (32t) mises à disposition jusqu’au 8/11 opéré par 60 agents de la sécurité civile,"",0.85,0.906,0.93819,,0.93819,1,0.93819,0,0,0,0,0,0,0,0,0,0,0,0,0.93819,,,
HTI,Haiti,Low income,Latin America & Caribbean,,,2016-10-10,2016-10-24T13:49:00Z,(Haiti)  two Ecureuil helicopters provided by Airbus Helicopters foundation  to  transport medical equipment or first aid in remote areas of Haiti.,"",,,0,,0,1,0,0,0,0,0,0,0,0,0,0,0,0,0,0,,,
HTI,Haiti,Low income,Latin America & Caribbean,,,2016-10-10,2016-11-11T17:39:00Z,To support WHO request for the activities to relieve the situation of the affected communities in Haiti,[EDRIS:80059],0.05,0.914997,0.054645,,0.054645,1,0.054645,0,0,0,0,0,0,0,0,0,0,0,0,0.054645,,,
HTI,Haiti,Low income,Latin America & Caribbean,,,2016-10-10,2016-11-18T14:14:00Z,(Haiti) Support to the Canadian Foodgrains Bank to address food needs in response to Hurricane Matthew (D002531),D002531,0.65,1.308,0.496942,,0.496942,1,0.496942,0,0,0,0,0,0,0,0,0,0,0,0,0.496942,,,
HTI,Haiti,Low income,Latin America & Caribbean,,,2016-10-10,2016-11-18T14:17:00Z,"(Haiti) Support to improve water, sanitation and hygiene (WASH), livelihoods and protection for vulnerable persons affected by Hurricane Matthew in Sud department through OXFAM Québec (D004119)",D004119,0.5,1.308,0.382263,,0.382263,1,0.382263,0,0,0,0,0,0,0,0,0,0,0,0,0.382263,,,
HTI,Haiti,Low income,Latin America & Caribbean,,,2016-10-10,2016-11-18T14:19:00Z,"(Haiti) Support to help meet the emergency water, sanitation and hygiene (WASH) needs of vulnerable persons affected by Hurricane Matthew in North West department (D004120)",D004120,0.4,1.308,0.30581,,0.30581,1,0.30581,0,0,0,0,0,0,0,0,0,0,0,0,0.30581,,,
HTI,Haiti,Low income,Latin America & Caribbean,,,2016-10-10,2016-12-12T14:21:00Z,"(Haiti):SDigicel recently launched a text line, so that customers across the Caribbean can make a difference to the people of Haiti. All monetary donations through the text ?DONATE? will directly go to three Haitian charities ? Haven, Paradis des Indiens and Prodev. Digicel Customers in TCI can text ?DONATE? to 5151 for only US$1 and can donate as much as they would like through Haven, Paradis des Indiens and Prodev
 (from Digicel TCI)","",,,0,,0,1,0,0,0,0,0,0,0,0,0,0,0,0,0,0,,,
HTI,Haiti,Low income,Latin America & Caribbean,,,2016-10-10,2017-02-06T16:26:53.663Z,(Haiti) Shelter and Settlements (USAID/OFDA),"",,,0.15,,0.15,1,0.15,0,0,0,0,0,0,0,0,0,0,0,0,0.15,,,
HTI,Haiti,Low income,Latin America & Caribbean,,,2016-10-10,2017-03-17T12:17:54.141Z,"Réponse d’urgence immédiate WASH, EFSL et Protection aux populations les plus affectées par l’ouragan Matthew (WaSH, Sécurité alimentaire et Protection)","",,,0.22771,,0.22771,1,0.22771,0,0,0,0,0,0,0,0,0,0,0,0,0.22771,,,
HTI,Haiti,Low income,Latin America & Caribbean,,,2016-10-11,2016-10-14T10:16:00Z,Haiti: Emergency Assistance for Hurricane  Matthew .,"",,,0.05,,0.05,1,0.05,0,0,0,0,0,0,0,0,0,0,0,0,0.05,,,
HTI,Haiti,Low income,Latin America & Caribbean,,,2016-10-11,2016-10-18T10:03:00Z,(Haiti) To provide effective response to meet immediate humanitarain needs in the wake of Hurricane Matthew in the Caribbean - Communication (300334),"300334, [EDRIS:79780]",0.45,0.769,0.585176,,0.585176,1,0.585176,0,0,0,0,0,0,0,0,0,0,0,0,0.585176,,,
HTI,Haiti,Low income,Latin America & Caribbean,,,2016-10-11,2016-10-18T10:05:00Z,(Haiti) To provide effective response to meet immediate humanitarain needs in the wake of Hurricane Matthew in the Caribbean. Support to special operations (300334),"300334, [EDRIS:79785]",0.02,0.769,0.026008,,0.026008,1,0.026008,0,0,0,0,0,0,0,0,0,0,0,0,0.026008,,,
HTI,Haiti,Low income,Latin America & Caribbean,,,2016-10-11,2016-10-18T10:06:00Z,(Haiti) To provide effective response to meet immediate humanitarain needs in the wake of Hurricane Matthew in the Caribbean.  (300334),"300334, [EDRIS:79779]",0.5,0.769,0.650195,,0.650195,1,0.650195,0,0,0,0,0,0,0,0,0,0,0,0,0.650195,,,
HTI,Haiti,Low income,Latin America & Caribbean,,,2016-10-11,2016-10-19T10:35:00Z,(Haiti) To provide effective response to meet immediate humanitarain needs in the wake of Hurricane Matthew in the Caribbean. Support to special operations(300334),"300334, [EDRIS:79781]",0.033528,0.769,0.043599,,0.043599,1,0.043599,0,0,0,0,0,0,0,0,0,0,0,0,0.043599,,,
HTI,Haiti,Low income,Latin America & Caribbean,,,2016-10-12,2017-06-16T09:12:58.425Z,(Haiti) Emergency Plan of Action Haiti: Hurricane Matthew (ECHO/DRF/BUD/2016/91018),"ECHO/DRF/BUD/2016/91018, [EDRIS:-40156]",0.255,0.892,0.285874,,0.285874,1,0.285874,0,0,0,0,0,0,0,0,0,0,0,0,0.285874,,,
HTI,Haiti,Low income,Latin America & Caribbean,,,2016-10-12,2016-10-12T16:01:00Z,(Haiti) Humanitarian assistance (FE 2016/47),FE 2016/47,0.05,0.97,0.051546,,0.051546,1,0.051546,0,0,0,0,0,0,0,0,0,0,0,0,0.051546,,,
HTI,Haiti,Low income,Latin America & Caribbean,,,2016-10-12,2016-10-14T18:28:00Z,(Haiti) Food assistance - PRRO 200618 (FE 2016/47),FE 2016/47,0.05,0.97,0.051546,,0.051546,1,0.051546,0,0,0,0,0,0,0,0,0,0,0,0,0.051546,,,
HTI,Haiti,Low income,Latin America & Caribbean,,,2016-10-12,2016-12-05T17:27:00Z,Haiti / WASH and Shelter through SHA.,"",1.7,0.97,1.752577,,1.752577,1,1.752577,0,0,0,0,0,0,0,0,0,0,0,0,1.752577,,,
HTI,Haiti,Low income,Latin America & Caribbean,,,2016-10-12,2016-11-21T17:38:00Z,Haiti :Emergency Food and Nutrition Assistance To People Affected In Haiti By Hurricane Matthew (7F-06817.40),7F-06817.40,0.5,0.97,0.515464,,0.515464,1,0.515464,0,0,0,0,0,0,0,0,0,0,0,0,0.515464,,,
HTI,Haiti,Low income,Latin America & Caribbean,,,2016-10-12,2016-10-17T09:29:00Z,"In lieu of the hurricane Matthew, Save the Children are working on securing Health measures; WASH; child  protection; education; and distribution of NFIs as well as securing food and other life necessities.  (2015-49756)","2015-49756, [EDRIS:79741]",0.78,6.645,0.117381,,0.117381,1,0.117381,0,0,0,0,0,0,0,0,0,0,0,0,0.117381,,,
HTI,Haiti,Low income,Latin America & Caribbean,,,2016-10-12,2016-10-19T10:21:00Z,"Haiti: In kind - to provide emergency relief goods(tents, plastic sheets, water sanitizer etc.)","",25,101.5901,0.246087,,0.246087,1,0.246087,0,0,0,0,0,0,0,0,0,0,0,0,0.246087,,,
HTI,Haiti,Low income,Latin America & Caribbean,,,2016-10-12,2016-11-21T17:40:00Z,Haiti : Shelter (7F-09711.01),7F-09711.01,0.3,0.97,0.309278,,0.309278,1,0.309278,0,0,0,0,0,0,0,0,0,0,0,0,0.309278,,,
HTI,Haiti,Low income,Latin America & Caribbean,,,2016-10-12,2016-10-18T16:55:00Z,"Haiti : In kind - 20 employés haïtiens et suisses de la Coopération Suisse (DDC) est actuellement basée à Port-Salut pour soutenir, orienter ou mettre en œuvre ces interventions","",,,0,,0,1,0,0,0,0,0,0,0,0,0,0,0,0,0,0,,,
HTI,Haiti,Low income,Latin America & Caribbean,,,2016-10-12,2016-10-18T09:55:00Z,(Haiti) To provide effective response to meet immediate humanitarain needs in the wake of Hurricane Matthew in the Caribbean.  (300334),"300334, [EDRIS:79784]",0.7,0.769,0.910273,,0.910273,1,0.910273,0,0,0,0,0,0,0,0,0,0,0,0,0.910273,,,
HTI,Haiti,Low income,Latin America & Caribbean,,,2016-10-12,2016-12-15T18:02:00Z,To provide effective response to meet immediate humanitarain needs in the wake of Hurricane Matthew in the Caribbean. (300334) (SM160537),"300334, [EDRIS:79782]",3,0.793548,3.780488,,3.780488,1,3.780488,0,0,0,0,0,0,0,0,0,0,0,0,3.780488,,,
HTI,Haiti,Low income,Latin America & Caribbean,,,2016-10-12,2016-11-04T17:27:00Z,(Haiti) Three (3) Emergency operations support personnel deployed to Haiti in the COST,"",,,0,,0,1,0,0,0,0,0,0,0,0,0,0,0,0,0,0,,,
HTI,Haiti,Low income,Latin America & Caribbean,,,2016-10-12,2016-11-02T16:52:00Z,"in kind - delivered the largest emergency medical aid airlift to Haiti since Hurricane Matthew struck last week. The 757 plane, donated by FedEx, contained 16.7 tons of medicine and medical supplies which will be distributed to hospitals throughout the country to care for people who have been affected by the storm and continue to face barriers to health services.","",,,0,,0,1,0,0,0,0,0,0,0,0,0,0,0,0,0,0,,,
HTI,Haiti,Low income,Latin America & Caribbean,,,2016-10-12,2016-11-07T11:10:00Z,"(Haiti) European Emergency Response Capacity triggered to deploy two water purification modules (able to purify 250,000litres of water per day)","",,,0,,0,1,0,0,0,0,0,0,0,0,0,0,0,0,0,0,,,
HTI,Haiti,Low income,Latin America & Caribbean,,,2016-10-12,2016-11-04T17:24:00Z,(Haiti) Emergency Operations personnel deployed to Haiti (2),"",,,0,,0,1,0,0,0,0,0,0,0,0,0,0,0,0,0,0,,,
HTI,Haiti,Low income,Latin America & Caribbean,,,2016-10-12,2016-11-07T11:14:00Z,(Haiti) 3 staff members deployed to Haiti (Department of National Defense),"",,,0,,0,1,0,0,0,0,0,0,0,0,0,0,0,0,0,0,,,
HTI,Haiti,Low income,Latin America & Caribbean,,,2016-10-12,2016-12-01T15:25:00Z,"(Haiti) in kind - The first of two FedEx Boeing 757 charter flights landed in Haiti, carrying roughly 35,000 pounds of medicine and medical supplies from the humanitarian aid organization Direct Relief: second FedEx charter flight, additional relief supplies from Heart to Heart International and International Medical Corps. (largest emergency medical aid airlift to Haiti)","",,,0,,0,1,0,0,0,0,0,0,0,0,0,0,0,0,0,0,,,
HTI,Haiti,Low income,Latin America & Caribbean,,,2016-10-12,2016-12-15T18:24:00Z,Thematic 8- Cross Sectoral - Haiti - Hurricane (SM1499101262),SM1499101262,,,0.553609,,0.553609,1,0.553609,0,0,0,0,0,0,0,0,0,0,0,0,0.553609,,,
HTI,Haiti,Low income,Latin America & Caribbean,,,2016-10-12,2017-05-15T14:04:27.083Z,To provide effective response to meet immediate humanitarain needs in the wake of Hurricane Matthew in the Caribbean. (300334) (SM160537),"300334, [EDRIS:79782]",1,0.911111,1.097561,,1.097561,1,1.097561,0,0,0,0,0,0,0,0,0,0,0,0,1.097561,,,
HTI,Haiti,Low income,Latin America & Caribbean,,,2016-10-12,2017-11-21T00:38:24.214Z,Logistics and Telecommunications Augmentation and Coordination in Response to the Hurricane Matthew in Haiti (SO 201033),"",,,0.009168,,0.009168,1,0.009168,0,0,0,0,0,0,0,0,0,0,0,0,0.009168,,,
HTI,Haiti,Low income,Latin America & Caribbean,,,2016-10-13,2016-11-16T11:23:00Z,"(Haiti) ( Local and Regional In-Kind Food Assistance, Logistics Support, RUSF, and Title II In-Kind Food Assistance) (USAID/FFP)","",,,19.22667,,19.22667,1,19.22667,0,0,0,0,0,0,0,0,0,0,0,0,19.22667,,,
HTI,Haiti,Low income,Latin America & Caribbean,,,2016-10-13,2017-11-21T00:38:24.214Z,(Haiti) Airlifted Relief Commodities (USAID/OFDA),"",,,5.045714,,5.045714,1,5.045714,0,0,0,0,0,0,0,0,0,0,0,0,5.045714,,,
HTI,Haiti,Low income,Latin America & Caribbean,,,2016-10-13,2016-10-24T16:30:00Z,(Haiti) To support a team of volunteers providing direct relief to Haitians impacted by the storm,"",,,0.025,,0.025,1,0.025,0,0,0,0,0,0,0,0,0,0,0,0,0.025,,,
HTI,Haiti,Low income,Latin America & Caribbean,,,2016-10-13,2016-11-22T16:42:00Z,"(Region) To help the families and communities affected by Hurricane Matthew. Support will be directed toward emergency services, such as water purification, food, shelter, hygiene and sanitation.","",,,0.025,,0.025,1,0.025,0,0,0,0,0,0,0,0,0,0,0,0,0.025,,,
HTI,Haiti,Low income,Latin America & Caribbean,,,2016-10-13,2016-11-16T10:24:00Z,"(Haiti) Setting Inter-Agency On-Site Operations Coordinations Center, through OCHA",[EDRIS:79919],2,8.584,0.232992,,0.232992,1,0.232992,0,0,0,0,0,0,0,0,0,0,0,0,0.232992,,,
HTI,Haiti,Low income,Latin America & Caribbean,,,2016-10-13,2016-11-16T10:22:00Z,(Haiti) Enable the IFRC to support the Haitian Red Cross Society to assist during the Emergency Phase,[EDRIS:79924],4,8.584,0.465983,,0.465983,1,0.465983,0,0,0,0,0,0,0,0,0,0,0,0,0.465983,,,
HTI,Haiti,Low income,Latin America & Caribbean,,,2016-10-13,2016-11-16T10:23:00Z,WASH Focused Emergency Response,[EDRIS:79921],2,8.584,0.232992,,0.232992,1,0.232992,0,0,0,0,0,0,0,0,0,0,0,0,0.232992,,,
HTI,Haiti,Low income,Latin America & Caribbean,,,2016-10-13,2016-11-16T10:24:00Z,(Haiti) Response to hurricane; Hygiene kits and Child Protection,[EDRIS:79920],3.674839,8.584,0.428103,,0.428103,1,0.428103,0,0,0,0,0,0,0,0,0,0,0,0,0.428103,,,
HTI,Haiti,Low income,Latin America & Caribbean,,,2016-10-13,2016-12-01T15:57:00Z,(Haiti) Emergency Food and Nutrition Assistance To People Affected In Haiti By Hurricane Matthew,"",,,0.1,,0.1,1,0.1,0,0,0,0,0,0,0,0,0,0,0,0,0.1,,,
HTI,Haiti,Low income,Latin America & Caribbean,,,2016-10-13,2017-11-21T00:38:14.207Z,Logistics Support and Relief Commodities through Distribution By Air (USAID/OFDA),"",,,0.076986,,0.076986,1,0.076986,0,0,0,0,0,0,0,0,0,0,0,0,0.076986,,,
HTI,Haiti,Low income,Latin America & Caribbean,,,2016-10-13,2017-11-21T00:38:14.207Z,Logistics Support and Relief Commodities through IMRES (USAID/OFDA),"",,,0.0975,,0.0975,1,0.0975,0,0,0,0,0,0,0,0,0,0,0,0,0.0975,,,
HTI,Haiti,Low income,Latin America & Caribbean,,,2016-10-14,2016-10-19T10:32:00Z,(Haiti) To save lives and alleviate suffering (CON ERFS 2016),"CON ERFS 2016, [EDRIS:79819]",0.131264,0.892,0.147157,,0.147157,1,0.147157,0,0,0,0,0,0,0,0,0,0,0,0,0.147157,,,
HTI,Haiti,Low income,Latin America & Caribbean,,,2016-10-14,2016-10-19T10:55:00Z,"(Haiti) cargo plane with 6.500 kilos of emergency supplies including kits for personal hygiene, blankets and elements (pills) for purifying more than 18 million of liters of water (to cover water needs of a population of 102.000 people for two months). cargo plane with 6.500 kilos of emergency supplies including kits for personal hygiene, blankets and elements (pills) for purifying more than 18 million of liters of water (to cover water needs of a p,6500 kgs  (Air)","",,,0.060972,,0.060972,1,0.060972,0,0,0,0,0,0,0,0,0,0,0,0,0.060972,,,
HTI,Haiti,Low income,Latin America & Caribbean,,,2016-10-14,2016-10-24T16:20:00Z,(Haiti)  to support relief effort in Haiti through CARE and Team Rubicon Global,"",,,0.5,,0.5,1,0.5,0,0,0,0,0,0,0,0,0,0,0,0,0.5,,,
HTI,Haiti,Low income,Latin America & Caribbean,,,2016-10-14,2016-10-24T10:36:00Z,"(Haiti) : 120 field tents in PVC and aluminum measuring 24,75 square meters (4,5m x 5,5m) to Haiti from National Secretariat for Civil Defense - Brazil","",,,0.323866,,0.323866,1,0.323866,0,0,0,0,0,0,0,0,0,0,0,0,0.323866,,,
HTI,Haiti,Low income,Latin America & Caribbean,,,2016-10-14,2016-11-16T09:57:00Z,Airlift from the UN Humanitarian Response Depot in Panama of 8.845 metric tonnes of Irish Aid's stockpiled emergency relief items and distribution by Concern Worldwide to Hurricane affected communities (UNHRD 2016),"UNHRD 2016, [EDRIS:80341]",0.050312,0.892,0.056404,,0.056404,1,0.056404,0,0,0,0,0,0,0,0,0,0,0,0,0.056404,,,
HTI,Haiti,Low income,Latin America & Caribbean,,,2016-10-14,2016-12-01T14:52:00Z,"(Haiti) in kind - Donations include: funding to American Red Cross and to the World Food Programme for emergency food in Haiti. (from C&S Wholesale Grocers, Inc.)","",,,0,,0,1,0,0,0,0,0,0,0,0,0,0,0,0,0,0,,,
HTI,Haiti,Low income,Latin America & Caribbean,,,2016-10-15,2016-11-22T16:02:00Z,(Haiti) To provide effective response to meet immediate humanitarain needs in the wake of Hurricane Matthew in the Caribbean.  (300334),"300334, [EDRIS:79783]",0.2,0.769,0.260078,,0.260078,1,0.260078,0,0,0,0,0,0,0,0,0,0,0,0,0.260078,,,
HTI,Haiti,Low income,Latin America & Caribbean,,,2016-10-15,2016-11-07T10:01:00Z,(Haiti) Emergency operations support personnel deployed to Haiti in the COST,"",,,0,,0,1,0,0,0,0,0,0,0,0,0,0,0,0,0,0,,,
HTI,Haiti,Low income,Latin America & Caribbean,,,2016-10-15,2017-02-21T14:29:15.213Z,Hurricane Matthew Emergency Response and Recovery Project  (300334),"",1.35,0.769,1.755527,,1.755527,1,1.755527,0,0,0,0,0,0,0,0,0,0,0,0,1.755527,,,
HTI,Haiti,Low income,Latin America & Caribbean,,,2016-10-17,2016-10-19T10:34:00Z,(Haiti) To provide effective response to meet immediate humanitarain needs in the wake of Hurricane Matthew in the Caribbean.  (300334),"300334, [EDRIS:79808]",0.14,0.769,0.182055,,0.182055,1,0.182055,0,0,0,0,0,0,0,0,0,0,0,0,0.182055,,,
HTI,Haiti,Low income,Latin America & Caribbean,,,2016-10-17,2017-11-21T00:38:14.207Z,(Haiti) Logistics Support (USAID/DOD),"",,,11.007032,,11.007032,1,11.007032,0,0,0,0,0,0,0,0,0,0,0,0,11.007032,,,
HTI,Haiti,Low income,Latin America & Caribbean,,,2016-10-17,2016-12-15T18:06:00Z,Haiti: Humanitarian Appeal for Hurricane Matthew 2016 (SM160490),[EDRIS:80001],10,8.826001,1.133016,,1.133016,1,1.133016,0,0,0,0,0,0,0,0,0,0,0,0,1.133016,,,
HTI,Haiti,Low income,Latin America & Caribbean,,,2016-10-17,2016-12-01T15:09:00Z,(Haiti) to support basic health care for survivors. Americares will use the funds to provide intravenous fluids to treat cholera and medical supplies to treat storm-related injuries in Haiti (from Enterprise Holdings Foundation),"",,,0.1,,0.1,1,0.1,0,0,0,0,0,0,0,0,0,0,0,0,0.1,,,
HTI,Haiti,Low income,Latin America & Caribbean,,,2016-10-18,2016-12-15T18:16:00Z,Thematic 8- Cross Sectoral - Haiti - Hurricane (SM1499101264),SM1499101264,,,0.876488,,0.876488,1,0.876488,0,0,0,0,0,0,0,0,0,0,0,0,0.876488,,,
HTI,Haiti,Low income,Latin America & Caribbean,,,2016-10-18,2017-12-12T15:08:29.696Z,Logistics Support and Relief Commodities  (USAID/OFDA),00015MO001024,,,0.123419,,0.123419,1,0.123419,0,0,0,0,0,0,0,0,0,0,0,0,0.123419,,,
HTI,Haiti,Low income,Latin America & Caribbean,,,2016-10-18,2017-11-21T00:38:24.214Z,Logistics and Telecommunications Augmentation and Coordination in Response to the Hurricane Matthew in Haiti (SO 201033),"",,,0.012928,,0.012928,1,0.012928,0,0,0,0,0,0,0,0,0,0,0,0,0.012928,,,
HTI,Haiti,Low income,Latin America & Caribbean,,,2016-10-19,2016-10-20T09:45:00Z,(Haiti) Cash Transfer Project to Support Victims of Hurricane Matthew on La Gonave Island,"",0.025,0.769,0.03251,,0.03251,1,0.03251,0,0,0,0,0,0,0,0,0,0,0,0,0.03251,,,
HTI,Haiti,Low income,Latin America & Caribbean,,,2016-10-19,2017-11-21T00:37:59.635Z,Emergency agricultural assistance to family farmers affected by Hurricane Matthew in the South and Grande Anse Departments.,16-RR-FAO-027:Agriculture,,,0.876097,,0.876097,1,0.876097,0,0,0,0,0,0,0,0,0,0,0,0,0.876097,,,
HTI,Haiti,Low income,Latin America & Caribbean,,,2016-10-19,2016-12-15T17:03:00Z,Management of severe acute malnutrition in children under five living in hurricane affected areas (SM160489),16-RR-CEF-119:Health,,,0.510754,,0.510754,1,0.510754,0,0,0,0,0,0,0,0,0,0,0,0,0.510754,,,
HTI,Haiti,Low income,Latin America & Caribbean,,,2016-10-19,2017-04-06T07:44:42.424Z,Health Response to Hurricane Matthew: Restoring health delivery capacity and reducing risks of cholera outbreaks (SM160491),16-RR-CEF-120,,,0.252417,,0.252417,1,0.252417,0,0,0,0,0,0,0,0,0,0,0,0,0.252417,,,
HTI,Haiti,Low income,Latin America & Caribbean,,,2016-10-19,2017-03-27T11:29:10.965Z,Emergency Response,"",10,9.049,1.105094,,1.105094,1,1.105094,0,0,0,0,0,0,0,0,0,0,0,0,1.105094,,,
HTI,Haiti,Low income,Latin America & Caribbean,,,2016-10-19,2016-12-16T11:04:00Z,Support for the activities to relieve the situation of the affected communities in Haiti. Estonian IHP experts in Jeremie.,[EDRIS:81178],0.04855,0.892,0.054428,,0.054428,1,0.054428,0,0,0,0,0,0,0,0,0,0,0,0,0.054428,,,
HTI,Haiti,Low income,Latin America & Caribbean,,,2016-10-20,2016-11-11T17:40:00Z,(Haiti) Health Response to Hurricane Matthew: Restoring health delivery capacity and reducing risks of cholera outbreaks,16-RR-WHO-045:Health,,,0.685292,,0.685292,1,0.685292,0,0,0,0,0,0,0,0,0,0,0,0,0.685292,,,
HTI,Haiti,Low income,Latin America & Caribbean,,,2016-10-20,2016-11-09T11:52:00Z,Health Response to Hurricane Matthew: Restoring health delivery capacity and reducing risks of cholera outbreaks,16-RR-FPA-047:Health,,,0.371397,,0.371397,1,0.371397,0,0,0,0,0,0,0,0,0,0,0,0,0.371397,,,
HTI,Haiti,Low income,Latin America & Caribbean,,,2016-10-20,2016-12-15T16:55:00Z,Haiti: Humanitarian relief work for WASH for Hurricane Matthew Flash Appeal (SM160495),SM160495,1.5,1.323999,1.132931,,1.132931,1,1.132931,0,0,0,0,0,0,0,0,0,0,0,0,1.132931,,,
HTI,Haiti,Low income,Latin America & Caribbean,,,2016-10-20,2016-11-18T10:41:00Z,Haiti - OCHA Office (OCT 5351),OCT 5351];[MFA/AM/00202/2016],,,0.05,,0.05,1,0.05,0,0,0,0,0,0,0,0,0,0,0,0,0.05,,,
HTI,Haiti,Low income,Latin America & Caribbean,,,2016-10-20,2016-11-18T10:19:00Z,Providing shelter services to affected Haitians,"",1,1.303,0.76746,,0.76746,1,0.76746,0,0,0,0,0,0,0,0,0,0,0,0,0.76746,,,
HTI,Haiti,Low income,Latin America & Caribbean,,,2016-10-20,2016-11-03T10:11:00Z,To save lives and alleviate suffering (PLAN ERFS 2016),"PLAN ERFS 2016, [EDRIS:80079]",0.060055,0.892,0.067326,,0.067326,1,0.067326,0,0,0,0,0,0,0,0,0,0,0,0,0.067326,,,
HTI,Haiti,Low income,Latin America & Caribbean,,,2016-10-20,2016-12-01T15:34:00Z,"(Haiti)  to provide shelter and hunger relief for children and families in Haiti following Hurricane Matthew [through SOS Children's Villages USA, Partners in Health] (from Hasbro Children's Fund)","",,,0.1,,0.1,1,0.1,0,0,0,0,0,0,0,0,0,0,0,0,0.1,,,
HTI,Haiti,Low income,Latin America & Caribbean,,,2016-10-20,2017-11-21T00:38:14.207Z,"Logistics Support and Relief Commodities through Air Charter Services
(USAID/OFDA)","",,,0.174999,,0.174999,1,0.174999,0,0,0,0,0,0,0,0,0,0,0,0,0.174999,,,
HTI,Haiti,Low income,Latin America & Caribbean,,,2016-10-21,2016-12-21T12:38:00Z,Haiti - OCHA Office  (OCT 5356),[OCT 5356];[5032],0.05,0.905994,0.055188,,0.055188,1,0.055188,0,0,0,0,0,0,0,0,0,0,0,0,0.055188,,,
HTI,Haiti,Low income,Latin America & Caribbean,,,2016-10-21,2017-02-08T12:14:50.297Z,"(Haiti) Humanitarian Coordination and Information Management, Logistics Support and Relief Commodities, WASH (USAID/OFDA)","",,,3.5106,,3.5106,1,3.5106,0,0,0,0,0,0,0,0,0,0,0,0,3.5106,,,
HTI,Haiti,Low income,Latin America & Caribbean,,,2016-10-21,2017-03-27T09:48:58.089Z,(Haiti) Emergency relief and recovery support in the wake of Hurricane Matthew (USAID/OFDA),"",,,0.15,,0.15,1,0.15,0,0,0,0,0,0,0,0,0,0,0,0,0.15,,,
HTI,Haiti,Low income,Latin America & Caribbean,,,2016-10-21,2017-03-27T09:51:35.059Z,"(Haiti) Health, Nutrition, Protection, WASH (USAID/OFDA)","",,,1.5,,1.5,1,1.5,0,0,0,0,0,0,0,0,0,0,0,0,1.5,,,
HTI,Haiti,Low income,Latin America & Caribbean,,,2016-10-21,2017-03-27T09:14:17.964Z,Shelter and Settlements (USAID/OFDA),"",,,2.024666,,2.024666,1,2.024666,0,0,0,0,0,0,0,0,0,0,0,0,2.024666,,,
HTI,Haiti,Low income,Latin America & Caribbean,,,2016-10-21,2016-10-27T10:57:00Z,Support to address the immediate health needs in heavily affected areas of Sud and Grand Anse (D004096),D004096,0.6,1.308,0.458716,,0.458716,1,0.458716,0,0,0,0,0,0,0,0,0,0,0,0,0.458716,,,
HTI,Haiti,Low income,Latin America & Caribbean,,,2016-10-21,2016-10-27T11:00:00Z,"(Haiti) Support to assist hurricane-affected people to resume their economic activities and restore their livelihoods, including by supporting the early recovery of the agricultural sector in the heavily affected Grande Anse and Sud regions. (D004115)",D004115,0.5,1.308,0.382263,,0.382263,1,0.382263,0,0,0,0,0,0,0,0,0,0,0,0,0.382263,,,
HTI,Haiti,Low income,Latin America & Caribbean,,,2016-10-24,2016-10-25T10:07:00Z,Emergency Registration and expanded NFI management capacities for Hurricane Matthew affected populations,16-RR-IOM-037:Multi Sector,,,1.179996,,1.179996,1,1.179996,0,0,0,0,0,0,0,0,0,0,0,0,1.179996,,,
HTI,Haiti,Low income,Latin America & Caribbean,,,2016-10-24,2016-10-25T10:08:00Z,Ensuring Equal Access and Participation of women and girls to life saving protection and humanitarian assistance in post-Hurricane Matthew Haiti,16-RR-WOM-008:Protection/Human Rights/Rule of Law,,,0.207952,,0.207952,1,0.207952,0,0,0,0,0,0,0,0,0,0,0,0,0.207952,,,
HTI,Haiti,Low income,Latin America & Caribbean,,,2016-10-24,2016-11-16T10:28:00Z,(Haiti) Experts for EUCP team Bravo,[EDRIS:79978],0.13,8.584258,0.015144,,0.015144,1,0.015144,0,0,0,0,0,0,0,0,0,0,0,0,0.015144,,,
HTI,Haiti,Low income,Latin America & Caribbean,,,2016-10-24,2017-02-01T09:21:37.256Z,Emergency Food and Nutrition Assistance To People Affected In Haiti By Hurricane Matthew,"",0.01,0.915,0.010929,,0.010929,1,0.010929,0,0,0,0,0,0,0,0,0,0,0,0,0.010929,,,
HTI,Haiti,Low income,Latin America & Caribbean,,,2016-10-25,2016-10-26T11:01:00Z,Provide emergency assistance through general food distribution in southern Haiti,16-RR-WFP-067:Food,,,1.76787,,1.76787,1,1.76787,0,0,0,0,0,0,0,0,0,0,0,0,1.76787,,,
HTI,Haiti,Low income,Latin America & Caribbean,,,2016-10-25,2016-11-16T09:55:00Z,Airlift from the UN Humanitarian Response Depot in Panama of 33.519 metric tonnes of Irish Aid's stockpiled emergency relief items and distribution by Plan International to Hurricane affected communities (UNHRD 2016),"UNHRD 2016, [EDRIS:80340]",0.260634,0.892,0.292191,,0.292191,1,0.292191,0,0,0,0,0,0,0,0,0,0,0,0,0.292191,,,
HTI,Haiti,Low income,Latin America & Caribbean,,,2016-10-25,2017-03-17T12:41:26.005Z,Haiti Hurricane Matthew response - food security (Innocent Foundation),"",,,0.037773,,0.037773,1,0.037773,0,0,0,0,0,0,0,0,0,0,0,0,0.037773,,,
HTI,Haiti,Low income,Latin America & Caribbean,,,2016-10-26,2016-11-03T10:17:00Z,To save lives and alleviate suffering (CAID 16-05 Haiti),"CAID 16-05 Haiti, [EDRIS:80083]",0.34,0.892,0.381166,,0.381166,1,0.381166,0,0,0,0,0,0,0,0,0,0,0,0,0.381166,,,
HTI,Haiti,Low income,Latin America & Caribbean,,,2016-10-26,2017-03-17T13:41:36.055Z,To save lives and alleviate suffering - WASH emergency response for displaced persons and affected communities after hurricane Matthew WASH réponse d’urgence aux persones déplacés et les communautés affecte par le passage d’Ouragan Matthew (OXF 16-05 Haiti),"",0.3,0.8783,0.341564,,0.341564,1,0.341564,0,0,0,0,0,0,0,0,0,0,0,0,0.341564,,,
HTI,Haiti,Low income,Latin America & Caribbean,,,2016-10-26,2016-11-03T10:22:00Z,To save lives and alleviate suffering (HAVEN 16-01 Haiti),"HAVEN 16-01 Haiti, [EDRIS:80089]",0.125,0.892,0.140135,,0.140135,1,0.140135,0,0,0,0,0,0,0,0,0,0,0,0,0.140135,,,
HTI,Haiti,Low income,Latin America & Caribbean,,,2016-10-26,2016-11-03T10:24:00Z,To save lives and alleviate suffering (CON 16-09 Haiti),"CON 16-09 Haiti, [EDRIS:80090]",0.3,0.892,0.336323,,0.336323,1,0.336323,0,0,0,0,0,0,0,0,0,0,0,0,0.336323,,,
HTI,Haiti,Low income,Latin America & Caribbean,,,2016-10-26,2016-11-04T15:48:00Z,To save lives and alleviate suffering (PLAN 16-06 HAITI),"PLAN 16-06 HAITI, [EDRIS:80098]",0.31,0.892,0.347534,,0.347534,1,0.347534,0,0,0,0,0,0,0,0,0,0,0,0,0.347534,,,
HTI,Haiti,Low income,Latin America & Caribbean,,,2016-10-26,2016-12-12T09:51:00Z,Productive and human capacities and livelihoods opportunities restored for resilient economic recovery of affected communities.(00099905),00099905,,,0.5,,0.5,1,0.5,0,0,0,0,0,0,0,0,0,0,0,0,0.5,,,
HTI,Haiti,Low income,Latin America & Caribbean,,,2016-10-26,2017-01-31T16:30:05.988Z,Productive and human capacities and livelihoods opportunities restored for resilient economic recovery of affected communities in Dame Marie and Anse d’Hainault (00099905),00099905,,,0.5,,0.5,1,0.5,0,0,0,0,0,0,0,0,0,0,0,0,0.5,,,
HTI,Haiti,Low income,Latin America & Caribbean,,,2016-10-27,2016-12-15T17:51:00Z,"Emergency water, hygiene and sanitation assistance to hurricane affected people (SM160507)",16-RR-CEF-118:Water and Sanitation,,,0.986754,,0.986754,1,0.986754,0,0,0,0,0,0,0,0,0,0,0,0,0.986754,,,
HTI,Haiti,Low income,Latin America & Caribbean,,,2016-10-27,2016-11-04T15:50:00Z,To save lives and alleviate suffering (ActionAid 16-01 Haiti),"ActionAid 16-01 Haiti, [EDRIS:80100]",0.125,0.892,0.140135,,0.140135,1,0.140135,0,0,0,0,0,0,0,0,0,0,0,0,0.140135,,,
HTI,Haiti,Low income,Latin America & Caribbean,,,2016-10-27,2016-12-01T15:27:00Z,(Haiti) in kind - food and water kits (from Gildan Activewear),"",,,0,,0,1,0,0,0,0,0,0,0,0,0,0,0,0,0,0,,,
HTI,Haiti,Low income,Latin America & Caribbean,,,2016-10-27,2016-12-01T15:31:00Z,"(Haiti)  to assist with the relief efforts in Haiti following Hurricane Matthew [through UNICEF, Americares]  (from Gildan Activewear)","",,,0.05,,0.05,1,0.05,0,0,0,0,0,0,0,0,0,0,0,0,0.05,,,
HTI,Haiti,Low income,Latin America & Caribbean,,,2016-10-27,2016-12-15T18:19:00Z,Haiti: Humanitarian Appeal for Hurricane Matthew 2016 (SM1499101273),SM1499101273,1.562963,103.7617,0.015063,,0.015063,1,0.015063,0,0,0,0,0,0,0,0,0,0,0,0,0.015063,,,
HTI,Haiti,Low income,Latin America & Caribbean,,,2016-10-28,2016-12-20T17:32:00Z,"(Haiti) Maersk has approved shipments of 23 containers filled with shelter tool kits, plastic buckets, vehicles, rice, family kits and other relief items on behalf of the International Federation of Red Cross (IFRC) and the WFP. This offer is extended to the whole humanitarian community involved in the Haiti response, and the Maersk Group, which allocated USD 125,000 in international shipping support, is receiving further requests from various NGOs. Additionally, Maersk has donated a refrigerated container for medical supply storage in Haiti, while Damco has provided forklifts, operators and other services for local operations to run more efficiently. (Maersk Group)","",,,0.125,,0.125,1,0.125,0,0,0,0,0,0,0,0,0,0,0,0,0.125,,,
HTI,Haiti,Low income,Latin America & Caribbean,,,2016-10-28,2017-11-21T00:38:14.207Z,Logistics Support and Relief Commodities (USAID/OFDA),"",,,0.0499,,0.0499,1,0.0499,0,0,0,0,0,0,0,0,0,0,0,0,0.0499,,,
HTI,Haiti,Low income,Latin America & Caribbean,,,2016-10-31,2016-12-16T15:59:00Z,Thematic 8- Cross Sectoral - Haiti - Hurricane Matthew (SM1499101277),SM1499101277,,,0.128302,,0.128302,1,0.128302,0,0,0,0,0,0,0,0,0,0,0,0,0.128302,,,
HTI,Haiti,Low income,Latin America & Caribbean,,,2016-10-31,2016-12-15T18:18:00Z,Haiti: Humanitarian Appeal for Hurricane Matthew 2016 (SM1499101276),SM1499101276,0.3,0.906,0.331126,,0.331126,1,0.331126,0,0,0,0,0,0,0,0,0,0,0,0,0.331126,,,
HTI,Haiti,Low income,Latin America & Caribbean,,,2016-11-01,2017-11-21T00:37:59.635Z,Protect and rehabilitate livestock and fishery livelihoods affected by hurricane Matthew in Grande Anse and Sud departments to reestablish their Food Security,OSRO/HAI/606/BEL,,,0.5,,0.5,1,0,0.5,0,0,0,0,0,0,0,0,0,0,0,0.5,,,
HTI,Haiti,Low income,Latin America & Caribbean,,,2016-11-01,2016-11-16T10:27:00Z,Child Protection Project,[EDRIS:80281],2,9.049,0.221019,,0.221019,1,0,0.221019,0,0,0,0,0,0,0,0,0,0,0,0.221019,,,
HTI,Haiti,Low income,Latin America & Caribbean,,,2016-11-01,2017-11-21T00:38:24.214Z,WFP Special Operation 201033: Logistics and Telecommunications Augmentation and Coordination in Response to the Hurricane Matthew in Haiti(7F-06817.41),7F-06817.41,0.7,0.993,0.704935,,0.704935,1,0,0.704935,0,0,0,0,0,0,0,0,0,0,0,0.704935,,,
HTI,Haiti,Low income,Latin America & Caribbean,,,2016-11-01,2016-12-15T18:22:00Z,Haiti: Emergency Response after the Hurricane Matthew in Haiti (HTI-16/0003) (SM160515),SM160515,7,8.284004,0.845002,,0.845002,1,0,0.845002,0,0,0,0,0,0,0,0,0,0,0,0.845002,,,
HTI,Haiti,Low income,Latin America & Caribbean,,,2016-11-01,2017-02-07T10:16:40.875Z,Logistics Support and Relief Commodities  (USAID/OFDA),"",,,1.658,,1.658,1,0,1.658,0,0,0,0,0,0,0,0,0,0,0,1.658,,,
HTI,Haiti,Low income,Latin America & Caribbean,,,2016-11-03,2016-11-04T16:23:00Z,(Haiti) Humanitarian aid,"",0.01,0.915,0.010929,,0.010929,1,0,0.010929,0,0,0,0,0,0,0,0,0,0,0,0.010929,,,
HTI,Haiti,Low income,Latin America & Caribbean,,,2016-11-03,2017-03-27T10:39:52.824Z,(Haiti) Health throughPan American Health Organization (USAID/OFDA),"",,,0.3,,0.3,1,0,0.3,0,0,0,0,0,0,0,0,0,0,0,0.3,,,
HTI,Haiti,Low income,Latin America & Caribbean,,,2016-11-03,2016-12-16T16:44:00Z,Thematic 8- Cross Sectoral - Haiti- Hurricane (SM1499101257),SM1499101257,,,0.489702,,0.489702,1,0,0.489702,0,0,0,0,0,0,0,0,0,0,0,0.489702,,,
HTI,Haiti,Low income,Latin America & Caribbean,,,2016-11-04,2016-11-16T10:28:00Z,Humanitarian Emergency Response,[EDRIS:80301],3.21,9.049,0.354735,,0.354735,1,0,0.354735,0,0,0,0,0,0,0,0,0,0,0,0.354735,,,
HTI,Haiti,Low income,Latin America & Caribbean,,,2016-11-04,2017-01-31T17:15:04.935Z,"Distribution of relief items for hurricane matthew affected people
 through Plan International Japan","",45.09295,105.22,0.428559,,0.428559,1,0,0.428559,0,0,0,0,0,0,0,0,0,0,0,0.428559,,,
HTI,Haiti,Low income,Latin America & Caribbean,,,2016-11-05,2016-12-01T16:42:00Z,(Haiti) WASH Assistance to Hurricane Matthew -Affected Populations in Haiti,"",,,0.025,,0.025,1,0,0.025,0,0,0,0,0,0,0,0,0,0,0,0.025,,,
HTI,Haiti,Low income,Latin America & Caribbean,,,2016-11-05,2016-12-01T16:50:00Z,"(Haiti) in kind - 6 Aquaforce 500 mobile water treatment stations and storage equipment, essential for treating drinking water and fighting the spread of cholera; technical support; 2 tonnes of equipment (from Veolia Foundation
States)","",,,0,,0,1,0,0,0,0,0,0,0,0,0,0,0,0,0,0,,,
HTI,Haiti,Low income,Latin America & Caribbean,,,2016-11-08,2016-11-16T10:00:00Z,"Emergency assistance for the victims of hurrican Matthew including measures of shelter, WASHand cash (AA-S09-321.50 HTI 05/16)","AA-S09-321.50 HTI 05/16, [EDRIS:80318]",0.3,0.915,0.327869,,0.327869,1,0,0.327869,0,0,0,0,0,0,0,0,0,0,0,0.327869,,,
HTI,Haiti,Low income,Latin America & Caribbean,,,2016-11-08,2017-02-09T15:54:46.116Z,"Livelihoods support to provide immediate income generating activities and assist economic recovery, including through providing inputs for productive sectors such as fisheries","",0.25,1.41,0.177305,,0.177305,1,0,0.177305,0,0,0,0,0,0,0,0,0,0,0,0.177305,,,
HTI,Haiti,Low income,Latin America & Caribbean,,,2016-11-08,2017-02-09T15:42:07.911Z,"Water, sanitation and hygiene assistance to provide access to safe water and sanitation services, and to help affected communities minimise the risk of cholera","",0.25,1.41,0.177305,,0.177305,1,0,0.177305,0,0,0,0,0,0,0,0,0,0,0,0.177305,,,
HTI,Haiti,Low income,Latin America & Caribbean,,,2016-11-08,2017-02-07T10:45:38.422Z,Logistics Support and Relief Commodities  through Ledmark Industries (USAID/OFDA),"",,,0.441534,,0.441534,1,0,0.441534,0,0,0,0,0,0,0,0,0,0,0,0.441534,,,
HTI,Haiti,Low income,Latin America & Caribbean,,,2016-11-09,2016-12-16T16:44:00Z,Thematic 8- Cross Sectoral - Haiti- Hurricane (SM1499101257),SM1499101257,,,0.19,,0.19,1,0,0.19,0,0,0,0,0,0,0,0,0,0,0,0.19,,,
HTI,Haiti,Low income,Latin America & Caribbean,,,2016-11-10,2016-11-10T14:25:00Z,(Haiti) IFRC emergency appeal for Hurricane Matthew,"",0.055,0.915,0.060109,,0.060109,1,0,0.060109,0,0,0,0,0,0,0,0,0,0,0,0.060109,,,
HTI,Haiti,Low income,Latin America & Caribbean,,,2016-11-10,2016-11-14T16:10:00Z,"(Haiti) in kind - 6,340 - 5 gallons bottles of water and 11,400 aquatabs","",,,0.025,,0.025,1,0,0.025,0,0,0,0,0,0,0,0,0,0,0,0.025,,,
HTI,Haiti,Low income,Latin America & Caribbean,,,2016-11-10,2016-11-14T16:09:00Z,"(Haiti) in kind - Mexican Delegation of 15 physicians and 7 officers from Mexico’s City Government to Miragoane with vaccines, medicines and equipment to treat the population and provide preventive information on how to avoid cholera.","",,,0,,0,1,0,0,0,0,0,0,0,0,0,0,0,0,0,0,,,
HTI,Haiti,Low income,Latin America & Caribbean,,,2016-11-10,2016-11-14T17:58:00Z,"(Haiti) Emergency assistance for the victims of hurrican Matthew including measures in the area of shelter, WASH and food (AA-S09-321.50 HTI 03/16)","AA-S09-321.50 HTI 03/16, [EDRIS:80278]",0.35,0.915,0.382514,,0.382514,1,0,0.382514,0,0,0,0,0,0,0,0,0,0,0,0.382514,,,
HTI,Haiti,Low income,Latin America & Caribbean,,,2016-11-10,2016-11-28T16:31:00Z,(Haiti)  In kind assistance,"",,,0.075,,0.075,1,0,0.075,0,0,0,0,0,0,0,0,0,0,0,0.075,,,
HTI,Haiti,Low income,Latin America & Caribbean,,,2016-11-11,2016-11-11T17:51:00Z,Comprehensive health emergency response after hurricane Matthew in Haiti (from Andalucia),"",,,0.272625,,0.272625,1,0,0.272625,0,0,0,0,0,0,0,0,0,0,0,0.272625,,,
HTI,Haiti,Low income,Latin America & Caribbean,,,2016-11-11,2016-11-11T17:42:00Z,Comprehensive health emergency response after hurricane Matthew in Haiti,"",,,0.05,,0.05,1,0,0.05,0,0,0,0,0,0,0,0,0,0,0,0.05,,,
HTI,Haiti,Low income,Latin America & Caribbean,,,2016-11-11,2016-11-22T10:34:00Z,(Haiti) Secondment of Waste management experts to UNDP,[EDRIS:80524],1.85,9.049,0.204442,,0.204442,1,0,0.204442,0,0,0,0,0,0,0,0,0,0,0,0.204442,,,
HTI,Haiti,Low income,Latin America & Caribbean,,,2016-11-14,2017-08-17T12:39:32.571Z,Emergency WaSH assistance of hurricane Matthew affected population in Haiti (ECHO/-CR/BUD/2016/91012),ECHO/-CR/BUD/2016/91012,1.5,0.92,1.630435,,1.630435,1,0,1.630435,0,0,0,0,0,0,0,0,0,0,0,1.630435,,,
HTI,Haiti,Low income,Latin America & Caribbean,,,2016-11-14,2016-11-17T09:49:00Z,Emergency assistance for victims of hurricane Matthew (AA-S09-321.50 HTI 02/16),"AA-S09-321.50 HTI 02/16, [EDRIS:80378]",0.2835,0.915,0.309836,,0.309836,1,0,0.309836,0,0,0,0,0,0,0,0,0,0,0,0.309836,,,
HTI,Haiti,Low income,Latin America & Caribbean,,,2016-11-15,2017-02-15T14:38:17.662Z,Haiti: Addressing Emerging protection Needs in the Aftermath of Hurricane Matthew (USAID/OFDA) (SM160543),SM160543 (UNICEF Project Code),,,0.562,,0.562,1,0,0.562,0,0,0,0,0,0,0,0,0,0,0,0.562,,,
HTI,Haiti,Low income,Latin America & Caribbean,,,2016-11-15,2016-12-14T10:50:00Z,Haiti - OCHA Office (OCT 5394),[OCT 5394];[ADM 2/5/01],0.025,0.919997,0.027174,,0.027174,1,0,0.027174,0,0,0,0,0,0,0,0,0,0,0,0.027174,,,
HTI,Haiti,Low income,Latin America & Caribbean,,,2016-11-15,2017-04-27T15:29:02.815Z,"Resuming education for the affected children in the Southern Regions of Haiti (South, Nippes and Grand Anse) (USAID/Haiti) (SM160555)",GHA-G-00-07-00007,,,1.485,,1.485,1,0,1.485,0,0,0,0,0,0,0,0,0,0,0,1.485,,,
HTI,Haiti,Low income,Latin America & Caribbean,,,2016-11-15,2017-03-27T09:43:01.489Z,(Haiti) Health (USAID/OFDA),"",,,0.2,,0.2,1,0,0.2,0,0,0,0,0,0,0,0,0,0,0,0.2,,,
HTI,Haiti,Low income,Latin America & Caribbean,,,2016-11-15,2017-03-27T09:35:57.233Z,(Haiti) Health (USAID/OFDA),"",,,0.604402,,0.604402,1,0,0.604402,0,0,0,0,0,0,0,0,0,0,0,0.604402,,,
HTI,Haiti,Low income,Latin America & Caribbean,,,2016-11-16,2016-12-01T12:47:00Z,"(Haiti) Funding contributed to  Care, Digicel Foundation (to provide emergency clean water and humanitarian supplies) and IMC (cholera response)","",,,0.114455,,0.114455,1,0,0.114455,0,0,0,0,0,0,0,0,0,0,0,0.114455,,,
HTI,Haiti,Low income,Latin America & Caribbean,,,2016-11-16,2016-11-28T16:22:00Z,(Haiti)  To provide emergency clean water and humanitarian supplies.,"",,,0.05,,0.05,1,0,0.05,0,0,0,0,0,0,0,0,0,0,0,0.05,,,
HTI,Haiti,Low income,Latin America & Caribbean,,,2016-11-16,2016-12-01T16:12:00Z,(Haiti)  To provide emergency assistance,"",,,0.039455,,0.039455,1,0,0.039455,0,0,0,0,0,0,0,0,0,0,0,0.039455,,,
HTI,Haiti,Low income,Latin America & Caribbean,,,2016-11-16,2016-12-01T16:19:00Z,(Haiti) Emergency relief and recovery support in the wake of Hurricane Matthew,"",,,0.039463,,0.039463,1,0,0.039463,0,0,0,0,0,0,0,0,0,0,0,0.039463,,,
HTI,Haiti,Low income,Latin America & Caribbean,,,2016-11-16,2016-12-01T16:20:00Z,(Haiti) Shelter and NFI,"",,,0.03947,,0.03947,1,0,0.03947,0,0,0,0,0,0,0,0,0,0,0,0.03947,,,
HTI,Haiti,Low income,Latin America & Caribbean,,,2016-11-16,2017-11-21T00:37:59.635Z,"Protection, réhabilitation et diversification des moyens d’existence des populations affectées par l’ouragan Matthew en Haïti (PG/2016/12 - 1018)","PG/2016/12 - 1018, [EDRIS:80399]",3,0.915,3.278688,,3.278688,1,0,3.278688,0,0,0,0,0,0,0,0,0,0,0,3.278688,,,
HTI,Haiti,Low income,Latin America & Caribbean,,,2016-11-17,2017-02-15T14:30:56.982Z,RESPONSE TO GENDER BASED VIOLENCE AND COORDINATION OF GBV SECTOR IN AREAS AFFECTED BY HIRRICANE MATTHEW (USAID/OFDA),"",,,0.1005,,0.1005,1,0,0.1005,0,0,0,0,0,0,0,0,0,0,0,0.1005,,,
HTI,Haiti,Low income,Latin America & Caribbean,,,2016-11-17,2016-12-01T20:53:00Z,Haiti - OCHA Office (OCT 5396),[OCT 5396];[56101/1024],,,0.1,,0.1,1,0,0.1,0,0,0,0,0,0,0,0,0,0,0,0.1,,,
HTI,Haiti,Low income,Latin America & Caribbean,,,2016-11-17,2017-02-06T16:27:26.568Z,"(Haiti) Logistics Support and Relief Commodities,Shelter and Settlements
 (USAID/OFDA)","",,,1.210173,,1.210173,1,0,1.210173,0,0,0,0,0,0,0,0,0,0,0,1.210173,,,
HTI,Haiti,Low income,Latin America & Caribbean,,,2016-11-18,2016-12-01T16:28:00Z,"(Haiti) in kind - 200,000 bottles of sports drink which includes electrolytes and carbohydrates, for Hurricane Mathew victims in the southern region of Hait","",,,0,,0,1,0,0,0,0,0,0,0,0,0,0,0,0,0,0,,,
HTI,Haiti,Low income,Latin America & Caribbean,,,2016-11-21,2016-12-08T10:05:00Z,Haiti - OCHA Office (OCT 5398),[OCT 5398];[AID-OFDA-IO-16-00017],,,0.25,,0.25,1,0,0.25,0,0,0,0,0,0,0,0,0,0,0,0.25,,,
HTI,Haiti,Low income,Latin America & Caribbean,,,2016-11-22,2017-02-15T14:27:47.918Z,"Health, Nutrition, Protection, Shelter and Settlements, WASH (USAID/OFDA)","",,,2.85,,2.85,1,0,2.85,0,0,0,0,0,0,0,0,0,0,0,2.85,,,
HTI,Haiti,Low income,Latin America & Caribbean,,,2016-11-22,2016-12-22T16:43:00Z,(Haiti)  Health and Protection through MDM USA (USAID/OFDA),"",,,0.15,,0.15,1,0,0.15,0,0,0,0,0,0,0,0,0,0,0,0.15,,,
HTI,Haiti,Low income,Latin America & Caribbean,,,2016-11-22,2016-11-28T15:25:00Z,(Haiti) Enhance livelihood for the affected people (AH/CIL/2016/0007),"AH/CIL/2016/0007, [EDRIS:80620]",0.098075,0.915,0.107186,,0.107186,1,0,0.107186,0,0,0,0,0,0,0,0,0,0,0,0.107186,,,
HTI,Haiti,Low income,Latin America & Caribbean,,,2016-11-22,2017-11-21T00:38:14.207Z,(Haiti) Enhancing access to affected population with support of logistics group (AH/HIL/2016/0008),"AH/HIL/2016/0008, [EDRIS:80622]",0.257,0.915,0.280874,,0.280874,1,0,0.280874,0,0,0,0,0,0,0,0,0,0,0,0.280874,,,
HTI,Haiti,Low income,Latin America & Caribbean,,,2016-11-22,2016-11-28T15:30:00Z,Water and sanitation for the victims of hurrican Matthew (AA-S09-321.50 HTI 06/16),"AA-S09-321.50 HTI 06/16, [EDRIS:80638]",0.2,0.915,0.218579,,0.218579,1,0,0.218579,0,0,0,0,0,0,0,0,0,0,0,0.218579,,,
HTI,Haiti,Low income,Latin America & Caribbean,,,2016-11-23,2016-12-16T16:45:00Z,Thematic 8- Cross Sectoral - Haiti- Hurricane (SM1499101257),SM1499101257,,,0.07125,,0.07125,1,0,0.07125,0,0,0,0,0,0,0,0,0,0,0,0.07125,,,
HTI,Haiti,Low income,Latin America & Caribbean,,,2016-11-24,2017-03-08T11:51:54.353Z,(Haiti) Emergency assistance for victims of hurrican Matthew (AA-S09-321.50 HTI 04/16),AA-S09-321.50 HTI 04/16,0.35,0.915,0.382514,,0.382514,1,0,0.382514,0,0,0,0,0,0,0,0,0,0,0,0.382514,,,
HTI,Haiti,Low income,Latin America & Caribbean,,,2016-11-24,2016-12-16T16:37:00Z,Thematic 8- Cross Sectoral - Haiti - Hurricane Matthew (through UNICEF-Dominican Republic) (SM1499101292),SM1499101292,,,0.021636,,0.021636,1,0,0.021636,0,0,0,0,0,0,0,0,0,0,0,0.021636,,,
HTI,Haiti,Low income,Latin America & Caribbean,,,2016-11-25,2017-01-13T08:48:00Z,(Haiti) Improve living conditions of families affected by hurricane Matthew (AHCAR/2016/0013),"AHCAR/2016/0013, [EDRIS:81608]",0.3,0.942,0.318471,,0.318471,1,0,0.318471,0,0,0,0,0,0,0,0,0,0,0,0.318471,,,
HTI,Haiti,Low income,Latin America & Caribbean,,,2016-11-28,2017-02-07T13:52:51.273Z,"(Haiti) Shelter and Settlements, WASH (USAID/OFDA)","",,,0.763903,,0.763903,1,0,0.763903,0,0,0,0,0,0,0,0,0,0,0,0.763903,,,
HTI,Haiti,Low income,Latin America & Caribbean,,,2016-11-28,2016-11-30T09:55:00Z,(Haiti) Measures regarding shelter and WASH as well as restroring the livelihood of victims of hurricanMatthew (AA-S09-321.50 HTI 01/16),"AA-S09-321.50 HTI 01/16, [EDRIS:80738]",0.3,0.915,0.327869,,0.327869,1,0,0.327869,0,0,0,0,0,0,0,0,0,0,0,0.327869,,,
HTI,Haiti,Low income,Latin America & Caribbean,,,2016-11-29,2017-11-21T00:38:14.207Z,GOH Coordination and Logistics Technical Assistance for DPC (USAID/Haiti),FS # 13 FY 2017,,,0.088,,0.088,1,0,0.088,0,0,0,0,0,0,0,0,0,0,0,0.088,,,
HTI,Haiti,Low income,Latin America & Caribbean,,,2016-11-29,2016-12-05T10:55:00Z,Emergency assistance for the victims of hurrican Matthew (AA-S09-321.50 HTI 07/16),"AA-S09-321.50 HTI 07/16, [EDRIS:80834]",0.25,0.915,0.273224,,0.273224,1,0,0.273224,0,0,0,0,0,0,0,0,0,0,0,0.273224,,,
HTI,Haiti,Low income,Latin America & Caribbean,,,2016-11-29,2016-12-16T16:00:00Z,Thematic 8- Cross Sectoral - Haiti - Hurricane Matthew (SM1499101277),SM1499101277,,,0.010347,,0.010347,1,0,0.010347,0,0,0,0,0,0,0,0,0,0,0,0.010347,,,
HTI,Haiti,Low income,Latin America & Caribbean,,,2016-11-29,2016-12-20T15:31:00Z,Emergency Food and Nutrition Assistance To People Affected In Haiti By Hurricane Matthew,[EDRIS:81366],0.05,0.915,0.054645,,0.054645,1,0,0.054645,0,0,0,0,0,0,0,0,0,0,0,0.054645,,,
HTI,Haiti,Low income,Latin America & Caribbean,,,2016-11-29,2016-12-29T16:33:00Z,"Supporting Health Facilities with Medicines , Medical supplies and Equipment and Community Health Promotion","",,,0.378,,0.378,1,0,0.378,0,0,0,0,0,0,0,0,0,0,0,0.378,,,
HTI,Haiti,Low income,Latin America & Caribbean,,,2016-11-29,2016-12-29T16:32:00Z,Providing Hygiene kits and Mosquito nets,"",,,0.122,,0.122,1,0,0.122,0,0,0,0,0,0,0,0,0,0,0,0.122,,,
HTI,Haiti,Low income,Latin America & Caribbean,,,2016-11-30,2017-02-07T13:30:48.403Z,Admin Support (USAID/OFDA),"",,,0.17595,,0.17595,1,0,0.17595,0,0,0,0,0,0,0,0,0,0,0,0.17595,,,
HTI,Haiti,Low income,Latin America & Caribbean,,,2016-12-01,2017-11-21T00:38:14.208Z,"Haiti/Hurricane-Matthew (Haiti)Logistics Support and Relief Commodities,Health,Water, Sanitation and Hygiene,Humanitarian Studies, Analysis, or Applications,Shelter and Settlements (USAID/OFDA)",AID-OFDA-G-17-00011,,,2.95,,2.95,1,0,0,2.95,0,0,0,0,0,0,0,0,0,0,2.95,,,
HTI,Haiti,Low income,Latin America & Caribbean,,,2016-12-04,2017-02-08T12:47:19.725Z,(Haiti) Shelter and Settlements (USAID/OFDA),"",,,0.3,,0.3,1,0,0,0.3,0,0,0,0,0,0,0,0,0,0,0.3,,,
HTI,Haiti,Low income,Latin America & Caribbean,,,2016-12-04,2017-02-07T13:48:39.355Z,"(Haiti)  Health, Logistics Support and Relief COMMODITIES, Wash (USAID/OFDA)","",,,0.75,,0.75,1,0,0,0.75,0,0,0,0,0,0,0,0,0,0,0.75,,,
HTI,Haiti,Low income,Latin America & Caribbean,,,2016-12-05,2017-02-15T14:41:53.423Z,"(Haiti) Shelter and Settlements, WASH (USAID/OFDA)","",,,0.3,,0.3,1,0,0,0.3,0,0,0,0,0,0,0,0,0,0,0.3,,,
HTI,Haiti,Low income,Latin America & Caribbean,,,2016-12-05,2017-11-21T00:38:24.214Z,Logistics and Telecommunications Augmentation and Coordination in Response to the Hurricane Matthew in Haiti (SO 201033),"",,,0.004914,,0.004914,1,0,0,0.004914,0,0,0,0,0,0,0,0,0,0,0.004914,,,
HTI,Haiti,Low income,Latin America & Caribbean,,,2016-12-05,2017-11-21T00:38:24.214Z,Logistics and Telecommunications Augmentation and Coordination in Response to the Hurricane Matthew in Haiti (SO 201033),"",,,0.004914,,0.004914,1,0,0,0.004914,0,0,0,0,0,0,0,0,0,0,0.004914,,,
HTI,Haiti,Low income,Latin America & Caribbean,,,2016-12-06,2016-12-09T17:50:00Z,"(Haiti): Cayman Water Company has donated US$3,375 to buy 75 water filtration units to help combat cholera and other pathogens at risk of contaminating Haiti?s drinking water in the wake of Hurricane Matthew. The money will go toward the purchase of Sawyer PointON water purifier units and five-gallon buckets manufactured in Haiti by Plastech Industries. Donations will be managed by the Pan American Development Fund, according to organizers.The response is part of the Haiti Relief Effort project by the Caribbean Desalination Association?s newly established Humanitarian Committee through Pan American Development Fund, Caribbean Desalination Association?s Humanitarian Committee(from Cayman Water Company)","",,,0.003375,,0.003375,1,0,0,0.003375,0,0,0,0,0,0,0,0,0,0,0.003375,,,
HTI,Haiti,Low income,Latin America & Caribbean,,,2016-12-06,2016-12-09T17:59:00Z,"(Haiti): MSR, which produces outdoor water filtration and purification solutions, said it donated more than 100,000 of its Aquatabs purification tablets to the Haitian Health Foundation to help with the continuing aftermath of Hurricane Matthew. The donation adds to the 100 MSR Community Chlorine Makers that have already been distributed throughout Haiti in partnership with Operation Blessing International, in hopes of supplying more communities with safe drinking water.(from Mountain Safety Research)","",,,0,,0,1,0,0,0,0,0,0,0,0,0,0,0,0,0,0,,,
HTI,Haiti,Low income,Latin America & Caribbean,,,2016-12-06,2016-12-20T17:50:00Z,(Haiti): donated 10 cents from every bottle of the beer sold during the month of December to Haiti (from Red Stripe),"",,,0,,0,1,0,0,0,0,0,0,0,0,0,0,0,0,0,0,,,
HTI,Haiti,Low income,Latin America & Caribbean,,,2016-12-06,2016-12-15T14:49:00Z,(Haiti): Humanitarian Assistance in response to the Hurricane Matthew (from Clear Harbor Cares Foundation),"",,,0.01,,0.01,1,0,0,0.01,0,0,0,0,0,0,0,0,0,0,0.01,,,
HTI,Haiti,Low income,Latin America & Caribbean,,,2016-12-06,2016-12-20T17:51:00Z,"(Haiti): to match up to $100,000 and provide much-needed aid to the hurricane victims. (from Salesforce.com)","",,,0.05,,0.05,1,0,0,0.05,0,0,0,0,0,0,0,0,0,0,0.05,,,
HTI,Haiti,Low income,Latin America & Caribbean,,,2016-12-06,2017-01-13T08:46:00Z,(Haiti) Emergency analysis support & capacity building of the red cross emergency response team. (AH/CR/2016/0010),"AH/CR/2016/0010, [EDRIS:81606]",0.080051,0.956,0.083735,,0.083735,1,0,0,0.083735,0,0,0,0,0,0,0,0,0,0,0.083735,,,
HTI,Haiti,Low income,Latin America & Caribbean,,,2016-12-07,2017-02-15T14:29:21.100Z,"Logistics Support and Relief Commodities  through Transgroup Express Inc
(USAID/OFDA)","",,,0.035326,,0.035326,1,0,0,0.035326,0,0,0,0,0,0,0,0,0,0,0.035326,,,
HTI,Haiti,Low income,Latin America & Caribbean,,,2016-12-08,2017-02-07T13:58:36.444Z,(Haiti) WASH (USAID/OFDA),"",,,0.755,,0.755,1,0,0,0.755,0,0,0,0,0,0,0,0,0,0,0.755,,,
HTI,Haiti,Low income,Latin America & Caribbean,,,2016-12-08,2016-12-09T17:52:00Z,"(Haiti)Coop donates CHF200,000 to participate to the urgent aid in Haiti. This amount was donated to the Swiss Red Cross (Croix-Rouge suisse)
(from COOP)","",0.2,0.963001,0.207684,,0.207684,1,0,0,0.207684,0,0,0,0,0,0,0,0,0,0,0.207684,,,
HTI,Haiti,Low income,Latin America & Caribbean,,,2016-12-12,2017-11-21T00:38:24.214Z,(Haiti) (Logistics Support and Relief Commodities) (USAID/OFDA),"",,,3.25853,,3.25853,1,0,0,3.25853,0,0,0,0,0,0,0,0,0,0,3.25853,,,
HTI,Haiti,Low income,Latin America & Caribbean,,,2016-12-13,2016-12-20T16:52:00Z,"(Haiti) in kind -  Agility arranged for 2000 m2 of warehouse space in close proximity to the airport in Port au Prince, which is currently being used to store Non-Food Items (NFIs), such as sanitary and health supplies by different organisations, including Handicap International, Save the Children, WHO, World Vision, Catholic Relief Services, Norwegian Church Aid and the World Food Programme. A warehouse manager and ten warehouse workers are coordinating the receipt and dispatch of large quantities of supplies, proactively contributing to the fast and efficient distribution of humanitarian aid from Port au Prince to the affected areas.","",,,0,,0,1,0,0,0,0,0,0,0,0,0,0,0,0,0,0,,,
HTI,Haiti,Low income,Latin America & Caribbean,,,2016-12-14,2017-02-08T12:36:52.223Z,"(Haiti) Health, Protection (USAID/OFDA)","",,,0.36,,0.36,1,0,0,0.36,0,0,0,0,0,0,0,0,0,0,0.36,,,
HTI,Haiti,Low income,Latin America & Caribbean,,,2016-12-14,2017-11-21T00:37:59.635Z,Strengthening the resilience of vulnerable family farmers affected by drought and Matthew hurricane in the Northwest Department through the recovery of their agricultural and fishing production (D003934),D003934,0.4,1.336612,0.299264,,0.299264,1,0,0,0.299264,0,0,0,0,0,0,0,0,0,0,0.299264,,,
HTI,Haiti,Low income,Latin America & Caribbean,,,2016-12-15,2016-12-20T17:28:00Z,"(Haiti) in kind - The company has funded the purchase of 130 portable Hydraid BioSand water filters which can convert contaminated water into drinking water, supplying 15 gallons per day each. Altogether, this will supply clean water to over 1,900 Haitians every daily (WesTech Engineering)","",,,0,,0,1,0,0,0,0,0,0,0,0,0,0,0,0,0,0,,,
HTI,Haiti,Low income,Latin America & Caribbean,,,2016-12-16,2016-12-20T15:19:00Z,"To secure child protection, WASH, food security, NFIs, education and logistics in relation to the humanitarian work.  (2015-49756)","2015-49756, [EDRIS:81338]",0.5,7.008,0.071347,,0.071347,1,0,0,0.071347,0,0,0,0,0,0,0,0,0,0,0.071347,,,
HTI,Haiti,Low income,Latin America & Caribbean,,,2016-12-16,2017-02-21T14:30:42.122Z,"Assistance d’urgence en sécurité alimentaire, éducation et abri aux personnes vulnérables affectées par l’ouragan Matthew dans la Grand ‘Anse (part of ECHO/-CR/BUD/2016/91013) ( Donor reported funding to CARE France)","ECHO/-CR/BUD/2016/91013, (EDRIS:-41098)",1.425204,0.942,1.512955,,1.512955,1,0,0,1.512955,0,0,0,0,0,0,0,0,0,0,1.512955,,,
HTI,Haiti,Low income,Latin America & Caribbean,,,2016-12-21,2016-12-28T11:49:00Z,"Rapid restoration of safe education services for 16,000 excluded students and provision of protection assistance to most vulnerable evicted people",16-RR-CEF-127:Education,,,0.579741,,0.579741,1,0,0,0.579741,0,0,0,0,0,0,0,0,0,0,0.579741,,,
HTI,Haiti,Low income,Latin America & Caribbean,,,2016-12-21,2016-12-28T11:48:00Z,"Lifesaving shelter and basic needs assistance to 15,000 most vulnerable people in zones of return from temporary shelters",16-RR-IOM-041:Shelter and Non-Food Items,,,2.96497,,2.96497,1,0,0,2.96497,0,0,0,0,0,0,0,0,0,0,2.96497,,,
HTI,Haiti,Low income,Latin America & Caribbean,,,2016-12-21,2016-12-22T16:46:00Z,"(Haiti) relief efforts offering food, water, and shelter for the people of Haiti still suffering from the ravages of Hurricane Matthew (Sigora Solar)","",,,0,,0,1,0,0,0,0,0,0,0,0,0,0,0,0,0,0,,,
HTI,Haiti,Low income,Latin America & Caribbean,,,2016-12-21,2017-02-08T10:45:14.901Z,(Haiti) Program Support Costs (USAID/OFDA),USAID/DCHA Caribbean Hurricane Matthew Fact Sheet #18 for FY 2017,,,0.304296,,0.304296,1,0,0,0.304296,0,0,0,0,0,0,0,0,0,0,0.304296,,,
HTI,Haiti,Low income,Latin America & Caribbean,,,2016-12-21,2017-11-21T00:38:14.207Z,Logistics Support and Relief Commodities  (USAID/OFDA),"",,,0.050109,,0.050109,1,0,0,0.050109,0,0,0,0,0,0,0,0,0,0,0.050109,,,
HTI,Haiti,Low income,Latin America & Caribbean,,,2016-12-31,2017-11-21T00:37:59.635Z,"Relèvement immédiat Post-Matthew: Assistance cash et semences à des familles paysannes through SHA , Multiyear: 2016-2017, 2016 portion (part of 7F-09736.01)",part of 7F-09736.01,0.125,1.025,0.121951,,0.121951,1,0,0,0.121951,0,0,0,0,0,0,0,0,0,0,0.121951,,,
HTI,Haiti,Low income,Latin America & Caribbean,,,2016-12-31,2017-01-23T15:58:56.743Z,"Relèvement immédiat Post-Matthew: Réhabilitation des écolesthrough SHA , Multiyear: 2016-2017, 2016 portion (part of 7F-09737.01)",part of 7F-09737.01,0.125,1.025,0.121951,,0.121951,1,0,0,0.121951,0,0,0,0,0,0,0,0,0,0,0.121951,,,
HTI,Haiti,Low income,Latin America & Caribbean,,,2016-12-31,2017-11-21T00:37:59.635Z,"Relèvement immédiat Post-Matthew: Assistance cash et semences à des familles paysannes through SHA , Multiyear: 2016-2017, 2017 portion (part of 7F-09736.01)",part of 7F-09736.01,0.125,1.025,0.121951,,0.121951,1,0,0,0.121951,0,0,0,0,0,0,0,0,0,0,0.121951,,,
HTI,Haiti,Low income,Latin America & Caribbean,,,2016-12-31,2017-01-23T16:00:20.731Z,"Relèvement immédiat Post-Matthew: Réhabilitation des écolesthrough SHA , Multiyear: 2016-2017, 2017 portion (part of 7F-09737.01)",part of 7F-09737.01,0.125,1.025,0.121951,,0.121951,1,0,0,0.121951,0,0,0,0,0,0,0,0,0,0,0.121951,,,
HTI,Haiti,Low income,Latin America & Caribbean,,,2017-01-01,2017-03-17T12:26:19.274Z,"Emergency water, sanitation and hygiene response, recovery and stabilization for the communities affected by Hurricane Matthew in Haiti","",,,0.24,,0.24,1,0,0,0,0.24,0,0,0,0,0,0,0,0,0,0.24,,,
HTI,Haiti,Low income,Latin America & Caribbean,,,2017-01-01,2017-05-15T14:09:15.649Z,Haiti: Hurricane Matthew Relief (SM170014),SM170014,,,0.261506,,0.261506,1,0,0,0,0.261506,0,0,0,0,0,0,0,0,0,0.261506,,,
HTI,Haiti,Low income,Latin America & Caribbean,,,2017-01-01,2017-11-21T00:38:24.214Z,Logistics and Telecommunications Augmentation and Coordination in Response to the Hurricane Matthew in Haiti (SO 201033),"",,,0.045902,,0.045902,1,0,0,0,0.045902,0,0,0,0,0,0,0,0,0,0.045902,,,
HTI,Haiti,Low income,Latin America & Caribbean,,,2017-01-02,2017-11-21T00:38:24.214Z,Logistics and Telecommunications Augmentation and Coordination in Response to the Hurricane Matthew in Haiti (SO 201033),"",,,0.06837,,0.06837,1,0,0,0,0.06837,0,0,0,0,0,0,0,0,0,0.06837,,,
HTI,Haiti,Low income,Latin America & Caribbean,,,2017-01-03,2017-11-21T00:38:24.214Z,Logistics and Telecommunications Augmentation and Coordination in Response to the Hurricane Matthew in Haiti (SO 201033),"",,,0.021784,,0.021784,1,0,0,0,0.021784,0,0,0,0,0,0,0,0,0,0.021784,,,
HTI,Haiti,Low income,Latin America & Caribbean,,,2017-01-04,2017-11-21T00:38:24.214Z,Logistics and Telecommunications Augmentation and Coordination in Response to the Hurricane Matthew in Haiti (SO 201033),"",,,0.021006,,0.021006,1,0,0,0,0.021006,0,0,0,0,0,0,0,0,0,0.021006,,,
HTI,Haiti,Low income,Latin America & Caribbean,,,2017-01-06,2017-02-15T13:55:09.149Z,"Logistics Support and Relief Commodities  through Midwest Canvas Corporation
(USAID/OFDA)","",,,1.398,,1.398,1,0,0,0,1.398,0,0,0,0,0,0,0,0,0,1.398,,,
HTI,Haiti,Low income,Latin America & Caribbean,,,2017-01-09,2017-06-28T13:54:31.676Z,(Haiti) Health (USAID/OFDA),15/10/2016,,,3.481791,,3.481791,1,0,0,0,3.481791,0,0,0,0,0,0,0,0,0,3.481791,,,
HTI,Haiti,Low income,Latin America & Caribbean,,,2017-01-12,2017-03-27T10:11:33.147Z,"(Haiti)  Water, Sanitation and Hygiene (USAID/OFDA)","",,,0.8705,,0.8705,1,0,0,0,0.8705,0,0,0,0,0,0,0,0,0,0.8705,,,
HTI,Haiti,Low income,Latin America & Caribbean,,,2017-01-17,2017-02-15T16:03:10.990Z,(Haiti)  Shelter and Settlements (USAID/OFDA),"",,,2.299955,,2.299955,1,0,0,0,2.299955,0,0,0,0,0,0,0,0,0,2.299955,,,
HTI,Haiti,Low income,Latin America & Caribbean,,,2017-01-23,2017-03-29T14:21:02.177Z,"Urgent rehabilitation of maternal health services and sexual and gender-based violence services, in the departments affected by Hurricane Matthew","",,,0.063378,,0.063378,1,0,0,0,0.063378,0,0,0,0,0,0,0,0,0,0.063378,,,
HTI,Haiti,Low income,Latin America & Caribbean,,,2017-01-30,2017-03-27T10:35:23.789Z,Emergency response to the immediate protection needs of the populations affected by Hurricane Matthew in Haiti (USAID/OFDA),"",,,0.3,,0.3,1,0,0,0,0.3,0,0,0,0,0,0,0,0,0,0.3,,,
HTI,Haiti,Low income,Latin America & Caribbean,,,2017-02-01,2017-03-27T10:38:28.343Z,(Haiti) Health through Pan American Health Organization (USAID/OFDA),"",,,0.325002,,0.325002,1,0,0,0,0,0.325002,0,0,0,0,0,0,0,0,0.325002,,,
HTI,Haiti,Low income,Latin America & Caribbean,,,2017-02-01,2017-11-21T00:38:24.214Z,Thematic 8- Cross Sectoral - Haiti - Hurricane Matthew (SM1499101277),SM1499101277,,,0.033366,,0.033366,1,0,0,0,0,0.033366,0,0,0,0,0,0,0,0,0.033366,,,
HTI,Haiti,Low income,Latin America & Caribbean,,,2017-02-20,2019-07-04T15:58:08.493Z,"To mitigate the impact of Hurricane Matthew on affected populations in Haiti by ensuring coordinated and effective assistance through multi-sectoral support,To mitigate the impact of Hurricane Matthew on affected populations in Haiti by ensuring coordinated and effective assistance through multi-sectoral support (ECHO/-CR/EDF/2017/01000)",ECHO/-CR/EDF/2017/01000,0,0.937,0,,0,1,0,0,0,0,0,0,0,0,0,0,0,0,0,0,,,
HTI,Haiti,Low income,Latin America & Caribbean,,,2017-02-27,2017-08-17T13:23:58.900Z,"Amélioration de la sécurité alimentaire et rétablissement des moyens d'existence des ménages les plus vulnérables affectés par l'Ouragan Matthew dans le Bas Nord-Ouest, le Haut Artibonite et l'île de La Gonâve - Haïti (ECHO/-CR/EDF/2017/01003)",ECHO/-CR/EDF/2017/01003,2.5,0.937,2.66809,,2.66809,1,0,0,0,0,2.66809,0,0,0,0,0,0,0,0,2.66809,,,
HTI,Haiti,Low income,Latin America & Caribbean,,,2017-02-27,2018-02-02T10:10:19.758Z,Améliorer la sécurité alimentaire et nutritionnelle et la résilience des populations vulnérables affectées par le cyclone Matthew dans les Départements du Sud Est et des Nippes d'Haiti (ECHO/-CR/EDF/2017/01002),ECHO/-CR/EDF/2017/01002,1.5,0.937,1.600854,,1.600854,1,0,0,0,0,1.600854,0,0,0,0,0,0,0,0,1.600854,,,
HTI,Haiti,Low income,Latin America & Caribbean,,,2017-02-28,2019-05-09T13:20:32.141Z,"Assistance en Abris, Accès à l'Eau et Promotion à l'Hygiène pour les populations de la Grand'Anse affectées par l'ouragan Matthew (3AEPH) (ECHO/-CR/EDF/2017/01005)",ECHO/-CR/EDF/2017/01005,1,0.937,1.067236,,1.067236,1,0,0,0,0,1.067236,0,0,0,0,0,0,0,0,1.067236,,,
HTI,Haiti,Low income,Latin America & Caribbean,,,2017-02-28,2018-02-09T08:57:45.632Z,Provision of coordinated shelter assistance to populations affected by Hurricane Matthew (ECHO/-CR/EDF/2017/01004),ECHO/-CR/EDF/2017/01004,1.5,0.937,1.600854,,1.600854,1,0,0,0,0,1.600854,0,0,0,0,0,0,0,0,1.600854,,,
HTI,Haiti,Low income,Latin America & Caribbean,,,2017-02-28,2019-07-04T15:58:09.118Z,Integrated support to vulnerable families affected by hurricane Matthew in Haiti (ECHO/-CR/EDF/2017/01001),ECHO/-CR/EDF/2017/01001,2,0.937,2.134472,,2.134472,1,0,0,0,0,2.134472,0,0,0,0,0,0,0,0,2.134472,,,
HTI,Haiti,Low income,Latin America & Caribbean,,,2017-02-28,2017-06-01T11:10:00.030Z,Appui aux cantines scolaires et relance agricole post matthew,AAP1,1.5,0.937,1.600854,,1.600854,1,0,0,0,0,1.600854,0,0,0,0,0,0,0,0,1.600854,,,
HTI,Haiti,Low income,Latin America & Caribbean,,,2017-03-01,2017-12-12T14:44:44.790Z,Logistics Support and Relief Commodities(USAID/OFDA),AID-OAA-BC-17-00040,,,0.114422,,0.114422,1,0,0,0,0,0,0.114422,0,0,0,0,0,0,0,0.114422,,,
HTI,Haiti,Low income,Latin America & Caribbean,,,2017-03-02,2017-04-13T16:47:15.294Z,Haiti/Hurricane-Matthew:Shelter and Settlements (USAID/OFDA),AID-OFDA-G-17-00013-01,,,0.612788,,0.612788,1,0,0,0,0,0,0.612788,0,0,0,0,0,0,0,0.612788,,,
HTI,Haiti,Low income,Latin America & Caribbean,,,2017-03-03,2019-07-04T14:55:51.420Z,Projet d'appui multisectoriel aux populations vulnérabilisées par le passage de l'Ouragan Matthew en Haïti (ECHO/-CR/EDF/2017/01006),ECHO/-CR/EDF/2017/01006,1.25,0.943,1.325557,,1.325557,1,0,0,0,0,0,1.325557,0,0,0,0,0,0,0,1.325557,,,
HTI,Haiti,Low income,Latin America & Caribbean,,,2017-03-06,2018-01-05T10:51:04.397Z,Réhabilitation et renforcement des moyens d'existence des ménages agricoles affectées par l'ouragan Matthew en Haiti (part of ECHO/-CR/EDF/2017/01007),ECHO/-CR/EDF/2017/01007,0.151484,0.937,0.161669,,0.161669,1,0,0,0,0,0,0.161669,0,0,0,0,0,0,0,0.161669,,,
HTI,Haiti,Low income,Latin America & Caribbean,,,2017-03-06,2018-01-05T10:46:45.741Z,Réhabilitation et renforcement des moyens d'existence des ménages agricoles affectées par l'ouragan Matthew en Haiti (part of ECHO/-CR/EDF/2017/01007),ECHO/-CR/EDF/2017/01007,0.148567,0.937,0.158556,,0.158556,1,0,0,0,0,0,0.158556,0,0,0,0,0,0,0,0.158556,,,
HTI,Haiti,Low income,Latin America & Caribbean,,,2017-03-06,2018-01-05T10:49:45.106Z,Réhabilitation et renforcement des moyens d'existence des ménages agricoles affectées par l'ouragan Matthew en Haiti (part of ECHO/-CR/EDF/2017/01007),ECHO/-CR/EDF/2017/01007,1.478545,0.937,1.577957,,1.577957,1,0,0,0,0,0,1.577957,0,0,0,0,0,0,0,1.577957,,,
HTI,Haiti,Low income,Latin America & Caribbean,,,2017-03-06,2018-01-05T10:47:40.323Z,Réhabilitation et renforcement des moyens d'existence des ménages agricoles affectées par l'ouragan Matthew en Haiti (part of ECHO/-CR/EDF/2017/01007),ECHO/-CR/EDF/2017/01007,0.771404,0.937,0.82327,,0.82327,1,0,0,0,0,0,0.82327,0,0,0,0,0,0,0,0.82327,,,
HTI,Haiti,Low income,Latin America & Caribbean,,,2017-03-06,2017-06-07T12:14:34.415Z,Thematic 8- Cross Sectoral - Haiti - Hurricane (SM1499101276),SM1499101276,,,0.345122,,0.345122,1,0,0,0,0,0,0.345122,0,0,0,0,0,0,0,0.345122,,,
HTI,Haiti,Low income,Latin America & Caribbean,,,2017-03-06,2017-06-07T12:15:05.574Z,Thematic 8- Cross Sectoral - Haiti - Hurricane (SM1499101276),SM1499101276,,,0.052676,,0.052676,1,0,0,0,0,0,0.052676,0,0,0,0,0,0,0,0.052676,,,
HTI,Haiti,Low income,Latin America & Caribbean,,,2017-03-07,2017-06-07T12:22:56.586Z,Thematic 8- Cross Sectoral - Haiti - Hurricane Matthew (SM1499101406),SM1499101406,,,0.031095,,0.031095,1,0,0,0,0,0,0.031095,0,0,0,0,0,0,0,0.031095,,,
HTI,Haiti,Low income,Latin America & Caribbean,,,2017-03-10,2017-06-07T12:10:55.388Z,Integrated nutrition and protection response to humanitarian needs in hurricane affected areas to save and protect children's lives (ECHO/-CR/EDF/2017/01008),SM170107,1.5,0.943,1.590668,,1.590668,1,0,0,0,0,0,1.590668,0,0,0,0,0,0,0,1.590668,,,
HTI,Haiti,Low income,Latin America & Caribbean,,,2017-03-10,2017-04-13T08:27:34.801Z,Co- funding for Haiti Hurricane Mathew Emergency WASH Project in Nippes and La Gonave through World Vision Haiti,"",,,0.095124,,0.095124,1,0,0,0,0,0,0.095124,0,0,0,0,0,0,0,0.095124,,,
HTI,Haiti,Low income,Latin America & Caribbean,,,2017-03-10,2017-04-13T08:29:49.318Z,Co- fundingHaiti Hurricane Mathew Emergency Shelter Project in Nippes & South through World Vision Haiti,"",,,0.189438,,0.189438,1,0,0,0,0,0,0.189438,0,0,0,0,0,0,0,0.189438,,,
HTI,Haiti,Low income,Latin America & Caribbean,,,2017-03-10,2017-04-13T08:36:20.320Z,Co- funding for Haiti Hurricane Mathew Emergency Protection and Gender based violence Project in Nippes and La Gonave through World Vision Haiti,"",,,0.049266,,0.049266,1,0,0,0,0,0,0.049266,0,0,0,0,0,0,0,0.049266,,,
HTI,Haiti,Low income,Latin America & Caribbean,,,2017-03-10,2017-11-21T00:38:24.214Z,Co- funding for Early agricultural support to Hurricane Matthew affected farmers in Nippes and South through World Vision Haiti,"",,,0.0525,,0.0525,1,0,0,0,0,0,0.0525,0,0,0,0,0,0,0,0.0525,,,
HTI,Haiti,Low income,Latin America & Caribbean,,,2017-03-10,2017-04-13T08:41:37.689Z,Co- funding for Haiti Hurricane Mathew Emergency Education Project in Nippes and South through World Vision Haiti,"",,,0.15953,,0.15953,1,0,0,0,0,0,0.15953,0,0,0,0,0,0,0,0.15953,,,
HTI,Haiti,Low income,Latin America & Caribbean,,,2017-03-10,2017-06-07T12:13:09.080Z,Thematic 8- Cross Sectoral - Haiti - Hurricane (SM1499101264),SM1499101264,,,0.106045,,0.106045,1,0,0,0,0,0,0.106045,0,0,0,0,0,0,0,0.106045,,,
HTI,Haiti,Low income,Latin America & Caribbean,,,2017-03-16,2017-06-06T15:58:00.270Z,"Support to early recovery and supporting agriculture for communities affected by Hurricane Matthew (Shelter, NFI, agriculture and livelihood) (D004373)",D004373,1.5,1.31,1.145038,,1.145038,1,0,0,0,0,0,1.145038,0,0,0,0,0,0,0,1.145038,,,
HTI,Haiti,Low income,Latin America & Caribbean,,,2017-03-24,2017-04-13T16:43:47.133Z,Haiti/Hurricane-Matthew: Logistics Support and Relief Commodities (USAID/OFDA),AID-OAA-C-17-00060,,,0.003319,,0.003319,1,0,0,0,0,0,0.003319,0,0,0,0,0,0,0,0.003319,,,
HTI,Haiti,Low income,Latin America & Caribbean,,,2017-03-30,2017-11-09T13:57:23.144Z,"Haiti/Hurricane-Matthew: Health,Protection (USAID/OFDA)",AID-OFDA-F-17-00007,,,0.863748,,0.863748,1,0,0,0,0,0,0.863748,0,0,0,0,0,0,0,0.863748,,,
HTI,Haiti,Low income,Latin America & Caribbean,,,2017-03-31,2017-11-21T00:38:24.214Z,"WFP Special Operation 201033: Logistics and Telecommunications Augmentation and Coordination in Response to the Hurricane Matthew in Haiti, additional allocation (7F-06817.42)",7F-06817.42,0.3,1.007,0.297915,,0.297915,1,0,0,0,0,0,0.297915,0,0,0,0,0,0,0,0.297915,,,
HTI,Haiti,Low income,Latin America & Caribbean,,,2017-03-31,2018-01-05T16:00:39.479Z,Haiti/Hurricane-Matthew:Agriculture and Food Security (USAID/OFDA),AID-FFP-G-17-00028,,,1,,1,1,0,0,0,0,0,1,0,0,0,0,0,0,0,1,,,
HTI,Haiti,Low income,Latin America & Caribbean,,,2017-04-03,2017-06-07T12:15:41.605Z,Thematic 8- Cross Sectoral - Haiti - Hurricane (SM1499101276),SM1499101276,,,0.074762,,0.074762,1,0,0,0,0,0,0,0.074762,0,0,0,0,0,0,0.074762,,,
HTI,Haiti,Low income,Latin America & Caribbean,,,2017-04-04,2017-11-21T00:37:59.635Z,(Hurricane Matthew): Feed the future Agricultural Assistancee for Maize  (USAID/Haiti),FS # 13 FY 2017,,,1,,1,1,0,0,0,0,0,0,1,0,0,0,0,0,0,1,,,
HTI,Haiti,Low income,Latin America & Caribbean,,,2017-04-04,2017-04-27T16:40:21.605Z,(Hurricane Matthew): PEPFAR Health Commodity Logistics  through Chemonics (USAID/Haiti),FS # 19 FY 2017,,,1,,1,1,0,0,0,0,0,0,1,0,0,0,0,0,0,1,,,
HTI,Haiti,Low income,Latin America & Caribbean,,,2017-04-04,2017-04-27T16:39:46.679Z,"(Hurricane Matthew): Health Community Outreach Services for WASH, Nutrition, and OVC Protection with PEPFAR funding  through  Jhpiego/ Abt Associates (USAID/Haiti)",FS # 19 FY 2017,,,1,,1,1,0,0,0,0,0,0,1,0,0,0,0,0,0,1,,,
HTI,Haiti,Low income,Latin America & Caribbean,,,2017-04-04,2017-11-21T00:37:59.635Z,(Hurricane Matthew): Agriculture Assistance for Bean and Pigeon Pea Seeds through  Feed the Future Legume Innovation Lab/Michigan State University (MSU) (USAID/Haiti),FS # 19 FY 2017,,,1.982841,,1.982841,1,0,0,0,0,0,0,1.982841,0,0,0,0,0,0,1.982841,,,
HTI,Haiti,Low income,Latin America & Caribbean,,,2017-04-04,2017-11-21T00:37:59.635Z,(Hurricane Matthew): Agriculture Assistance for Sorghum through Brasserie Nationale d'Haiti S.A. (BRANA) (USAID/Haiti),FS # 19 FY 2017,,,0.09,,0.09,1,0,0,0,0,0,0,0.09,0,0,0,0,0,0,0.09,,,
HTI,Haiti,Low income,Latin America & Caribbean,,,2017-04-04,2017-04-27T16:29:45.096Z,(Hurricane Matthew): GOH Public Infomation and ID card replacement  through Consortium for Elections & Political Process Strengthening (CEPPS) (USAID/Haiti),FS # 19 FY 2017,,,0.00525,,0.00525,1,0,0,0,0,0,0,0.00525,0,0,0,0,0,0,0.00525,,,
HTI,Haiti,Low income,Latin America & Caribbean,,,2017-04-04,2017-04-27T16:31:35.764Z,(Hurricane Matthew): GOH Risk Management Policy Support for DPC  through Tetra Tech (USAID/Haiti),FS # 19 FY 2017,,,0.036,,0.036,1,0,0,0,0,0,0,0.036,0,0,0,0,0,0,0.036,,,
HTI,Haiti,Low income,Latin America & Caribbean,,,2017-04-04,2017-04-27T16:34:21.772Z,"(Hurricane Matthew): Cash Transfers for Food, Agriculture Assistance (USAID/Haiti)",FS # 19 FY 2017,,,8,,8,1,0,0,0,0,0,0,8,0,0,0,0,0,0,8,,,
HTI,Haiti,Low income,Latin America & Caribbean,,,2017-04-06,2018-01-05T17:01:44.816Z,Haiti/Hurricane-Matthew: Travel through USAID El Salvador (USAID/OFDA),5157A0025A,,,0.002292,,0.002292,1,0,0,0,0,0,0,0.002292,0,0,0,0,0,0,0.002292,,,
HTI,Haiti,Low income,Latin America & Caribbean,,,2017-04-20,2017-06-06T13:27:12.001Z,"The project aims at facilitating the return of children to school in areas affected by Hurricane Matthew by rehabilitating and providing equipment to children, teachers and for food at school programs, while conducting disaster risk reduction at school and community level to increase the resilience of targeted areas. The project will rehabilitate 60 schools for a total amount of beneficiaries of 21000 in three departements : Nippes (26 schools), South (8 schools) and Grande Anse (26 schools).  (Nov 2016-May 2018 portion of multiyear award, 2016-2019 total EUR 1.7 million)",Matthieu Génin Phone number:	+509 48 83 65 51 Email:	geninm@afd.fr,1.245095,0.92,1.353364,,1.353364,1,0,0,0,0,0,0,1.353364,0,0,0,0,0,0,1.353364,,,
HTI,Haiti,Low income,Latin America & Caribbean,,,2017-04-20,2017-06-06T13:35:06.104Z,"The project objective is to contribute to resilience after hurricane Matthew through improving food security, nutrition security and access to water services in South and Grande Anse departments.  (Nov 2016-April 2018 portion of multiyear award, 2016-2019 total EUR 1.5 million)",Matthieu Génin Phone number:	+509 48 83 65 51 Email:	geninm@afd.fr,0.947418,0.92,1.029802,,1.029802,1,0,0,0,0,0,0,1.029802,0,0,0,0,0,0,1.029802,,,
HTI,Haiti,Low income,Latin America & Caribbean,,,2017-04-20,2017-06-06T13:36:00.914Z,"The project objective is to contribute to resilience after hurricane Matthew through improving food security, nutrition security and access to water services in South and Grande Anse departments.  (April 2018-October 2019 portion of multiyear award, 2016-2019 total EUR 1.5 million)",Matthieu Génin Phone number:	+509 48 83 65 51 Email:	geninm@afd.fr,0.590576,0.92,0.64193,,0.64193,1,0,0,0,0,0,0,0.64193,0,0,0,0,0,0,0.64193,,,
HTI,Haiti,Low income,Latin America & Caribbean,,,2017-04-20,2017-06-06T13:28:22.248Z,"The project aims at facilitating the return of children to school in areas affected by Hurricane Matthew by rehabilitating and providing equipment to children, teachers and for food at school programs, while conducting disaster risk reduction at school and community level to increase the resilience of targeted areas. The project will rehabilitate 60 schools for a total amount of beneficiaries of 21000 in three departements : Nippes (26 schools), South (8 schools) and Grande Anse (26 schools).  (May 2018-May 2019 portion of multiyear award, 2016-2019 total EUR 1.7 million)",Matthieu Génin Phone number:	+509 48 83 65 51 Email:	geninm@afd.fr,0.501741,0.92,0.545371,,0.545371,1,0,0,0,0,0,0,0.545371,0,0,0,0,0,0,0.545371,,,
HTI,Haiti,Low income,Latin America & Caribbean,,,2017-04-30,2017-06-01T13:34:17.276Z,Additional Credit Relèvement immédiat post-Matthew (SDC Direct Implementation )(7F-09737.01 ),7F-09737.01,0.11589,0.996,0.116355,,0.116355,1,0,0,0,0,0,0,0.116355,0,0,0,0,0,0,0.116355,,,
HTI,Haiti,Low income,Latin America & Caribbean,,,2017-05-03,2017-06-28T13:47:29.828Z,Haiti/Hurricane-Matthew:Humanitarian Coordination and Info Management through Fairfax County Search and Rescue (USAID/OFDA),AID-OFDA-A-15-00016,,,0.274,,0.274,1,0,0,0,0,0,0,0,0.274,0,0,0,0,0,0.274,,,
HTI,Haiti,Low income,Latin America & Caribbean,,,2017-05-08,2017-06-28T14:37:16.576Z,Haiti/Hurricane-Matthew:Humanitarian Coordination and Info Management through Los Angeles County Search and Rescue (USAID/OFDA),AID-OFDA-A-15-00014,,,0.027,,0.027,1,0,0,0,0,0,0,0,0.027,0,0,0,0,0,0.027,,,
HTI,Haiti,Low income,Latin America & Caribbean,,,2017-05-16,2017-12-12T15:25:50.764Z,Haiti/Hurricane-Matthew: Logistics Support and Relief Commodities  (USAID/OFDA),AID-OAA-C-17-00073,,,0.012898,,0.012898,1,0,0,0,0,0,0,0,0.012898,0,0,0,0,0,0.012898,,,
HTI,Haiti,Low income,Latin America & Caribbean,,,2017-05-30,2017-11-21T00:38:24.214Z,"Renforcement des moyens d`existence des ménages affectés par l`ouragan Matthew dans trois (3) communes du département du Sud (Communes de Arniquet, Port Salut, Torbeck et Chardonnières).(D004481)",D004481,0.4,1.362,0.293686,,0.293686,1,0,0,0,0,0,0,0,0.293686,0,0,0,0,0,0.293686,,,
HTI,Haiti,Low income,Latin America & Caribbean,,,2017-08-10,2017-12-12T15:24:41.140Z,Haiti/Hurricane-Matthew: Logistics Support and Relief Commodities  (USAID/OFDA),AID-OAA-C-17-00088,,,0.03999,,0.03999,1,0,0,0,0,0,0,0,0,0.03999,0,0,0,0,0.03999,,,
HTI,Haiti,Low income,Latin America & Caribbean,,,2017-08-17,2017-12-12T15:23:05.516Z,Haiti/Hurricane-Matthew: Logistics Support and Relief Commodities  (USAID/OFDA),AID-OAA-O-17-00015,,,0.671534,,0.671534,1,0,0,0,0,0,0,0,0,0.671534,0,0,0,0,0.671534,,,
HTI,Haiti,Low income,Latin America & Caribbean,,,2017-08-31,2017-12-12T15:27:06.236Z,Haiti/Hurricane-Matthew: Logistics Support and Relief Commodities  (USAID/OFDA),AID-OAA-BC-17-00043,,,0.06284,,0.06284,1,0,0,0,0,0,0,0,0,0.06284,0,0,0,0,0.06284,,,
HTI,Haiti,Low income,Latin America & Caribbean,,,2017-08-31,2017-12-12T15:28:35.336Z,Haiti/Hurricane-Matthew: Logistics Program support  (USAID/OFDA),"",,,0.373454,,0.373454,1,0,0,0,0,0,0,0,0,0.373454,0,0,0,0,0.373454,,,
HTI,Haiti,Low income,Latin America & Caribbean,,,2017-09-30,2018-01-05T17:03:04.346Z,Haiti/Hurricane-Matthew: Travel through USAID El Salvador (USAID/OFDA),"",,,0.02073,,0.02073,1,0,0,0,0,0,0,0,0,0,0.02073,0,0,0,0.02073,,,
HTI,Haiti,Low income,Latin America & Caribbean,,,2017-09-30,2017-12-12T14:55:13.373Z,Haiti/Hurricane-Matthew: Logistics Support and Relief Commodities (USAID/OFDA),AID-OAA-BC-17-00038,,,2.399,,2.399,1,0,0,0,0,0,0,0,0,0,2.399,0,0,0,2.399,,,
HTI,Haiti,Low income,Latin America & Caribbean,,,2017-09-30,2017-12-12T15:06:21.485Z,Haiti/Hurricane-Matthew: Logistics Support and Relief Commodities  (USAID/OFDA),00015MO001024,,,0.4,,0.4,1,0,0,0,0,0,0,0,0,0,0.4,0,0,0,0.4,,,
HTI,Haiti,Low income,Latin America & Caribbean,,,2017-10-12,2018-01-25T13:14:40.181Z,Thematic 8- Cross Sectoral - Haiti - (Matthew Hurricane) (SM1499101554),SM1499101554,,,0.011792,,0.011792,1,0,0,0,0,0,0,0,0,0,0,0.011792,0,0,0.011792,,,
HTI,Haiti,Low income,Latin America & Caribbean,,,2017-10-18,2017-10-20T10:22:01.914Z,"Urgent rehabilitation of maternal health services and provision of comprehensive  sexual and gender-based violence services, including response to Zika, in the departments affected by Hurricane Matthew","",,,0.1125,,0.1125,1,0,0,0,0,0,0,0,0,0,0,0.1125,0,0,0.1125,,,
HTI,Haiti,Low income,Latin America & Caribbean,,,2017-10-31,2017-12-28T17:03:50.186Z,Haiti: emergency response hurricane (7F-09911.01),7F-09911.01,0.11,0.972,0.113169,,0.113169,1,0,0,0,0,0,0,0,0,0,0,0.113169,0,0,0.113169,,,
HTI,Haiti,Low income,Latin America & Caribbean,,,2018-01-29,2018-01-29T09:44:06.298Z,Food Assistance to Victims of Hurricane Irma in Haiti,"",,,0.4,,0.4,1,0,0,0,0,0,0,0,0,0,0,0,0.4,0,0.4,,,
HTI,Haiti,Low income,Latin America & Caribbean,,,2018-03-07,2018-06-06T09:53:15.295Z,Support to communities affected by Hurricane Matthew,P005997,0.8,1.273,0.628437,,0.628437,1,0,0,0,0,0,0,0,0,0,0,0,0,0.628437,0.628437,,,
HTI,Haiti,Low income,Latin America & Caribbean,,,2018-03-15,2018-04-04T08:55:49.464Z,Emergency agricultural assistance to family farmers affected by Hurricanes Matthew and Irma in the North-East and Grande Anse Departments.,18-UF-FAO-009,,,0.984569,,0.984569,1,0,0,0,0,0,0,0,0,0,0,0,0,0.984569,0.984569,,,
HTI,Haiti,Low income,Latin America & Caribbean,,,2018-03-20,2018-04-04T08:55:49.464Z,Shelter and NFI Assistance for the Most Vulnerable People Affected by Hurricane Matthew,18-UF-IOM-008,,,2.77984,,2.77984,1,0,0,0,0,0,0,0,0,0,0,0,0,2.77984,2.77984,,,
HTI,Haiti,Low income,Latin America & Caribbean,,,2018-03-22,2018-08-27T14:16:23.529Z,"Housing and economic recovery after Hurricane Matthew, Phase II",284.014 / p180015,1.134747,0.994,1.141597,,1.141597,1,0,0,0,0,0,0,0,0,0,0,0,0,1.141597,1.141597,,,
HTI,Haiti,Low income,Latin America & Caribbean,,,2018-03-22,2018-08-27T14:17:36.446Z,Projet de réhabilitation des conditions de vie et de production,285.004 / 830.388,0.544149,0.994,0.547434,,0.547434,1,0,0,0,0,0,0,0,0,0,0,0,0,0.547434,0.547434,,,
HTI,Haiti,Low income,Latin America & Caribbean,,,2018-03-22,2018-08-27T14:18:30.168Z,Projet de réhabilitation des conditions de vie et de production,285.004 / 830.388,0.544149,0.994,0.547434,,0.547434,1,0,0,0,0,0,0,0,0,0,0,0,0,0.547434,0.547434,,,
HTI,Haiti,Low income,Latin America & Caribbean,,,2018-03-22,2018-05-02T14:35:34.958Z,"Housing and economic recovery after Hurricane Matthew, Phase II",284.014 / p180015,1.134747,0.939,1.208463,,1.208463,1,0,0,0,0,0,0,0,0,0,0,0,0,1.208463,1.208463,,,
HTI,Haiti,Low income,Latin America & Caribbean,,,2018-03-23,2018-04-17T12:45:56.532Z,"Improve access to sexual and reproductive health services for Haitian women of reproductive age affected by Hurricane Matthew and/or displaced in Grand Anse, South and West Departments","",,,0.497717,,0.497717,1,0,0,0,0,0,0,0,0,0,0,0,0,0.497717,0.497717,,,
