destination_Organization_id,id,amountUSD,budgetYear,createdAt,date,decisionDate,description,firstReportedDate,flowType,newMoney,originalCurrency,method,parentFlowId,status,updatedAt,versionId,boundary,onBoundary,source_Organization_id,source_UsageYear_id,Donor,source_UsageYear_name,destination_Plan_id,destination_GlobalCluster_id,destination_Location_id,destination_iso3,destination_Project_id,destination_UsageYear_id,destination_Plan_name,Recipient.Organization,destination_GlobalCluster_name,Destination.Country,destination_Project_name,destination_UsageYear_name,report_type,report_organisation,report_channel,report_date,originalAmount,source_Location_id,source_iso3,source_Location_name,destination_Emergency_id,destination_Emergency_name,refCode,source_GlobalCluster_id,source_GlobalCluster_name,exchangeRate,source_Plan_id,source_Plan_name,grandBargainEarmarkingType,source_Emergency_id,source_Emergency_name,source_Project_id,source_Project_name,destination_Cluster_id,destination_Cluster_name,source_Cluster_id,source_Cluster_name,Recipient.Organization.Type,analysis_date,flow_date_type,emergency_boundary,plan_boundary,description_search_flag,potential_overlap_flag
"",167631,7551,2017,2017-12-07T16:47:06.206Z,2017-09-30T00:00:00Z,"",Adm support  (USAID/OFDA),2017-11-01T00:00:00Z,Standard,t,"",Traditional aid,,commitment,2017-12-07,1,incoming,single,2933,38,"United States of America, Government of",2017,"",26480,116,KEN,,38,"","",Coordination and support services,Kenya,"",2017,Primary,"United States of America, Government of",Email,2017-11-01T00:00:00.000Z,,237,USA,United States,667,Kenya Drought 2017,"","","",,"","","","","",,"","","","","",,2017-09-30,approved date,Incoming,,FALSE,FALSE
1022,166030,812871,,2017-11-14T09:53:42.379Z,2017-08-24T00:00:00Z,"","Water, Sanitation and Hygiene,Economic Recovery and Market Systems,Agriculture and Food Security (USAID/OFDA)",2017-11-02T00:00:00Z,Standard,t,"",Traditional aid,,commitment,2017-11-14,1,incoming,single,2933,38,"United States of America, Government of",2017,"",11 | 2 | 6,116,KEN,,38,"",Rural Organization for Advocacy and Development International,Water Sanitation Hygiene | Early Recovery | Food Security,Kenya,"",2017,Primary,"United States of America, Government of",Email,2017-11-01T00:00:00.000Z,,237,USA,United States,667,Kenya Drought 2017,AID-OFDA-G-17-00270,"","",,"","","","","",,"","","","","",NGO,2017-08-24,approved date,Incoming,,FALSE,FALSE
135,161310,568828,2017,2017-07-13T02:25:11.622Z,2017-07-07T00:00:00Z,2017-07-07T00:00:00Z,"Supporting Livelihood Assets for Pastoralists in Northern Kenia; 2017: 500.000,00 € 2018: 0,00 €",2017-07-13T00:00:00Z,Standard,t,EUR,Traditional aid,,commitment,2017-07-17,1,incoming,single,4306,38,"Germany, Government of",2017,"",2,116,KEN,,38,"",Vétérinaire sans Frontieres,Early Recovery,Kenya,"",2017,Primary,"Germany, Government of",From EDRIS,2017-07-13T00:00:00.000Z,500000,83,DEU,Germany,667,Kenya Drought 2017,AA-S09 321.50 KEN 06/17,"","",0.879,"","","","","",,"","","","","",NGO,2017-07-07,approved date,Incoming,,FALSE,FALSE
1503,165486,1099951,,2017-11-01T14:50:38.878Z,2017-08-23T00:00:00Z,"","Water, Sanitation and Hygiene,Nutrition,Agriculture and Food Security (USAID/OFDA)",2017-09-08T00:00:00Z,Standard,t,"",Traditional aid,,commitment,2017-11-01,1,incoming,single,2933,38,"United States of America, Government of",2017,"",11 | 9 | 6,116,KEN,,38,"",Food for the Hungry,Water Sanitation Hygiene | Nutrition | Food Security,Kenya,"",2017,Primary,"United States of America, Government of",Email,2017-09-08T00:00:00.000Z,,237,USA,United States,667,Kenya Drought 2017,AID-OFDA-G-17-00204,"","",,"","","","","",,"","","","","",NGO,2017-08-23,approved date,Incoming,,FALSE,FALSE
1504,166028,2000000,,2017-11-14T09:40:38.587Z,2017-09-20T00:00:00Z,"","Water, Sanitation and Hygiene,Nutrition (USAID/OFDA)",2017-11-02T00:00:00Z,Standard,t,"",Traditional aid,,commitment,2017-11-14,1,incoming,single,2933,38,"United States of America, Government of",2017,"",11,116,KEN,,38,"",Concern Worldwide,Water Sanitation Hygiene,Kenya,"",2017,Primary,"United States of America, Government of",Email,2017-11-01T00:00:00.000Z,,237,USA,United States,667,Kenya Drought 2017,AID-OFDA-G-17-00280,"","",,"","","","","",,"",3555 | 3553,WASH | Nutrition,"","",NGO,2017-09-20,approved date,Incoming,,FALSE,FALSE
1504,166029,2000000,,2017-11-14T09:42:56.748Z,2017-09-11T00:00:00Z,"","Water, Sanitation and Hygiene,Nutrition (USAID/OFDA)",2017-11-02T00:00:00Z,Standard,t,"",Traditional aid,,commitment,2017-11-14,1,incoming,single,2933,38,"United States of America, Government of",2017,"",11 | 9,116,KEN,,38,"",Concern Worldwide,Water Sanitation Hygiene | Nutrition,Kenya,"",2017,Primary,"United States of America, Government of",Email,2017-11-01T00:00:00.000Z,,237,USA,United States,667,Kenya Drought 2017,AID-OFDA-G-17-00276,"","",,"","","","","",,"","","","","",NGO,2017-09-11,approved date,Incoming,,FALSE,FALSE
1850,165478,1295183,,2017-11-01T14:38:55.309Z,2017-08-21T00:00:00Z,"","Water, Sanitation and Hygiene,Nutrition (USAID/OFDA)",2017-09-08T00:00:00Z,Standard,t,"",Traditional aid,,commitment,2017-11-01,1,incoming,single,2933,38,"United States of America, Government of",2017,589,11,116,KEN,50694,38,Kenya Flash Appeal 2017,World Vision International,Water Sanitation Hygiene,Kenya,World Vision Kenya WASH Drought Response,2017,Primary,"United States of America, Government of",Email,2017-09-08T00:00:00.000Z,,237,USA,United States,667,Kenya Drought 2017,AID-OFDA-G-17-00283,"","",,"","","","","",,"",3555,WASH,"","",NGO,2017-08-21,approved date,Incoming,Incoming,FALSE,FALSE
1892,153795,365333,2017,2016-12-13T12:32:00Z,2017-01-23T00:00:00Z,2017-01-23T00:00:00Z,Drought Response (D002531).,2017-01-31T00:00:00Z,Standard,t,CAD,Traditional aid,,commitment,2017-03-16,1,incoming,single,2928,38,"Canada, Government of",2017,"",6,116,KEN,,38,"",Canadian Food Grains Bank,Food Security,Kenya,"",2017,Primary,"Canada, Government of",Email,2017-01-31T00:00:00.000Z,494661,40,CAN,Canada,667,Kenya Drought 2017,D002531,"","",1.354,"","","","","",,"","","","","",NGO,2017-01-23,approved date,Incoming,,FALSE,FALSE
1892,153798,132939,2017,2016-12-13T12:32:00Z,2017-01-31T00:00:00Z,2017-01-31T00:00:00Z,Drought Response (D002531).,2017-01-31T00:00:00Z,Standard,t,CAD,Traditional aid,,commitment,2017-03-16,1,incoming,single,2928,38,"Canada, Government of",2017,"",6,116,KEN,,38,"",Canadian Food Grains Bank,Food Security,Kenya,"",2017,Primary,"Canada, Government of",Email,2017-01-31T00:00:00.000Z,180000,40,CAN,Canada,667,Kenya Drought 2017,D002531,"","",1.354,"","","","","",,"","","","","",NGO,2017-01-31,reported date,Incoming,,FALSE,FALSE
1892,157573,374581,2017,2017-04-28T08:48:54.515Z,2017-04-13T00:00:00Z,2017-04-13T00:00:00Z,ADRA support for drought-affected Mandera West (D002531).,2017-04-25T00:00:00Z,Standard,t,CAD,Traditional aid,,commitment,2017-04-28,1,incoming,single,2928,38,"Canada, Government of",2017,"",6,116,KEN,,38,"",Canadian Food Grains Bank,Food Security,Kenya,"",2017,Primary,"Canada, Government of",Email,2017-04-25T00:00:00.000Z,499691,40,CAN,Canada,667,Kenya Drought 2017,D002531,"","",1.334,"","","","","",,"","","","","",NGO,2017-04-13,approved date,Incoming,,FALSE,FALSE
1892,163971,389501,,2017-09-21T10:40:16.246Z,2017-05-23T00:00:00Z,2017-05-23T00:00:00Z,MCCC support for drought-affected Turkana.(D002531),2017-09-18T00:00:00Z,Standard,t,CAD,Traditional aid,,commitment,2017-09-21,1,incoming,single,2928,38,"Canada, Government of",2017,"",6,116,KEN,,38,"",Canadian Food Grains Bank,Food Security,Kenya,"",2017,Primary,"Canada, Government of",Email,2017-09-18T00:00:00.000Z,530500,40,CAN,Canada,667,Kenya Drought 2017,D002531,"","",1.362,"","","","","",,"","","","","",NGO,2017-05-23,approved date,Incoming,,FALSE,FALSE
1892,163972,231554,,2017-09-21T10:41:52.983Z,2017-08-14T00:00:00Z,2017-08-14T00:00:00Z,ERDO support for drought-affected people in Marsabit district.(D002531),2017-09-18T00:00:00Z,Standard,t,CAD,Traditional aid,,commitment,2017-09-21,1,incoming,single,2928,38,"Canada, Government of",2017,"",6,116,KEN,,38,"",Canadian Food Grains Bank,Food Security,Kenya,"",2017,Primary,"Canada, Government of",Email,2017-09-18T00:00:00.000Z,315376,40,CAN,Canada,667,Kenya Drought 2017,D002531,"","",1.362,"","","","","",,"","","","","",NGO,2017-08-14,approved date,Incoming,,FALSE,FALSE
2054,155287,213980,2017,2017-12-22T04:25:27.351Z,2017-02-28T00:00:00Z,2017-02-28T00:00:00Z,Cash response as well as the re-establishment of the water distributions in Marsabit and Isiolo.,2017-03-18T00:00:00Z,Standard,t,DKK,Traditional aid,,commitment,2017-12-22,2,incoming,single,3776,38,"Denmark, Government of",2017,"",6,116,KEN,,38,"",Danish Red Cross,Food Security,Kenya,"",2017,Primary,"Denmark, Government of",From EDRIS,2017-12-22T00:00:00.000Z,1500000,61,DNK,Denmark,667,Kenya Drought 2017,2016-42679,"","",7.01,"","","","","",,"","","","","",Red Cross/Red Crescent,2017-02-28,approved date,Incoming,,FALSE,FALSE
2054,162179,30609,2017,2017-12-22T04:25:29.312Z,2017-07-25T00:00:00Z,2017-07-25T00:00:00Z,Psychosocial support in case of breakout of conflict during the 2017-elections in Kenya,2017-07-28T00:00:00Z,Standard,t,DKK,Traditional aid,,commitment,2017-12-22,2,incoming,single,3776,38,"Denmark, Government of",2017,"",7,116,KEN,,38,"",Danish Red Cross,Health,Kenya,"",2017,Primary,"Denmark, Government of",From EDRIS,2017-12-22T00:00:00.000Z,200000,61,DNK,Denmark,667,Kenya Drought 2017,2016-42679,"","",6.534,"","","","","",,"","","","","",Red Cross/Red Crescent,2017-07-25,approved date,Incoming,,FALSE,FALSE
2178,158781,859291,2017,2019-05-23T01:28:40.485Z,2017-04-07T00:00:00Z,2017-04-07T00:00:00Z,"Improvement and maintenance of Water Supply, Sanitation and Hygiene (WASH) conditions in Kakuma refugee camp (ECHO/-HF/BUD/2017/91020)",2017-04-11T00:00:00Z,Standard,t,EUR,Traditional aid,155329,commitment,2019-05-31,4,incoming,single,8523,38,European Commission's Humanitarian Aid and Civil Protection Department,2017,589,11,116,KEN,50697,38,Kenya Flash Appeal 2017,Norwegian Refugee Council,Water Sanitation Hygiene,Kenya,WASH humanitarian assistance to the most vulnerable population affected by the drought in Mandera County,2017,Primary,European Commission's Humanitarian Aid and Civil Protection Department,From EDRIS,2018-04-30T00:00:00.000Z,800000,"","","",667,Kenya Drought 2017,ECHO/-HF/BUD/2017/91020,"","",0.931,"","","","","",,"",3555,WASH,"","",NGO,2017-04-07,approved date,Incoming,Incoming,FALSE,FALSE
2304,158221,281849,2017,2017-05-12T02:25:35.454Z,2017-05-05T00:00:00Z,2017-05-05T00:00:00Z,"Emergency Response in Garissa County, North East Kenya",2017-05-12T00:00:00Z,Standard,t,SEK,Traditional aid,,commitment,2017-05-12,1,incoming,single,2921,38,"Sweden, Government of",2017,"","",116,KEN,,38,"",Islamic Relief Worldwide,"",Kenya,"",2017,Primary,"Sweden, Government of",From EDRIS,2017-05-12T00:00:00.000Z,2500000,216,SWE,Sweden,667,Kenya Drought 2017,"","","",8.87,"","","","","",,"","","","","",NGO,2017-05-05,approved date,Incoming,,FALSE,FALSE
2314,165484,1499490,,2017-11-01T14:46:43.913Z,2017-08-14T00:00:00Z,"","Water, Sanitation and Hygiene,Nutrition (USAID/OFDA)",2017-09-08T00:00:00Z,Standard,t,"",Traditional aid,,commitment,2017-11-01,1,incoming,single,2933,38,"United States of America, Government of",2017,"",11 | 9,116,KEN,,38,"",Mercy-USA for Aid and Development,Water Sanitation Hygiene | Nutrition,Kenya,"",2017,Primary,"United States of America, Government of",Email,2017-09-08T00:00:00.000Z,,237,USA,United States,667,Kenya Drought 2017,AID-OFDA-G-17-00269,"","",,"","","","","",,"","","","","",NGO,2017-08-14,approved date,Incoming,,FALSE,FALSE
2452,165480,499937,,2017-11-01T14:41:15.832Z,2017-07-14T00:00:00Z,"","Water, Sanitation and Hygiene,Economic Recovery and Market Systems (USAID/OFDA)",2017-09-08T00:00:00Z,Standard,t,"",Traditional aid,,commitment,2017-11-01,1,incoming,single,2933,38,"United States of America, Government of",2017,"",11 | 2,116,KEN,,38,"",Wajir South Development Association,Water Sanitation Hygiene | Early Recovery,Kenya,"",2017,Primary,"United States of America, Government of",Email,2017-09-08T00:00:00.000Z,,237,USA,United States,667,Kenya Drought 2017,AID-OFDA-G-17-00169,"","",,"","","","","",,"","","","","",NGO,2017-07-14,approved date,Incoming,,FALSE,FALSE
2497,160159,108578,2017,2017-06-15T02:25:16.947Z,2017-05-23T00:00:00Z,2017-05-23T00:00:00Z,To save lives and alleviate suffering,2017-06-15T00:00:00Z,Standard,t,EUR,Traditional aid,,commitment,2017-06-15,1,incoming,single,3009,38,"Ireland, Government of",2017,"",9,116,KEN,,38,"",Trocaire,Nutrition,Kenya,"",2017,Primary,"Ireland, Government of",From EDRIS,2017-06-15T00:00:00.000Z,100000,107,IRL,Ireland,667,Kenya Drought 2017,TRO ERFS 2017,"","",0.921,"","","","","",,"","","","","",NGO,2017-05-23,approved date,Incoming,,FALSE,FALSE
2849,165477,4000000,,2017-11-01T14:36:23.324Z,2017-08-14T00:00:00Z,"","Water, Sanitation and Hygiene,Nutrition (USAID/OFDA)",2017-09-08T00:00:00Z,Standard,t,"",Traditional aid,,commitment,2017-11-01,1,incoming,single,2933,38,"United States of America, Government of",2017,589,11,116,KEN,,38,Kenya Flash Appeal 2017,Save the Children,Water Sanitation Hygiene,Kenya,"",2017,Primary,"United States of America, Government of",Email,2017-09-08T00:00:00.000Z,,237,USA,United States,667,Kenya Drought 2017,AID-OFDA-G-17-00220,"","",,"","","","","",,"",3555,WASH,"","",NGO,2017-08-14,approved date,Incoming,Incoming,FALSE,FALSE
2849,168142,239234,2017,2017-12-19T04:25:24.131Z,2017-11-19T00:00:00Z,2017-11-19T00:00:00Z,Support to drought affected populations to increase food security and decrease malnutrition of children,2017-12-19T00:00:00Z,Standard,t,SEK,Traditional aid,,commitment,2017-12-19,1,incoming,single,2921,38,"Sweden, Government of",2017,589,9,116,KEN,52663,38,Kenya Flash Appeal 2017,Save the Children,Nutrition,Kenya,"Strengthening Emergency Lifesaving Nutrition Response in Turkana, Mandera and Wajir Counties ",2017,Primary,"Sweden, Government of",From EDRIS,2017-12-19T00:00:00.000Z,2000000,216,SWE,Sweden,667,Kenya Drought 2017,"","","",8.36,"","","","","",,"",3553,Nutrition,"","",NGO,2017-11-19,approved date,Incoming,Incoming,FALSE,FALSE
2884,157899,32573,2017,2017-05-05T02:25:21.522Z,2017-04-27T00:00:00Z,2017-04-27T00:00:00Z,Secondment of Environment Officer to WFP,2017-05-05T00:00:00Z,Standard,t,SEK,Traditional aid,,commitment,2017-05-05,1,incoming,single,2921,38,"Sweden, Government of",2017,"","",116,KEN,,38,"",Swedish Civil Contingencies Agency (MSB),"",Kenya,"",2017,Primary,"Sweden, Government of",From EDRIS,2017-05-05T00:00:00.000Z,290000,216,SWE,Sweden,667,Kenya Drought 2017,"","","",8.903,"","","","","",,"","","","","",Government,2017-04-27,approved date,Incoming,,FALSE,FALSE
2884,158417,85457,2017,2017-05-18T02:25:06.531Z,2017-05-12T00:00:00Z,2017-05-12T00:00:00Z,Secondment of Emergency Information Management Specialist to Unicef,2017-05-18T00:00:00Z,Standard,t,SEK,Traditional aid,,commitment,2017-05-18,1,incoming,single,2921,38,"Sweden, Government of",2017,"",26480,116,KEN,,38,"",Swedish Civil Contingencies Agency (MSB),Coordination and support services,Kenya,"",2017,Primary,"Sweden, Government of",From EDRIS,2017-05-18T00:00:00.000Z,758000,216,SWE,Sweden,667,Kenya Drought 2017,"","","",8.87,"","","","","",,"","","","","",Government,2017-05-12,approved date,Incoming,,FALSE,FALSE
2886,166027,1000000,,2017-11-14T09:38:50.847Z,2017-09-20T00:00:00Z,"","Water, Sanitation and Hygiene (USAID/OFDA)",2017-11-02T00:00:00Z,Standard,t,"",Traditional aid,,commitment,2017-11-14,1,incoming,single,2933,38,"United States of America, Government of",2017,589,11,116,KEN,50693,38,Kenya Flash Appeal 2017,Agency for Technical Cooperation and Development,Water Sanitation Hygiene,Kenya,"Provision of life-saving water and hygiene services to 21000 drought-affected and vulnerable individuals in Samburu, Baringo and Mandera counties in Kenya.",2017,Primary,"United States of America, Government of",Email,2017-11-01T00:00:00.000Z,,237,USA,United States,667,Kenya Drought 2017,AID-OFDA-G-17-00293,"","",,"","","","","",,"",3555,WASH,"","",NGO,2017-09-20,approved date,Incoming,Incoming,FALSE,FALSE
2915,156567,1500048,2017,2017-04-21T02:25:49.031Z,2017-04-06T00:00:00Z,2017-04-06T00:00:00Z,Accelerate nutrition response to the drought emergency in ASAL and Urban informal settlements.,2017-04-07T00:00:00Z,Standard,f,"",Traditional aid,,paid,2017-11-21,3,internal,single,4762,38,Central Emergency Response Fund,2017,589,9,116,KEN,50703,38,Kenya Flash Appeal 2017,United Nations Children's Fund,Nutrition,Kenya,Accelerate nutrition response to the drought emergency in 11 priority counties,2017,Primary,Central Emergency Response Fund,From CERF,2017-04-21T00:00:00.000Z,,"","","",667,Kenya Drought 2017,17-RR-CEF-034,"","",,"","",unearmarked,"","",,"",3553,Nutrition,"","",UN agency,2017-04-06,approved date,Incoming,Incoming,FALSE,FALSE
2915,156568,290184,2017,2017-04-21T02:25:49.539Z,2017-04-06T00:00:00Z,2017-04-06T00:00:00Z,"Enhancing the protection of children affected by drought in ten priority counties, Kenya",2017-04-07T00:00:00Z,Standard,f,"",Traditional aid,,paid,2017-04-25,3,internal,single,4762,38,Central Emergency Response Fund,2017,589,10,116,KEN,50708,38,Kenya Flash Appeal 2017,United Nations Children's Fund,Protection,Kenya,Respond to the protection needs of drought affected population,2017,Primary,Central Emergency Response Fund,From CERF,2017-04-21T00:00:00.000Z,,"","","",667,Kenya Drought 2017,17-RR-CEF-036,"","",,"","",unearmarked,"","",,"",3554,Protection,"","",UN agency,2017-04-06,approved date,Incoming,Incoming,FALSE,FALSE
2915,156650,429646,2017,2017-06-09T11:59:56.074Z,2017-04-07T00:00:00Z,2017-04-07T00:00:00Z,Emergency Education and Protection Response for Refugee Children in Kenya (part of ECHO/-HF/BUD/2017/91026),2017-04-08T00:00:00Z,Standard,t,EUR,Traditional aid,155329,paid,2017-11-16,3,incoming,single,8523,38,European Commission's Humanitarian Aid and Civil Protection Department,2017,589,3,116,KEN,50687,38,Kenya Flash Appeal 2017,United Nations Children's Fund,Education,Kenya,Protracted Drought Emergency Education Response,2017,Primary,United Nations Children's Fund,Email,2017-05-22T00:00:00.000Z,400000,"","","",667,Kenya Drought 2017,SM170186/part of ECHO/-HF/BUD/2017/91026,"","",0.931,"","","","","",,"",3549,Education,"","",UN agency,2017-04-07,approved date,Incoming,Incoming,FALSE,FALSE
2915,156688,1800128,2017,2017-04-14T02:25:47.533Z,2017-04-07T00:00:00Z,2017-04-07T00:00:00Z,"Water security for 200,000 people in drought-affected counties in Kenya",2017-04-08T00:00:00Z,Standard,f,"",Traditional aid,,paid,2017-04-18,3,internal,single,4762,38,Central Emergency Response Fund,2017,589,11,116,KEN,50691,38,Kenya Flash Appeal 2017,United Nations Children's Fund,Water Sanitation Hygiene,Kenya,"Water security for 500,000 people and 100,000 school children in 10 ASAL drought-affected counties in Kenya",2017,Primary,Central Emergency Response Fund,From CERF,2017-04-14T00:00:00.000Z,,"","","",667,Kenya Drought 2017,17-RR-CEF-035,"","",,"","",unearmarked,"","",,"",3555,WASH,"","",UN agency,2017-04-07,approved date,Incoming,Incoming,FALSE,FALSE
2915,156798,217211,2017,2017-04-20T02:32:45.730Z,2017-04-11T00:00:00Z,2017-04-11T00:00:00Z,Emergency Health Response to drought disaster in five counties in Kenya,2017-04-12T00:00:00Z,Standard,f,"",Traditional aid,,paid,2017-04-26,4,internal,single,4762,38,Central Emergency Response Fund,2017,589,7,116,KEN,50700,38,Kenya Flash Appeal 2017,United Nations Children's Fund,Health,Kenya,Withdrawn- Drought Emergency Health Intervention Kenya,2017,Primary,Central Emergency Response Fund,From CERF,2017-04-20T00:00:00.000Z,,"","","",667,Kenya Drought 2017,17-RR-CEF-037,"","",,"","",unearmarked,"","",,"",3552,Health,"","",UN agency,2017-04-11,approved date,Incoming,Incoming,FALSE,FALSE
2915,158984,750000,2017,2017-11-01T14:28:46.007Z,2017-04-13T00:00:00Z,2017-04-13T00:00:00Z,Nutrition (USAID/OFDA) (SM160444),2017-05-08T00:00:00Z,Standard,t,USD,Traditional aid,,paid,2017-11-01,3,incoming,single,2933,38,"United States of America, Government of",2017,589,9,116,KEN,50703,38,Kenya Flash Appeal 2017,United Nations Children's Fund,Nutrition,Kenya,Accelerate nutrition response to the drought emergency in 11 priority counties,2017,Primary,"United States of America, Government of",Email,2017-09-08T00:00:00.000Z,,237,USA,United States,667,Kenya Drought 2017,AID-OFDA-IO-16-00088-01,"","",,"","","","","",,"",3553,Nutrition,"","",UN agency,2017-04-13,approved date,Incoming,Incoming,FALSE,FALSE
2915,159910,373533,,2017-06-12T08:13:03.522Z,2017-03-28T00:00:00Z,2017-03-28T00:00:00Z,Emergency nutrition- Kenya -SHO,2017-05-22T00:00:00Z,Standard,t,"",Traditional aid,,paid,2017-11-21,1,incoming,single,2919,38,UNICEF National Committee/Netherlands,2017,589,9,116,KEN,50703,38,Kenya Flash Appeal 2017,United Nations Children's Fund,Nutrition,Kenya,Accelerate nutrition response to the drought emergency in 11 priority counties,2017,Primary,United Nations Children's Fund,Email,2017-05-22T00:00:00.000Z,,"","","",667,Kenya Drought 2017,SM170162,"","",,"","","","","",,"",3553,Nutrition,"","",UN agency,2017-03-28,approved date,Incoming,Incoming,FALSE,FALSE
2915,159911,106724,,2017-06-12T08:14:05.220Z,2017-03-28T00:00:00Z,2017-03-28T00:00:00Z,Emergency nutrition- Kenya -SHO (SM170163),2017-05-22T00:00:00Z,Standard,t,"",Traditional aid,,paid,2017-11-21,1,incoming,single,2919,38,UNICEF National Committee/Netherlands,2017,589,9,116,KEN,50703,38,Kenya Flash Appeal 2017,United Nations Children's Fund,Nutrition,Kenya,Accelerate nutrition response to the drought emergency in 11 priority counties,2017,Primary,United Nations Children's Fund,Email,2017-05-22T00:00:00.000Z,,"","","",667,Kenya Drought 2017,SM170163,"","",,"","","","","",,"",3553,Nutrition,"","",UN agency,2017-03-28,approved date,Incoming,Incoming,FALSE,FALSE
2915,159912,265393,,2017-06-12T08:14:52.741Z,2017-04-24T00:00:00Z,2017-04-24T00:00:00Z,Emergency nutrition- Kenya -SHO (SM170163),2017-05-22T00:00:00Z,Standard,t,"",Traditional aid,,paid,2017-11-21,1,incoming,single,2919,38,UNICEF National Committee/Netherlands,2017,589,9,116,KEN,50703,38,Kenya Flash Appeal 2017,United Nations Children's Fund,Nutrition,Kenya,Accelerate nutrition response to the drought emergency in 11 priority counties,2017,Primary,United Nations Children's Fund,Email,2017-05-22T00:00:00.000Z,,"","","",667,Kenya Drought 2017,SM170163,"","",,"","","","","",,"",3553,Nutrition,"","",UN agency,2017-04-24,approved date,Incoming,Incoming,FALSE,FALSE
2915,159909,240350,,2017-06-12T08:11:24.700Z,2017-03-16T00:00:00Z,2017-03-16T00:00:00Z,Kenya - Nutrition and WASH response and mitigation of drought (SM170119),2017-05-22T00:00:00Z,Standard,t,"",Traditional aid,,paid,2017-11-21,1,incoming,single,4537,38,"Japan, Government of",2017,589,9,116,KEN,50703,38,Kenya Flash Appeal 2017,United Nations Children's Fund,Nutrition,Kenya,Accelerate nutrition response to the drought emergency in 11 priority counties,2017,Primary,United Nations Children's Fund,Email,2017-05-22T00:00:00.000Z,,112,JPN,Japan,667,Kenya Drought 2017,SM170119,"","",,"","","","","",,"",3553,Nutrition,"","",UN agency,2017-03-16,approved date,Incoming,Incoming,FALSE,FALSE
2915,159913,1867995,,2017-06-12T08:16:13.901Z,2017-04-13T00:00:00Z,2017-04-13T00:00:00Z,Kenya: Managing Malnutrition in Kenya (SM170197),2017-05-22T00:00:00Z,Standard,t,"",Traditional aid,,paid,2017-11-21,1,incoming,single,2917,38,"United Kingdom, Government of",2017,589,9,116,KEN,50703,38,Kenya Flash Appeal 2017,United Nations Children's Fund,Nutrition,Kenya,Accelerate nutrition response to the drought emergency in 11 priority counties,2017,Primary,United Nations Children's Fund,Email,2017-05-22T00:00:00.000Z,,236,GBR,United Kingdom,667,Kenya Drought 2017,SM170197,"","",,"","","","","",,"",3553,Nutrition,"","",UN agency,2017-04-13,approved date,Incoming,Incoming,FALSE,FALSE
2915,159914,3113325,,2017-06-12T08:16:46.147Z,2017-04-13T00:00:00Z,2017-04-13T00:00:00Z,Kenya: Managing Malnutrition in Kenya (SM170197),2017-05-22T00:00:00Z,Standard,t,"",Traditional aid,,paid,2017-11-21,1,incoming,single,2917,38,"United Kingdom, Government of",2017,589,9,116,KEN,50703,38,Kenya Flash Appeal 2017,United Nations Children's Fund,Nutrition,Kenya,Accelerate nutrition response to the drought emergency in 11 priority counties,2017,Primary,United Nations Children's Fund,Email,2017-05-22T00:00:00.000Z,,236,GBR,United Kingdom,667,Kenya Drought 2017,SM170197,"","",,"","","","","",,"",3553,Nutrition,"","",UN agency,2017-04-13,approved date,Incoming,Incoming,FALSE,FALSE
2915,159959,1850000,,2017-06-12T12:10:29.594Z,2017-03-23T00:00:00Z,2017-03-23T00:00:00Z,Kenya:Education forRefugee Children and Youth (SM170154),2017-05-22T00:00:00Z,Standard,t,"",Traditional aid,,paid,2017-11-22,1,incoming,single,2933,38,"United States of America, Government of",2017,589,3,116,KEN,50687,38,Kenya Flash Appeal 2017,United Nations Children's Fund,Education,Kenya,Protracted Drought Emergency Education Response,2017,Primary,United Nations Children's Fund,Email,2017-05-22T00:00:00.000Z,,237,USA,United States,667,Kenya Drought 2017,SM170154,"","",,"","","","","",,"",3549,Education,"","",UN agency,2017-03-23,approved date,Incoming,Incoming,FALSE,FALSE
2915,161911,17379,,2017-07-24T09:18:42.792Z,2017-06-26T00:00:00Z,2017-06-26T00:00:00Z,Thematic 1- Health - ESARO,2017-07-07T00:00:00Z,Standard,t,"",Traditional aid,,paid,2017-07-24,1,incoming,single,4335,38,UNICEF National Committee/Denmark,2017,589,7,116,KEN,50700,38,Kenya Flash Appeal 2017,United Nations Children's Fund,Health,Kenya,Withdrawn- Drought Emergency Health Intervention Kenya,2017,Primary,United Nations Children's Fund,Email,2017-07-07T00:00:00.000Z,,"","","",667,Kenya Drought 2017,SM1499101497,"","",,"","","","","",,"",3552,Health,"","",UN agency,2017-06-26,approved date,Incoming,Incoming,FALSE,FALSE
2915,161908,45900,2017,2017-07-24T09:01:04.684Z,2017-02-18T00:00:00Z,2017-02-18T00:00:00Z,Kenya: Support UNICEF's Nutrition Programme (AID-FFP-G-16-00121),2017-07-07T00:00:00Z,Standard,t,USD,Traditional aid,,paid,2017-07-24,1,incoming,single,2933,38,"United States of America, Government of",2017,589,9,116,KEN,,38,Kenya Flash Appeal 2017,United Nations Children's Fund,Nutrition,Kenya,"",2017,Primary,United Nations Children's Fund,Email,2017-07-07T00:00:00.000Z,,237,USA,United States,667,Kenya Drought 2017,SM160517,"","",,"","","","","",,"",3553,Nutrition,"","",UN agency,2017-02-18,approved date,Incoming,Incoming,FALSE,FALSE
2915,162028,429646,2017,2017-07-26T08:15:06.500Z,2017-04-07T00:00:00Z,2017-04-07T00:00:00Z,Emergency Education and Protection Response for Refugee Children in Kenya (part of ECHO/-HF/BUD/2017/91026),2017-04-08T00:00:00Z,Standard,t,EUR,Traditional aid,155329,paid,2017-11-16,1,incoming,single,8523,38,European Commission's Humanitarian Aid and Civil Protection Department,2017,589,10,116,KEN,50708,38,Kenya Flash Appeal 2017,United Nations Children's Fund,Protection,Kenya,Respond to the protection needs of drought affected population,2017,Primary,United Nations Children's Fund,Email,2017-05-22T00:00:00.000Z,400000,"","","",667,Kenya Drought 2017,SM170186/part of ECHO/-HF/BUD/2017/91026,"","",0.931,"","","","","",,"",3554,Protection,"","",UN agency,2017-04-07,approved date,Incoming,Incoming,FALSE,FALSE
2915,162026,259650,,2017-07-26T08:07:37.740Z,2017-03-16T00:00:00Z,2017-03-16T00:00:00Z,Kenya - Nutrition and WASH response and mitigation of drought (SM170119),2017-05-22T00:00:00Z,Standard,t,"",Traditional aid,,paid,2017-07-26,1,incoming,single,4537,38,"Japan, Government of",2017,589,11,116,KEN,50691,38,Kenya Flash Appeal 2017,United Nations Children's Fund,Water Sanitation Hygiene,Kenya,"Water security for 500,000 people and 100,000 school children in 10 ASAL drought-affected counties in Kenya",2017,Primary,United Nations Children's Fund,Email,2017-05-22T00:00:00.000Z,,112,JPN,Japan,667,Kenya Drought 2017,SM170119,"","",,"","","","","",,"",3555,WASH,"","",UN agency,2017-03-16,approved date,Incoming,Incoming,FALSE,FALSE
2915,162029,443077,,2017-07-26T08:21:55.088Z,2017-07-05T00:00:00Z,2017-07-05T00:00:00Z,Kenya:Emergency Preparedness and Response to Drought Appeal,2017-07-07T00:00:00Z,Standard,t,"",Traditional aid,,paid,2017-11-21,1,incoming,single,4391,38,"Australia, Government of",2017,589,9,116,KEN,50703,38,Kenya Flash Appeal 2017,United Nations Children's Fund,Nutrition,Kenya,Accelerate nutrition response to the drought emergency in 11 priority counties,2017,Primary,United Nations Children's Fund,Email,2017-07-07T00:00:00.000Z,,14,AUS,Australia,667,Kenya Drought 2017,SM170317,"","",,"","","","","",,"",3553,Nutrition,"","",UN agency,2017-07-05,approved date,Incoming,Incoming,FALSE,FALSE
2915,162030,321070,,2017-07-26T08:22:23.212Z,2017-07-05T00:00:00Z,2017-07-05T00:00:00Z,Kenya:Emergency Preparedness and Response to Drought Appeal,2017-07-07T00:00:00Z,Standard,t,"",Traditional aid,,paid,2017-07-26,1,incoming,single,4391,38,"Australia, Government of",2017,589,11,116,KEN,50691,38,Kenya Flash Appeal 2017,United Nations Children's Fund,Water Sanitation Hygiene,Kenya,"Water security for 500,000 people and 100,000 school children in 10 ASAL drought-affected counties in Kenya",2017,Primary,United Nations Children's Fund,Email,2017-07-07T00:00:00.000Z,,14,AUS,Australia,667,Kenya Drought 2017,SM170317,"","",,"","","","","",,"",3555,WASH,"","",UN agency,2017-07-05,approved date,Incoming,Incoming,FALSE,FALSE
2915,162031,321070,,2017-07-26T08:22:55.290Z,2017-07-05T00:00:00Z,2017-07-05T00:00:00Z,Kenya:Emergency Preparedness and Response to Drought Appeal,2017-07-07T00:00:00Z,Standard,t,"",Traditional aid,,paid,2017-07-26,1,incoming,single,4391,38,"Australia, Government of",2017,589,10,116,KEN,50708,38,Kenya Flash Appeal 2017,United Nations Children's Fund,Protection,Kenya,Respond to the protection needs of drought affected population,2017,Primary,United Nations Children's Fund,Email,2017-07-07T00:00:00.000Z,,14,AUS,Australia,667,Kenya Drought 2017,SM170317,"","",,"","","","","",,"",3554,Protection,"","",UN agency,2017-07-05,approved date,Incoming,Incoming,FALSE,FALSE
2915,162032,571505,,2017-07-26T08:23:28.768Z,2017-07-05T00:00:00Z,2017-07-05T00:00:00Z,Kenya:Emergency Preparedness and Response to Drought Appeal,2017-07-07T00:00:00Z,Standard,t,"",Traditional aid,,paid,2017-07-26,1,incoming,single,4391,38,"Australia, Government of",2017,589,7,116,KEN,50700,38,Kenya Flash Appeal 2017,United Nations Children's Fund,Health,Kenya,Withdrawn- Drought Emergency Health Intervention Kenya,2017,Primary,United Nations Children's Fund,Email,2017-07-07T00:00:00.000Z,,14,AUS,Australia,667,Kenya Drought 2017,SM170317,"","",,"","","","","",,"",3552,Health,"","",UN agency,2017-07-05,approved date,Incoming,Incoming,FALSE,FALSE
2915,162033,192642,,2017-07-26T08:24:00.561Z,2017-07-05T00:00:00Z,2017-07-05T00:00:00Z,Kenya:Emergency Preparedness and Response to Drought Appeal,2017-07-07T00:00:00Z,Standard,t,"",Traditional aid,,paid,2017-07-26,1,incoming,single,4391,38,"Australia, Government of",2017,589,6,116,KEN,50696,38,Kenya Flash Appeal 2017,United Nations Children's Fund,Food Security,Kenya,"Drought Emergency Social Protection Response (DEER) in Kenya: Cash transfer to the poorest households with children in six ASAL counties (Garissa, Isiolo, Kilifi, Samburu, Taita Taveta and Tana River). ",2017,Primary,United Nations Children's Fund,Email,2017-07-07T00:00:00.000Z,,14,AUS,Australia,667,Kenya Drought 2017,SM170317,"","",,"","","","","",,"",3551,Food Security,"","",UN agency,2017-07-05,approved date,Incoming,Incoming,FALSE,FALSE
2915,162432,3529412,2017,2017-12-12T04:25:10.257Z,2017-07-28T00:00:00Z,2017-07-28T00:00:00Z,"Emergency Responsefor the Drought Affected Communities in Kenya; 2017: 3.000.000,00 € (SM170381)",2017-08-05T00:00:00Z,Standard,t,EUR,Traditional aid,,paid,2018-06-11,3,incoming,single,4306,38,"Germany, Government of",2017,589,"",116,KEN,,38,Kenya Flash Appeal 2017,United Nations Children's Fund,"",Kenya,"",2017,Primary,"Germany, Government of",From EDRIS,2017-12-12T00:00:00.000Z,3000000,83,DEU,Germany,667,Kenya Drought 2017,AA-S09 321.50 KEN 04/17,"","",0.85,"","","","","",,"","","","","",UN agency,2017-07-28,approved date,Incoming,Incoming,FALSE,FALSE
2915,164408,113766,,2017-10-03T15:38:33.281Z,2017-07-07T00:00:00Z,2017-07-07T00:00:00Z,Emergency Response:Safeguarding Drinking Water Supplies - Kenya,2017-09-12T00:00:00Z,Standard,t,"",Traditional aid,,paid,2017-10-03,1,incoming,single,2934,38,UNICEF National Committee/Belgium,2017,589,11,116,KEN,50691,38,Kenya Flash Appeal 2017,United Nations Children's Fund,Water Sanitation Hygiene,Kenya,"Water security for 500,000 people and 100,000 school children in 10 ASAL drought-affected counties in Kenya",2017,Primary,United Nations Children's Fund,Email,2017-09-12T00:00:00.000Z,,"","","",667,Kenya Drought 2017,SM170340,"","",,"","","","","",,"",3555,WASH,"","",UN agency,2017-07-07,approved date,Incoming,Incoming,FALSE,FALSE
2915,164593,750000,2017,2017-10-06T14:52:26.590Z,2017-05-10T00:00:00Z,2017-05-10T00:00:00Z,Kenya: Support UNICEF Kenya's Nutrition Programme (USAID/OFDA),2017-09-12T00:00:00Z,Standard,t,USD,Traditional aid,,paid,2017-11-01,1,incoming,single,2933,38,"United States of America, Government of",2017,589,9,116,KEN,50703,38,Kenya Flash Appeal 2017,United Nations Children's Fund,Nutrition,Kenya,Accelerate nutrition response to the drought emergency in 11 priority counties,2017,Primary,"United States of America, Government of",Email,2017-09-08T00:00:00.000Z,,237,USA,United States,667,Kenya Drought 2017,AID-OFDA-IO-16-00088-02,"","",,"","","","","",,"",3553,Nutrition,"","",UN agency,2017-05-10,approved date,Incoming,Incoming,FALSE,FALSE
2915,164594,89614,2017,2017-10-06T14:56:31.235Z,2017-02-17T00:00:00Z,2017-02-17T00:00:00Z,Kenya: Support UNICEF Kenya's Nutrition Programme (USAID/OFDA),2017-09-12T00:00:00Z,Standard,t,USD,Traditional aid,,paid,2017-10-06,1,incoming,single,2933,38,"United States of America, Government of",2017,589,9,116,KEN,50703,38,Kenya Flash Appeal 2017,United Nations Children's Fund,Nutrition,Kenya,Accelerate nutrition response to the drought emergency in 11 priority counties,2017,Primary,United Nations Children's Fund,Email,2017-09-12T00:00:00.000Z,,237,USA,United States,667,Kenya Drought 2017,SM1605177/AID-FFP-G-16-00121,"","",,"","","","","",,"",3553,Nutrition,"","",UN agency,2017-02-17,approved date,Incoming,Incoming,FALSE,FALSE
2915,168035,1500048,2017,2018-02-20T04:25:57.837Z,2017-04-10T00:00:00Z,2017-04-06T00:00:00Z,Accelerate nutrition response to the drought emergency in ASAL,2017-12-14T00:00:00Z,Standard,f,"",Traditional aid,,paid,2018-02-20,2,internal,single,4762,38,Central Emergency Response Fund,2017,589,9,116,KEN,50703,38,Kenya Flash Appeal 2017,United Nations Children's Fund,Nutrition,Kenya,Accelerate nutrition response to the drought emergency in 11 priority counties,2017,Primary,Central Emergency Response Fund,From CERF,2018-02-20T00:00:00.000Z,,"","","",667,Kenya Drought 2017,17-RR-CEF-034,"","",,"","",unearmarked,"","",,"",3553,Nutrition,"","",UN agency,2017-04-06,disbursement date,Incoming,Incoming,FALSE,FALSE
2915,170171,58072,,2018-02-02T13:41:27.331Z,2017-11-23T00:00:00Z,2017-11-23T00:00:00Z,Thematic 8- Cross Sectoral - ESARO - El Nino (SM1499101300),2017-12-14T00:00:00Z,Standard,t,"",Traditional aid,,paid,2018-02-02,1,incoming,single,3778,38,UNICEF National Committee/Germany,2017,589,"",116,KEN,,38,Kenya Flash Appeal 2017,United Nations Children's Fund,"",Kenya,"",2017,Primary,United Nations Children's Fund,Email,2017-12-14T00:00:00.000Z,,"","","",667,Kenya Drought 2017,SM1499101300,"","",,"","","","","",,"","","","","",UN agency,2017-11-23,approved date,Incoming,Incoming,FALSE,FALSE
2915,170283,21086,,2018-02-05T16:44:13.015Z,2017-02-17T00:00:00Z,2017-02-17T00:00:00Z,Kenya: Support UNICEF's Nutrition Programme (SM160517) (USAID/FFP),2017-12-14T00:00:00Z,Standard,t,"",Traditional aid,,paid,2018-02-05,1,incoming,single,2933,38,"United States of America, Government of",2017,"",9,116,KEN,,38,"",United Nations Children's Fund,Nutrition,Kenya,"",2017,Primary,United Nations Children's Fund,Email,2017-12-14T00:00:00.000Z,,237,USA,United States,667,Kenya Drought 2017,SM160517,"","",,"","","","","",,"","","","","",UN agency,2017-02-17,approved date,Incoming,,FALSE,FALSE
2915,170284,34000,,2018-02-05T16:45:42.924Z,2017-09-13T00:00:00Z,2017-09-13T00:00:00Z,Kenya:Support for an Emergency Food Security Program (SM170434) (USAID/FFP),2017-12-14T00:00:00Z,Standard,t,"",Traditional aid,,paid,2018-02-05,1,incoming,single,2933,38,"United States of America, Government of",2017,"","",116,KEN,,38,"",United Nations Children's Fund,"",Kenya,"",2017,Primary,United Nations Children's Fund,Email,2017-12-14T00:00:00.000Z,,237,USA,United States,667,Kenya Drought 2017,SM170434,"","",,"","","","","",,"","","","","",UN agency,2017-09-13,approved date,Incoming,,FALSE,FALSE
2915,170285,70000,,2018-02-05T16:46:14.572Z,2017-09-13T00:00:00Z,2017-09-13T00:00:00Z,Kenya:Support for an Emergency Food Security Program (SM170434) (USAID/FFP),2017-12-14T00:00:00Z,Standard,t,"",Traditional aid,,paid,2018-02-05,1,incoming,single,2933,38,"United States of America, Government of",2017,"","",116,KEN,,38,"",United Nations Children's Fund,"",Kenya,"",2017,Primary,United Nations Children's Fund,Email,2017-12-14T00:00:00.000Z,,237,USA,United States,667,Kenya Drought 2017,SM170434,"","",,"","","","","",,"","","","","",UN agency,2017-09-13,approved date,Incoming,,FALSE,FALSE
2915,170286,3561809,,2018-02-05T16:46:36.607Z,2017-09-13T00:00:00Z,2017-09-13T00:00:00Z,Kenya:Support for an Emergency Food Security Program (SM170434) (USAID/FFP),2017-12-14T00:00:00Z,Standard,t,"",Traditional aid,,paid,2018-02-05,1,incoming,single,2933,38,"United States of America, Government of",2017,"","",116,KEN,,38,"",United Nations Children's Fund,"",Kenya,"",2017,Primary,United Nations Children's Fund,Email,2017-12-14T00:00:00.000Z,,237,USA,United States,667,Kenya Drought 2017,SM170434,"","",,"","","","","",,"","","","","",UN agency,2017-09-13,approved date,Incoming,,FALSE,FALSE
2915,170287,22629,,2018-02-05T16:48:06.797Z,2017-02-16T00:00:00Z,2017-02-16T00:00:00Z,Kenya: Support UNICEF's Nutrition Programme (SM160517) (USAID/FFP),2017-12-14T00:00:00Z,Standard,t,"",Traditional aid,,paid,2018-02-05,1,incoming,single,2933,38,"United States of America, Government of",2017,"",9,116,KEN,,38,"",United Nations Children's Fund,Nutrition,Kenya,"",2017,Primary,United Nations Children's Fund,Email,2017-12-14T00:00:00.000Z,,237,USA,United States,667,Kenya Drought 2017,SM160517,"","",,"","","","","",,"","","","","",UN agency,2017-02-16,approved date,Incoming,,FALSE,FALSE
2915,170288,60000,,2018-02-05T16:50:04.847Z,2017-09-13T00:00:00Z,2017-09-13T00:00:00Z,Kenya:Support for an Emergency Food Security Program (SM170434)  (USAID/FFP),2017-12-14T00:00:00Z,Standard,t,"",Traditional aid,,paid,2018-02-05,1,incoming,single,2933,38,"United States of America, Government of",2017,"","",116,KEN,,38,"",United Nations Children's Fund,"",Kenya,"",2017,Primary,United Nations Children's Fund,Email,2017-12-14T00:00:00.000Z,,237,USA,United States,667,Kenya Drought 2017,SM170434,"","",,"","","","","",,"","","","","",UN agency,2017-09-13,approved date,Incoming,,FALSE,FALSE
3001,155389,91198,2017,2017-04-25T02:25:15.116Z,2017-03-14T00:00:00Z,2017-03-14T00:00:00Z,To save lives and alleviates suffering,2017-03-22T00:00:00Z,Standard,t,EUR,Traditional aid,,commitment,2017-04-25,2,incoming,single,3009,38,"Ireland, Government of",2017,"",10,116,KEN,,38,"",International Rescue Committee,Protection,Kenya,"",2017,Primary,"Ireland, Government of",From EDRIS,2017-04-25T00:00:00.000Z,86000,107,IRL,Ireland,667,Kenya Drought 2017,IRC 17 01,"","",0.943,"","","","","",,"","","","","",NGO,2017-03-14,approved date,Incoming,,FALSE,FALSE
3001,157444,1181525,2017,2017-04-26T02:25:30.351Z,2017-04-24T00:00:00Z,2017-04-24T00:00:00Z,"Improved health, nutritional status and protection for refugees and surrounding host communities in Kenya (ECHO/-HF/BUD/2017/91048)",2017-04-26T00:00:00Z,Standard,t,EUR,Traditional aid,155329,commitment,2017-11-16,1,incoming,single,8523,38,European Commission's Humanitarian Aid and Civil Protection Department,2017,"",7,116,KEN,,38,"",International Rescue Committee,Health,Kenya,"",2017,Primary,European Commission's Humanitarian Aid and Civil Protection Department,From EDRIS,2017-04-26T00:00:00.000Z,1100000,"","","",667,Kenya Drought 2017,ECHO/-HF/BUD/2017/91048,"","",0.931,"","","","","",,"","","","","",NGO,2017-04-24,approved date,Incoming,,FALSE,FALSE
3049,156614,743494,,2017-10-19T09:22:17.922Z,2017-03-16T00:00:00Z,2017-03-16T00:00:00Z,Bridging Relief and Resilience in the Arid and Semi-Arid Lands (D004505),2017-03-31T00:00:00Z,Standard,t,CAD,Traditional aid,,paid,2017-10-19,3,incoming,single,2928,38,"Canada, Government of",2017,589,"",116,KEN,,38,Kenya Flash Appeal 2017,World Food Programme,"",Kenya,"",2017,Primary,World Food Programme,Email,2017-10-18T00:00:00.000Z,1000000,40,CAN,Canada,667,Kenya Drought 2017,"","","",1.345,"","","","","",,"","","","","",UN agency,2017-03-16,approved date,Incoming,Incoming,FALSE,FALSE
3049,156687,4000132,2017,2017-04-24T12:06:28.273Z,2017-04-07T00:00:00Z,2017-04-07T00:00:00Z,"Support to treatment of Moderate Acute Malnutrition (MAM) among Children 6-59 months, and Pregnant and Lactating Women",2017-04-08T00:00:00Z,Standard,f,"",Traditional aid,,paid,2017-11-21,4,internal,single,4762,38,Central Emergency Response Fund,2017,589,9,116,KEN,50706,38,Kenya Flash Appeal 2017,World Food Programme,Nutrition,Kenya,"Support to: (i) treatment of Moderate Acute Malnutrition (MAM) among children 6-59 months, and pregnant and lactating women; and (ii) prevention of deterioration in the nutrition status of children 6-59 months.",2017,Primary,World Food Programme,Email,2017-04-21T00:00:00.000Z,,"","","",667,Kenya Drought 2017,10029681/001-C-01581-01,"","",,"","",unearmarked,"","",,"",3553,Nutrition,"","",UN agency,2017-04-07,approved date,Incoming,Incoming,FALSE,FALSE
3049,157333,228337,,2017-12-20T12:55:13.004Z,2017-04-20T00:00:00Z,2017-04-20T00:00:00Z,Bridging relief and resilience in the arid and semi-arid lands (Miscellaneous income),2017-04-21T00:00:00Z,Standard,t,"",Traditional aid,,paid,2017-12-20,3,incoming,single,"",38,"",2017,589,"",116,KEN,,38,Kenya Flash Appeal 2017,World Food Programme,"",Kenya,"",2017,Primary,World Food Programme,Email,2017-12-20T00:00:00.000Z,,"","","",667,Kenya Drought 2017,"","","",,"","","","","",,"","","","","",UN agency,2017-04-20,approved date,Incoming,Incoming,FALSE,FALSE
3049,157334,4066000,,2017-12-20T12:55:56.906Z,2017-04-20T00:00:00Z,2017-04-20T00:00:00Z,Bridging relief and resilience in the arid and semi-arid lands (Allocation from unearmarked funds),2017-04-21T00:00:00Z,Standard,f,"",Traditional aid,,paid,2017-12-20,3,internal,single,3049,38,World Food Programme,2017,589,"",116,KEN,,38,Kenya Flash Appeal 2017,World Food Programme,"",Kenya,"",2017,Primary,World Food Programme,Email,2017-12-20T00:00:00.000Z,,"","","",667,Kenya Drought 2017,"","","",,"","","","","",,"","","","","",UN agency,2017-04-20,approved date,Incoming,Incoming,FALSE,FALSE
3049,157330,500000,,2017-10-19T09:26:11.399Z,2017-03-15T00:00:00Z,2017-03-15T00:00:00Z,Bridging relief and resilience in the arid and semi-arid lands,2017-04-21T00:00:00Z,Standard,t,"",Traditional aid,,paid,2017-10-19,2,incoming,single,4537,38,"Japan, Government of",2017,589,"",116,KEN,,38,Kenya Flash Appeal 2017,World Food Programme,"",Kenya,"",2017,Primary,World Food Programme,Email,2017-10-18T00:00:00.000Z,,112,JPN,Japan,667,Kenya Drought 2017,"","","",,"","","","","",,"","","","","",UN agency,2017-03-15,approved date,Incoming,Incoming,FALSE,FALSE
3049,157331,6246,,2017-10-19T09:26:45.159Z,2017-02-28T00:00:00Z,2017-02-28T00:00:00Z,Bridging relief and resilience in the arid and semi-arid lands,2017-04-21T00:00:00Z,Standard,t,"",Traditional aid,,paid,2017-10-19,2,incoming,single,4848,38,"Kenya, Government of",2017,589,"",116,KEN,,38,Kenya Flash Appeal 2017,World Food Programme,"",Kenya,"",2017,Primary,World Food Programme,Email,2017-10-18T00:00:00.000Z,,116,KEN,Kenya,667,Kenya Drought 2017,"","","",,"","","","","",,"","","","","",UN agency,2017-02-28,approved date,Incoming,Incoming,FALSE,FALSE
3049,157328,1212821,,2018-06-05T15:23:47.178Z,2017-04-10T00:00:00Z,2017-04-10T00:00:00Z,Bridging relief and resilience in the arid and semi-arid lands,2017-04-21T00:00:00Z,Standard,t,DKK,Traditional aid,,paid,2018-06-05,3,incoming,single,3776,38,"Denmark, Government of",2017,589,"",116,KEN,,38,Kenya Flash Appeal 2017,World Food Programme,"",Kenya,"",2017,Primary,"Denmark, Government of",From EDRIS,2018-04-10T00:00:00.000Z,8400000,61,DNK,Denmark,667,Kenya Drought 2017,"","","",6.926,"","","","","",,"","","","","",UN agency,2017-04-10,approved date,Incoming,Incoming,FALSE,FALSE
3049,160317,559910,2017,2017-06-17T02:25:18.890Z,2017-06-16T00:00:00Z,2017-06-16T00:00:00Z,Contribution PAM-2017-prédéfini,2017-06-17T00:00:00Z,Standard,t,EUR,Traditional aid,,commitment,2017-06-19,1,incoming,single,4384,38,"Luxembourg, Government of",2017,589,"",116,KEN,,38,Kenya Flash Appeal 2017,World Food Programme,"",Kenya,"",2017,Primary,"Luxembourg, Government of",From EDRIS,2017-06-17T00:00:00.000Z,500000,130,LUX,Luxembourg,667,Kenya Drought 2017,AH/PAM/2017/0001,"","",0.893,"","","","","",,"","","","","",UN agency,2017-06-16,approved date,Incoming,Incoming,FALSE,FALSE
3049,163039,42706,2017,2017-08-24T02:25:07.518Z,2017-08-14T00:00:00Z,2017-08-14T00:00:00Z,"The Government of Hungary has decided to contribute to the humanitarian work of the WFP aimed to alleviate the famine in he Horn of Africa region, Nigeria and Yemen.",2017-08-24T00:00:00Z,Standard,t,EUR,Traditional aid,,commitment,2017-08-24,1,incoming,single,4844,38,"Hungary, Government of",2017,589,6,116,KEN,,38,Kenya Flash Appeal 2017,World Food Programme,Food Security,Kenya,"",2017,Primary,"Hungary, Government of",From EDRIS,2017-08-24T00:00:00.000Z,36300,101,HUN,Hungary,667,Kenya Drought 2017,"201068,200777,200572,*844,*736","","",0.85,"","","","","",,"","","","","",UN agency,2017-08-14,approved date,Incoming,Incoming,FALSE,FALSE
3049,163748,559910,2017,2017-10-19T09:24:05.967Z,2017-04-28T00:00:00Z,2017-04-28T00:00:00Z,Prévention malnutrition aigue  pour enfants 6-59 mois et FEA,2017-09-14T00:00:00Z,Standard,t,EUR,Traditional aid,,paid,2017-10-19,2,incoming,single,4314,38,"France, Government of",2017,589,"",116,KEN,,38,Kenya Flash Appeal 2017,World Food Programme,"",Kenya,"",2017,Primary,World Food Programme,Email,2017-10-18T00:00:00.000Z,500000,76,FRA,France,667,Kenya Drought 2017,"","","",0.893,"","","","","",,"","","","","",UN agency,2017-04-28,approved date,Incoming,Incoming,FALSE,FALSE
3049,165046,4339848,2017,2017-10-19T09:36:31.299Z,2017-08-29T00:00:00Z,2017-05-04T00:00:00Z,Bridging Relief and Resilience in the Arid and Semi-Arid Lands  (part of ECHO/-HF/BUD/2017/91049),2017-05-06T00:00:00Z,Standard,t,EUR,Traditional aid,155329,paid,2017-11-16,1,incoming,single,8523,38,European Commission's Humanitarian Aid and Civil Protection Department,2017,589,"",116,KEN,,38,Kenya Flash Appeal 2017,World Food Programme,"",Kenya,"",2017,Primary,European Commission's Humanitarian Aid and Civil Protection Department,From EDRIS,2017-08-31T00:00:00.000Z,4000000,"","","",667,Kenya Drought 2017,ECHO/-HF/BUD/2017/91049,"","",0.921,"","","","","",,"","","","","",UN agency,2017-05-04,disbursement date,Incoming,Incoming,FALSE,FALSE
3049,165051,49301049,,2017-12-20T13:10:38.373Z,2017-10-18T00:00:00Z,2017-10-18T00:00:00Z,Bridging Relief and Resilience in the Arid and Semi-Arid Lands,2017-10-18T00:00:00Z,Standard,f,"",Traditional aid,,paid,2017-12-20,2,internal,single,3049,38,World Food Programme,2017,589,6,116,KEN,50692,38,Kenya Flash Appeal 2017,World Food Programme,Food Security,Kenya,Food assistance to drought affected families,2017,Primary,World Food Programme,Email,2017-12-20T00:00:00.000Z,,116,KEN,Kenya,667,Kenya Drought 2017,"","","",,589,Kenya Flash Appeal 2017,"",667,Kenya Drought 2017,,"",3551,Food Security,"","",UN agency,2017-10-18,approved date,Internal,Internal,FALSE,FALSE
3049,165052,22387468,,2017-12-20T13:12:15.486Z,2017-10-18T00:00:00Z,2017-10-18T00:00:00Z,"Support to: (i) treatment of Moderate Acute Malnutrition (MAM) among children 6-59 months, and pregnant and lactating women; and (ii) prevention of deterioration in the nutrition status of children 6-59 months.",2017-10-18T00:00:00Z,Standard,f,"",Traditional aid,,paid,2017-12-20,2,internal,single,3049,38,World Food Programme,2017,589,9,116,KEN,50706,38,Kenya Flash Appeal 2017,World Food Programme,Nutrition,Kenya,"Support to: (i) treatment of Moderate Acute Malnutrition (MAM) among children 6-59 months, and pregnant and lactating women; and (ii) prevention of deterioration in the nutrition status of children 6-59 months.",2017,Primary,World Food Programme,Email,2017-12-20T00:00:00.000Z,,116,KEN,Kenya,667,Kenya Drought 2017,"","","",,589,Kenya Flash Appeal 2017,"",667,Kenya Drought 2017,,"",3553,Nutrition,"","",UN agency,2017-10-18,approved date,Internal,Internal,FALSE,FALSE
3049,165047,8750000,,2017-10-19T09:41:04.167Z,2017-09-22T00:00:00Z,2017-09-22T00:00:00Z,Bridging Relief and Resilience in the Arid and Semi-Arid Lands,2017-10-18T00:00:00Z,Standard,t,"",Traditional aid,,paid,2017-10-19,1,incoming,single,2933,38,"United States of America, Government of",2017,589,"",116,KEN,,38,Kenya Flash Appeal 2017,World Food Programme,"",Kenya,"",2017,Primary,World Food Programme,Email,2017-10-18T00:00:00.000Z,,237,USA,United States,667,Kenya Drought 2017,10029684/USA-C-01354-01,"","",,"","","","","",,"","","","","",UN agency,2017-09-22,approved date,Incoming,Incoming,FALSE,FALSE
3049,165048,8250000,,2017-10-19T09:41:50.450Z,2017-08-25T00:00:00Z,2017-08-25T00:00:00Z,Bridging Relief and Resilience in the Arid and Semi-Arid Lands,2017-10-18T00:00:00Z,Standard,t,"",Traditional aid,,paid,2017-10-19,1,incoming,single,2933,38,"United States of America, Government of",2017,589,"",116,KEN,,38,Kenya Flash Appeal 2017,World Food Programme,"",Kenya,"",2017,Primary,World Food Programme,Email,2017-10-18T00:00:00.000Z,,237,USA,United States,667,Kenya Drought 2017,10030594/USA-C-01332-01,"","",,"","","","","",,"","","","","",UN agency,2017-08-25,approved date,Incoming,Incoming,FALSE,FALSE
3049,165049,8000000,,2017-10-19T09:42:31.935Z,2017-09-29T00:00:00Z,2017-09-29T00:00:00Z,Bridging Relief and Resilience in the Arid and Semi-Arid Lands,2017-10-18T00:00:00Z,Standard,t,"",Traditional aid,,paid,2017-10-19,1,incoming,single,2933,38,"United States of America, Government of",2017,589,"",116,KEN,,38,Kenya Flash Appeal 2017,World Food Programme,"",Kenya,"",2017,Primary,World Food Programme,Email,2017-10-18T00:00:00.000Z,,237,USA,United States,667,Kenya Drought 2017,10031160/USA-C-01105-07,"","",,"","","","","",,"","","","","",UN agency,2017-09-29,approved date,Incoming,Incoming,FALSE,FALSE
3049,165523,4127358,2017,2017-12-20T13:00:43.870Z,2017-10-27T00:00:00Z,2017-10-27T00:00:00Z,Emergency food assistance for drought affected persons in north Kenya,2017-11-02T00:00:00Z,Standard,t,EUR,Traditional aid,,paid,2017-12-20,2,incoming,single,4306,38,"Germany, Government of",2017,589,9,116,KEN,50706,38,Kenya Flash Appeal 2017,World Food Programme,Nutrition,Kenya,"Support to: (i) treatment of Moderate Acute Malnutrition (MAM) among children 6-59 months, and pregnant and lactating women; and (ii) prevention of deterioration in the nutrition status of children 6-59 months.",2017,Primary,World Food Programme,Email,2017-12-20T00:00:00.000Z,3500000,83,DEU,Germany,667,Kenya Drought 2017,10030232/GER-C-00693-01,"","",0.848,"","","","","",,"",3553,Nutrition,"","",UN agency,2017-10-27,approved date,Incoming,Incoming,FALSE,FALSE
3049,168257,13192612,,2017-12-20T13:05:50.333Z,2017-11-24T00:00:00Z,2017-11-24T00:00:00Z,Bridging Relief and Resilience in the Arid and Semi-Arid Lands,2017-12-20T00:00:00Z,Standard,t,"",Traditional aid,,paid,2017-12-20,1,incoming,single,2917,38,"United Kingdom, Government of",2017,589,"",116,KEN,,38,Kenya Flash Appeal 2017,World Food Programme,"",Kenya,"",2017,Primary,World Food Programme,Email,2017-12-20T00:00:00.000Z,,236,GBR,United Kingdom,667,Kenya Drought 2017,10031312/UK -C-00378-01,"","",,"","","","","",,"","","","","",UN agency,2017-11-24,approved date,Incoming,Incoming,FALSE,FALSE
3049,168258,4999645,,2017-12-20T13:06:50.038Z,2017-07-18T00:00:00Z,2017-07-18T00:00:00Z,Bridging Relief and Resilience in the Arid and Semi-Arid Lands,2017-12-20T00:00:00Z,Standard,t,"",Traditional aid,,paid,2017-12-20,1,incoming,single,2933,38,"United States of America, Government of",2017,589,"",116,KEN,,38,Kenya Flash Appeal 2017,World Food Programme,"",Kenya,"",2017,Primary,World Food Programme,Email,2017-12-20T00:00:00.000Z,,237,USA,United States,667,Kenya Drought 2017,10030540/USA-C-01321-01,"","",,"","","","","",,"","","","","",UN agency,2017-07-18,approved date,Incoming,Incoming,FALSE,FALSE
3049,168259,2250000,,2017-12-20T13:07:47.960Z,2017-09-05T00:00:00Z,2017-09-05T00:00:00Z,Bridging Relief and Resilience in the Arid and Semi-Arid Lands,2017-12-20T00:00:00Z,Standard,t,"",Traditional aid,,paid,2017-12-20,1,incoming,single,2933,38,"United States of America, Government of",2017,589,"",116,KEN,,38,Kenya Flash Appeal 2017,World Food Programme,"",Kenya,"",2017,Primary,World Food Programme,Email,2017-12-20T00:00:00.000Z,,237,USA,United States,667,Kenya Drought 2017,10030595/USA-C-01341-01,"","",,"","","","","",,"","","","","",UN agency,2017-09-05,approved date,Incoming,Incoming,FALSE,FALSE
3049,168260,5666384,,2017-12-20T13:08:43.635Z,2017-11-09T00:00:00Z,2017-11-09T00:00:00Z,Bridging Relief and Resilience in the Arid and Semi-Arid Lands,2017-12-20T00:00:00Z,Standard,t,"",Traditional aid,,paid,2017-12-20,1,incoming,single,2933,38,"United States of America, Government of",2017,589,"",116,KEN,,38,Kenya Flash Appeal 2017,World Food Programme,"",Kenya,"",2017,Primary,World Food Programme,Email,2017-12-20T00:00:00.000Z,,237,USA,United States,667,Kenya Drought 2017,10031177/USA-C-01385-01,"","",,"","","","","",,"","","","","",UN agency,2017-11-09,approved date,Incoming,Incoming,FALSE,FALSE
3049,168261,7494975,,2017-12-20T13:09:25.535Z,2017-11-09T00:00:00Z,2017-11-09T00:00:00Z,Bridging Relief and Resilience in the Arid and Semi-Arid Lands,2017-12-20T00:00:00Z,Standard,t,"",Traditional aid,,paid,2017-12-20,1,incoming,single,2933,38,"United States of America, Government of",2017,589,"",116,KEN,,38,Kenya Flash Appeal 2017,World Food Programme,"",Kenya,"",2017,Primary,World Food Programme,Email,2017-12-20T00:00:00.000Z,,237,USA,United States,667,Kenya Drought 2017,10031313/USA-C-01384-01,"","",,"","","","","",,"","","","","",UN agency,2017-11-09,approved date,Incoming,Incoming,FALSE,FALSE
3049,174568,5988165,2018,2018-05-16T14:04:55.960Z,2017-11-22T00:00:00Z,"",In-Kind: Humanitarian Assistance for Food Security Sector (USAID/FFP),2018-03-20T00:00:00Z,Standard,t,"",Traditional aid,,commitment,2018-07-05,1,incoming,single,2933,38,"United States of America, Government of",2017,589,6,116,KEN,,38,Kenya Flash Appeal 2017,World Food Programme,Food Security,Kenya,"",2017,Primary,"United States of America, Government of",Email,2018-06-15T00:00:00.000Z,,237,USA,United States,667,Kenya Drought 2017,72DFFP18IO00005,"","",,"","","","","",,"",3551,Food Security,"","",UN agency,2017-11-22,approved date,Incoming,Incoming,FALSE,FALSE
3049,174569,27988534,2018,2018-05-16T14:06:16.279Z,2017-11-30T00:00:00Z,"",In-Kind: Humanitarian Assistance for Food Security Sector (USAID/FFP),2018-03-20T00:00:00Z,Standard,t,"",Traditional aid,,commitment,2018-07-05,1,incoming,single,2933,38,"United States of America, Government of",2017,589,6,116,KEN,,38,Kenya Flash Appeal 2017,World Food Programme,Food Security,Kenya,"",2017,Primary,"United States of America, Government of",Email,2018-06-15T00:00:00.000Z,,237,USA,United States,667,Kenya Drought 2017,72DFFP18IO00007,"","",,"","","","","",,"",3551,Food Security,"","",UN agency,2017-11-30,approved date,Incoming,Incoming,FALSE,FALSE
3050,158187,348274,2017,2017-12-08T04:25:11.336Z,2017-05-09T00:00:00Z,2017-05-09T00:00:00Z,Preparedness for health emergencies and capacity building for emergency response in theframework of the upcoming election process,2017-05-11T00:00:00Z,Standard,t,EUR,Traditional aid,,commitment,2017-12-08,2,incoming,single,4306,38,"Germany, Government of",2017,"","",116,KEN,,38,"",Johanniter Unfallhilfe e.V.,"",Kenya,"",2017,Primary,"Germany, Government of",From EDRIS,2017-12-08T00:00:00.000Z,320760,83,DEU,Germany,667,Kenya Drought 2017,AA-S09-321.50 KEN 02/17,"","",0.921,"","","","","",,"","","","","",NGO,2017-05-09,approved date,Incoming,,FALSE,FALSE
3238,157141,1074114,2017,2019-05-23T01:30:30.887Z,2017-04-07T00:00:00Z,2017-04-07T00:00:00Z,"Sustaining the supply of Water, Sanitation and Hygiene (WASH) for refugees living in Dadaab camps (ECHO/-HF/BUD/2017/91019)",2017-04-20T00:00:00Z,Standard,t,EUR,Traditional aid,155329,commitment,2019-07-05,3,incoming,single,8523,38,European Commission's Humanitarian Aid and Civil Protection Department,2017,589,11,116,KEN,50695,38,Kenya Flash Appeal 2017,CARE International,Water Sanitation Hygiene,Kenya,"Improved access to water supply, sanitation and hygiene services, and reduced vulnerability to water-borne disease for 93,200 drought affected people in Marsabit and Garissa counties",2017,Primary,European Commission's Humanitarian Aid and Civil Protection Department,From EDRIS,2018-04-13T00:00:00.000Z,1000000,"","","",667,Kenya Drought 2017,ECHO/-HF/BUD/2017/91019,"","",0.931,"","","","","",,"",3555,WASH,"","",NGO,2017-04-07,approved date,Incoming,Incoming,FALSE,FALSE
3238,161877,568828,2017,2017-07-22T02:25:13.498Z,2017-07-17T00:00:00Z,2017-07-17T00:00:00Z,Emergency measures to secure access to food and drinking water trhough mobile cash transfers,2017-07-22T00:00:00Z,Standard,t,EUR,Traditional aid,,commitment,2017-07-24,1,incoming,single,4306,38,"Germany, Government of",2017,589,"",116,KEN,,38,Kenya Flash Appeal 2017,CARE International,"",Kenya,"",2017,Primary,"Germany, Government of",From EDRIS,2017-07-22T00:00:00.000Z,500000,83,DEU,Germany,"","",AA-S09-321.50 KEN 05/17,"","",0.879,"","","","","",,"",3555,WASH,"","",NGO,2017-07-17,approved date,,Incoming,FALSE,FALSE
3304,154448,533618,2017,2017-02-28T02:25:09.695Z,2017-02-24T00:00:00Z,2017-02-24T00:00:00Z,"Multilateral contribution to IFRC  - in support of the emergency response efforts of the Kenya Red Cross Society (KRCS) - to deliver assistance to affected people with a focus on the following sectors: Water, Sanitation and Hygiene Promotion; Livelihoods, Nutrition and Food Security.",2017-02-28T00:00:00Z,Standard,t,EUR,Traditional aid,,commitment,2017-04-26,1,incoming,single,3774,38,"Italy, Government of",2017,589,11,116,KEN,50704,38,Kenya Flash Appeal 2017,Kenyan Red Cross Society,Water Sanitation Hygiene,Kenya,Securing the survival of drought affected populations in the arid lands of Kenya through improvement of access to drinking water and WASH services,2017,Primary,"Italy, Government of",From EDRIS,2017-02-28T00:00:00.000Z,500000,110,ITA,Italy,667,Kenya Drought 2017,Appeal n°MDRKE039,"","",0.937,"","","","","",,"",3555,WASH,"","",Red Cross/Red Crescent,2017-02-24,approved date,Incoming,Incoming,FALSE,FALSE
3304,165485,500188,,2017-11-01T14:49:02.249Z,2017-06-14T00:00:00Z,"","Water, Sanitation and Hygiene (USAID/OFDA)",2017-09-08T00:00:00Z,Standard,t,"",Traditional aid,,commitment,2017-11-01,1,incoming,single,2933,38,"United States of America, Government of",2017,"",11,116,KEN,,38,"",Kenyan Red Cross Society,Water Sanitation Hygiene,Kenya,"",2017,Primary,"United States of America, Government of",Email,2017-09-08T00:00:00.000Z,,237,USA,United States,667,Kenya Drought 2017,AID-OFDA-G-17-00089,"","",,"","","","","",,"","","","","",Red Cross/Red Crescent,2017-06-14,approved date,Incoming,,FALSE,FALSE
3369,154850,287642,2017,2017-03-10T02:25:12.488Z,2017-03-08T00:00:00Z,2017-03-08T00:00:00Z,"Food (cash/vouchers), Access to Water and Hygiene",2017-03-10T00:00:00Z,Standard,t,SEK,Traditional aid,,commitment,2017-11-10,1,incoming,single,2921,38,"Sweden, Government of",2017,589,11,116,KEN,50709,38,Kenya Flash Appeal 2017,Plan International,Water Sanitation Hygiene,Kenya,Support communities affected by drought to access safe water and hygiene services in the ASAL counties,2017,Primary,Plan International,FTS Web,2017-03-24T00:00:00.000Z,2600000,216,SWE,Sweden,667,Kenya Drought 2017,"","","",9.039,"","","","","",,"",3555,WASH,"","",NGO,2017-03-08,approved date,Incoming,Incoming,FALSE,FALSE
4120,161435,24492,,2017-07-13T14:35:34.141Z,2017-03-01T00:00:00Z,2017-03-01T00:00:00Z,shallow Well (15 projects),2017-06-08T00:00:00Z,Standard,t,KWD,Traditional aid,,paid,2017-07-13,1,incoming,single,"",38,"",2017,"",11,116,KEN,,38,"",Direct Aid,Water Sanitation Hygiene,Kenya,"",2017,Primary,Direct Aid,Email,2017-06-08T00:00:00.000Z,7470,120,KWT,Kuwait,667,Kenya Drought 2017,"","","",0.305,"","","","","",,"","","","","",NGO,2017-03-01,approved date,Incoming,,FALSE,FALSE
4120,161436,8164,,2017-07-13T14:37:00.393Z,2017-03-15T00:00:00Z,2017-03-15T00:00:00Z,shallow Well (5 projects),2017-06-08T00:00:00Z,Standard,t,KWD,Traditional aid,,paid,2017-07-13,1,incoming,single,"",38,"",2017,"",11,116,KEN,,38,"",Direct Aid,Water Sanitation Hygiene,Kenya,"",2017,Primary,Direct Aid,Email,2017-06-08T00:00:00.000Z,2490,120,KWT,Kuwait,667,Kenya Drought 2017,"","","",0.305,"","","","","",,"","","","","",NGO,2017-03-15,approved date,Incoming,,FALSE,FALSE
4293,156569,200041,2017,2017-05-22T09:45:13.330Z,2017-04-06T00:00:00Z,2017-04-06T00:00:00Z,Provision of Life-saving Services for Survivors of Gender-Based Violence in Five Drought Affected Counties in Kenya,2017-04-07T00:00:00Z,Standard,f,"",Traditional aid,,paid,2017-05-22,3,internal,single,4762,38,Central Emergency Response Fund,2017,589,10,116,KEN,50713,38,Kenya Flash Appeal 2017,United Nations Population Fund,Protection,Kenya,Access to life saving services for GBV survivors and those at risk of violence in drought affected counties.,2017,Primary,United Nations Population Fund,Email,2017-05-15T00:00:00.000Z,,"","","",667,Kenya Drought 2017,"","","",,"","",unearmarked,"","",,"",3554,Protection,"","",UN agency,2017-04-06,approved date,Incoming,Incoming,FALSE,FALSE
4293,156799,171531,2017,2017-04-20T02:32:46.381Z,2017-04-11T00:00:00Z,2017-04-11T00:00:00Z,Emergency Health Response to drought disaster in five counties in Kenya,2017-04-12T00:00:00Z,Standard,f,"",Traditional aid,,paid,2017-05-22,4,internal,single,4762,38,Central Emergency Response Fund,2017,589,7,116,KEN,50701,38,Kenya Flash Appeal 2017,United Nations Population Fund,Health,Kenya,Withdrawn- Drought Emergency Health Intervention Kenya,2017,Primary,Central Emergency Response Fund,From CERF,2017-04-20T00:00:00.000Z,,"","","",667,Kenya Drought 2017,17-RR-FPA-019,"","",,"","",unearmarked,"","",,"",3552,Health,"","",UN agency,2017-04-11,approved date,Incoming,Incoming,FALSE,FALSE
4389,161842,972696,2017,2017-07-21T02:25:14.607Z,2017-07-19T00:00:00Z,2017-07-19T00:00:00Z,"Scaling-up the life-saving response to the drought effected Population Financial year 2017: 805000.00 € , 2018: 50000.00 €",2017-07-21T00:00:00Z,Standard,t,EUR,Traditional aid,,commitment,2017-07-24,1,incoming,single,4306,38,"Germany, Government of",2017,589,"",116,KEN,50702,38,Kenya Flash Appeal 2017,Deutsche Welthungerhilfe e.V. (German Agro Action),"",Kenya,"Improving access to safe water and sanitation for 12,000 drought affected people in Tana River and Turkana Counties",2017,Primary,"Germany, Government of",From EDRIS,2017-07-21T00:00:00.000Z,855000,83,DEU,Germany,667,Kenya Drought 2017,AA-S09-321.50 KEN 07/17,"","",0.879,"","","","","",,"",3555,WASH,"","",NGO,2017-07-19,approved date,Incoming,Incoming,FALSE,FALSE
4393,161176,1119821,2017,2017-07-09T02:25:10.210Z,2017-06-28T00:00:00Z,2017-06-28T00:00:00Z,to support the affected population,2017-07-08T00:00:00Z,Standard,t,EUR,Traditional aid,,commitment,2017-07-10,1,incoming,single,4546,38,"Austria, Government of",2017,"",4,116,KEN,,38,"",International Federation of Red Cross and Red Crescent Societies,Emergency Shelter and NFI,Kenya,"",2017,Primary,"Austria, Government of",From EDRIS,2017-07-08T00:00:00.000Z,1000000,15,AUT,Austria,667,Kenya Drought 2017,XX.7.08.47/0006-VII.3/2017,"","",0.893,"","","","","",,"","","","","",Red Cross/Red Crescent,2017-06-28,approved date,Incoming,,FALSE,FALSE
4393,163378,500000,2016,2017-09-05T16:15:14.435Z,2017-04-27T00:00:00Z,2017-03-20T00:00:00Z,Emergency Grant Aid in response to famine disaster in the Middle East and Africa regions;  Provision of Health and Nutrition Assistance to the Drought Affected Communities in Kenya,2017-08-15T00:00:00Z,Standard,t,JPY,Traditional aid,,paid,2017-09-05,1,incoming,single,4537,36,"Japan, Government of",2016,"",7 | 9,116,KEN,,38,"",International Federation of Red Cross and Red Crescent Societies,Health | Nutrition,Kenya,"",2017,Primary,"Japan, Government of",Email,2017-08-15T00:00:00.000Z,,112,JPN,Japan,667,Kenya Drought 2017,"","","",,"","","","","",,"","","","","",Red Cross/Red Crescent,2017-03-20,disbursement date,Incoming,,FALSE,FALSE
4395,157231,4296455,2017,2017-08-31T02:25:16.825Z,2017-08-29T00:00:00Z,2017-04-19T00:00:00Z,"Enabling resilience to the drought situation for the most vulnerable households in Marsabit County, Kenya, through unconditional cash transfers (ECHO/-HF/BUD/2017/91047)",2017-04-21T00:00:00Z,Standard,t,EUR,Traditional aid,155329,commitment,2017-11-16,3,incoming,single,8523,38,European Commission's Humanitarian Aid and Civil Protection Department,2017,"","",116,KEN,,38,"",British Red Cross,"",Kenya,"",2017,Primary,European Commission's Humanitarian Aid and Civil Protection Department,From EDRIS,2017-08-31T00:00:00.000Z,4000000,"","","",667,Kenya Drought 2017,ECHO/-HF/BUD/2017/91047,"","",0.931,"","","","","",,"","","","","",Red Cross/Red Crescent,2017-08-29,approved date,Incoming,,FALSE,FALSE
4396,154754,52565,,2017-03-07T02:27:12.926Z,2017-03-28T00:00:00Z,2017-03-28T00:00:00Z,OCT 5552 [OCT 5552];[7063327; D004488],2017-03-07T00:00:00Z,Standard,t,CAD,Traditional aid,,commitment,2017-04-21,1,incoming,single,2928,38,"Canada, Government of",2017,"",26480,116,KEN,,38,"",Office for the Coordination of Humanitarian Affairs,Coordination and support services,Kenya,"",2017,Primary,Office for the Coordination of Humanitarian Affairs,From OCT,2017-04-14T00:00:00.000Z,70700,40,CAN,Canada,667,Kenya Drought 2017,[OCT 5552];[7063327; D004488],"","",1.345,"","","","","",,"","","","","",UN agency,2017-03-28,approved date,Incoming,,FALSE,FALSE
4396,159491,114983,,2018-03-02T04:25:18.128Z,2017-01-01T00:00:00Z,2017-01-01T00:00:00Z,Regional Office for Eastern Africa,2017-06-02T00:00:00Z,Carryover,f,"","",,paid,2018-03-05,4,internal,single,4396,36,Office for the Coordination of Humanitarian Affairs,2016,589,26480,116,KEN,52895,38,Kenya Flash Appeal 2017,Office for the Coordination of Humanitarian Affairs,Coordination and support services,Kenya,STRENGTHENED COORDINATION FOR HUMANITARIAN RESPONSE,2017,Primary,Office for the Coordination of Humanitarian Affairs,From OCT,2018-03-02T00:00:00.000Z,,116,KEN,Kenya,667,Kenya Drought 2017,"",26480,Coordination and support services,,"","","","","",,"",4145,Coordination,"","",UN agency,2017-01-01,approved date,Incoming,Incoming,FALSE,FALSE
4396,159562,21291,,2018-03-02T04:25:18.721Z,2017-01-01T00:00:00Z,2017-01-01T00:00:00Z,Global Information Services Section - Nairobi,2017-06-02T00:00:00Z,Carryover,f,"","",,paid,2018-03-05,3,internal,single,4396,36,Office for the Coordination of Humanitarian Affairs,2016,589,26480,116,KEN,52895,38,Kenya Flash Appeal 2017,Office for the Coordination of Humanitarian Affairs,Coordination and support services,Kenya,STRENGTHENED COORDINATION FOR HUMANITARIAN RESPONSE,2017,Primary,Office for the Coordination of Humanitarian Affairs,From OCT,2018-03-02T00:00:00.000Z,,116,KEN,Kenya,667,Kenya Drought 2017,"",26480,Coordination and support services,,"","","","","",,"",4145,Coordination,"","",UN agency,2017-01-01,approved date,Incoming,Incoming,FALSE,FALSE
4397,157663,880081,2017,2017-05-10T10:03:36.071Z,2017-04-27T00:00:00Z,2017-04-27T00:00:00Z,Protection and Assistance to refugees in the Dadaab and Kakuma refugee camps in Kenya/ WASH INTERVENTION FOR REFUGEE HOSTING COMMUNITIES (ECHO/-HF/BUD/2017/91050),2017-04-29T00:00:00Z,Standard,t,EUR,Traditional aid,155329,commitment,2017-11-16,2,incoming,single,8523,38,European Commission's Humanitarian Aid and Civil Protection Department,2017,589,11,116,KEN,50710,38,Kenya Flash Appeal 2017,United Nations High Commissioner for Refugees,Water Sanitation Hygiene,Kenya,WASH INTERVENTION FOR REFUGEE HOSTING COMMUNITIES,2017,Primary,United Nations High Commissioner for Refugees,Other,2017-05-01T00:00:00.000Z,819355,"","","",667,Kenya Drought 2017,"","","",0.931,"","","","","",,"",3555,WASH,"","",UN agency,2017-04-27,approved date,Incoming,Incoming,FALSE,FALSE
4397,157690,1938000,2017,2017-05-02T14:51:56.507Z,2017-03-07T00:00:00Z,2017-02-14T00:00:00Z,Protection and assistance for refugees in Kenya,2017-04-13T00:00:00Z,Standard,t,"",Traditional aid,,commitment,2017-05-02,1,incoming,single,4537,38,"Japan, Government of",2017,"",26479,116,KEN,,38,"",United Nations High Commissioner for Refugees,Multi-sector,Kenya,"",2017,Primary,"Japan, Government of",Email,2017-04-13T00:00:00.000Z,,112,JPN,Japan,667,Kenya Drought 2017,"","","",,"","","","","",,"","","","","",UN agency,2017-03-07,approved date,Incoming,,FALSE,FALSE
4397,158117,64735,2017,2017-05-10T10:05:04.346Z,2017-04-27T00:00:00Z,2017-04-27T00:00:00Z,Protection and Assistance to refugees in the Dadaab and Kakuma refugee camps in Kenya/ WASH INTERVENTION FOR REFUGEE HOSTING COMMUNITIES (ECHO/-HF/BUD/2017/91050),2017-04-29T00:00:00Z,Standard,t,EUR,Traditional aid,155329,paid,2017-11-16,1,incoming,single,8523,38,European Commission's Humanitarian Aid and Civil Protection Department,2017,589,11,116,KEN,50710,38,Kenya Flash Appeal 2017,United Nations High Commissioner for Refugees,Water Sanitation Hygiene,Kenya,WASH INTERVENTION FOR REFUGEE HOSTING COMMUNITIES,2017,Primary,United Nations High Commissioner for Refugees,Other,2017-05-01T00:00:00.000Z,60268,"","","",667,Kenya Drought 2017,"","","",0.931,"","","","","",,"",3555,WASH,"","",UN agency,2017-04-27,approved date,Incoming,Incoming,FALSE,FALSE
4397,159022,21399,2017,2017-05-30T15:34:24.938Z,2017-04-27T00:00:00Z,2017-04-27T00:00:00Z,Protection and Assistance to refugees in the Dadaab and Kakuma refugee camps in Kenya/ WASH INTERVENTION FOR REFUGEE HOSTING COMMUNITIES (ECHO/-HF/BUD/2017/91050),2017-04-29T00:00:00Z,Standard,t,EUR,Traditional aid,155329,paid,2017-11-16,1,incoming,single,8523,38,European Commission's Humanitarian Aid and Civil Protection Department,2017,589,11,116,KEN,50710,38,Kenya Flash Appeal 2017,United Nations High Commissioner for Refugees,Water Sanitation Hygiene,Kenya,WASH INTERVENTION FOR REFUGEE HOSTING COMMUNITIES,2017,Primary,United Nations High Commissioner for Refugees,Other,2017-05-01T00:00:00.000Z,20377,"","","",667,Kenya Drought 2017,"","","",0.931,"","","","","",,"",3555,WASH,"","",UN agency,2017-04-27,approved date,Incoming,Incoming,FALSE,FALSE
4398,156800,649993,2017,2018-01-03T13:26:02.369Z,2017-04-11T00:00:00Z,2017-04-11T00:00:00Z,Emergency Health Response to drought disaster in five counties in Kenya,2017-04-12T00:00:00Z,Standard,f,"",Traditional aid,,paid,2018-01-03,6,internal,single,4762,38,Central Emergency Response Fund,2017,589,7,116,KEN,52665,38,Kenya Flash Appeal 2017,World Health Organization,Health,Kenya,Emergency Response to severe acute malnutrition and communicable disease outbreaks in eleven (11) counties in Kenya,2017,Primary,Central Emergency Response Fund,From CERF,2018-01-02T00:00:00.000Z,,"","","",667,Kenya Drought 2017,17-RR-WHO-01,"","",,"","",unearmarked,"","",,"",3552,Health,"","",UN agency,2017-04-11,approved date,Incoming,Incoming,FALSE,FALSE
4399,156686,1500000,2017,2017-04-14T02:25:46.609Z,2017-04-07T00:00:00Z,2017-04-07T00:00:00Z,Emergency livelihood response to support drought-affected (agro)pastoralists,2017-04-08T00:00:00Z,Standard,f,"",Traditional aid,,paid,2017-11-23,3,internal,single,4762,38,Central Emergency Response Fund,2017,589,26512,116,KEN,50686,38,Kenya Flash Appeal 2017,Food & Agriculture Organization of the United Nations,Agriculture,Kenya,To Early Warning – Early Action and Support for the National Drought Disaster Response Programme in Kenya,2017,Primary,Central Emergency Response Fund,From CERF,2017-04-14T00:00:00.000Z,,"","","",667,Kenya Drought 2017,17-RR-FAO-017,"","",,"","",unearmarked,"","",,"",3548,Agriculture and Livelihood,"","",UN agency,2017-04-07,approved date,Incoming,Incoming,FALSE,FALSE
4399,157168,140499,,2017-04-20T10:31:43.764Z,2017-04-04T00:00:00Z,2017-04-04T00:00:00Z,Protecting livestock assets and safeguarding livelihoods in cross-border areas of the Mandera Cluster,2017-04-19T00:00:00Z,Standard,t,"",Traditional aid,,paid,2017-11-23,1,incoming,single,2927,38,"Belgium, Government of",2017,589,26512,116,KEN,50686,38,Kenya Flash Appeal 2017,Food & Agriculture Organization of the United Nations,Agriculture,Kenya,To Early Warning – Early Action and Support for the National Drought Disaster Response Programme in Kenya,2017,Primary,Food & Agriculture Organization of the United Nations,Email,2017-04-19T00:00:00.000Z,,22,BEL,Belgium,667,Kenya Drought 2017,"","","",,"","","","","",,"",3548,Agriculture and Livelihood,"","",UN agency,2017-04-04,approved date,Incoming,Incoming,FALSE,FALSE
4536,170825,621118,2017,2018-02-20T04:25:28.585Z,2018-02-19T00:00:00Z,2018-02-19T00:00:00Z,"Famine - Intervention d'urgence en matière de sécurité alimentaire et nutritionnelle dans les comtés de West Pokot, Samburu et Mandera.",2018-02-19T00:00:00Z,Standard,t,EUR,Traditional aid,,commitment,2018-02-20,1,incoming,single,4314,38,"France, Government of",2017,"",9,116,KEN,,38,"",Action Contre la Faim,Nutrition,Kenya,"",2017,Primary,"France, Government of",From EDRIS,2018-02-19T00:00:00.000Z,500000,76,FRA,France,667,Kenya Drought 2017,2017-240,"","",0.805,"","","","","",,"","","","","",NGO,2018-02-19,reported date,Incoming,,FALSE,FALSE
4848,157218,21770682,2017,2017-04-20T15:28:42.480Z,2017-04-17T00:00:00Z,2017-04-17T00:00:00Z,Emergency food assistance,2017-04-20T00:00:00Z,Standard,t,CNY,Traditional aid,,commitment,2017-04-20,1,incoming,single,2976,38,"China, Government of",2017,"",6,116,KEN,,38,"","Kenya, Government of",Food Security,Kenya,"",2017,Primary,"China, Government of",Fax,2017-04-20T00:00:00.000Z,150000000,46,CHN,China,667,Kenya Drought 2017,"","","",6.89,"","","","","",,"","","","","",Government,2017-04-17,approved date,Incoming,,FALSE,FALSE
5310,159194,225479,2017,2017-06-01T02:25:45.155Z,2017-05-22T00:00:00Z,2017-05-22T00:00:00Z,Support to 13 Drought-affected Priority Counties,2017-06-01T00:00:00Z,Standard,t,SEK,Traditional aid,,commitment,2017-06-01,1,incoming,single,2921,38,"Sweden, Government of",2017,"","",116,KEN,,38,"",Swedish Red Cross,"",Kenya,"",2017,Primary,"Sweden, Government of",From EDRIS,2017-06-01T00:00:00.000Z,2000000,216,SWE,Sweden,667,Kenya Drought 2017,"","","",8.87,"","","","","",,"","","","","",Red Cross/Red Crescent,2017-05-22,approved date,Incoming,,FALSE,FALSE
6492,165483,812871,,2017-11-01T14:44:20.632Z,2017-08-24T00:00:00Z,"","Water, Sanitation and Hygiene,Economic Recovery and Market Systems,Agriculture and Food Security(USAID/OFDA)",2017-09-08T00:00:00Z,Standard,t,"",Traditional aid,,commitment,2017-11-01,1,incoming,single,2933,38,"United States of America, Government of",2017,"",6 | 2 | 11,116,KEN,,38,"",Rural Agency for Community Development and Assistance,Food Security | Early Recovery | Water Sanitation Hygiene,Kenya,"",2017,Primary,"United States of America, Government of",Email,2017-09-08T00:00:00.000Z,,237,USA,United States,667,Kenya Drought 2017,AID-OFDA-G-17-00270,"","",,"","","","","",,"","","","","",NGO,2017-08-24,approved date,Incoming,,FALSE,FALSE
8169,170968,209938,2017,2018-02-23T04:25:08.027Z,2018-02-22T00:00:00Z,2018-02-22T00:00:00Z,Contribution au HCR pour les réfugiés somaliens au Kenya,2018-02-22T00:00:00Z,Standard,t,EUR,Traditional aid,,commitment,2018-02-23,1,incoming,single,4314,38,"France, Government of",2017,"",26481,116,KEN,,38,"",Health Care and Relief Foundation,Other,Kenya,"",2017,Primary,"France, Government of",From EDRIS,2018-02-22T00:00:00.000Z,169000,76,FRA,France,667,Kenya Drought 2017,"","","",0.805,"","","","","",,"","","","","",NGO,2018-02-22,reported date,Incoming,,FALSE,FALSE
8482,158222,856821,2017,2017-05-12T02:25:38.901Z,2017-05-05T00:00:00Z,2017-05-05T00:00:00Z,Humanitarian support 2017,2017-05-12T00:00:00Z,Standard,t,SEK,Traditional aid,,commitment,2017-05-12,1,incoming,single,2921,38,"Sweden, Government of",2017,"","",116,KEN,,38,"",ACT Alliance / Church of Sweden,"",Kenya,"",2017,Primary,"Sweden, Government of",From EDRIS,2017-05-12T00:00:00.000Z,7600000,216,SWE,Sweden,667,Kenya Drought 2017,"","","",8.87,"","","","","",,"","","","","",NGO,2017-05-05,approved date,Incoming,,FALSE,FALSE
8510,157446,1611171,2017,2017-11-02T04:25:16.770Z,2017-04-24T00:00:00Z,2017-04-24T00:00:00Z,Emergency Response to Strengthen Coping Strategies of Vulnerable Communities in Northern Kenya.(ECHO/-HF/BUD/2017/91042),2017-04-26T00:00:00Z,Standard,t,EUR,Traditional aid,155329,commitment,2017-11-16,2,incoming,single,8523,38,European Commission's Humanitarian Aid and Civil Protection Department,2017,"",26480,116,KEN,,38,"",Vétérinaires sans Frontières (Germany),Coordination and support services,Kenya,"",2017,Primary,European Commission's Humanitarian Aid and Civil Protection Department,From EDRIS,2017-10-31T00:00:00.000Z,1500000,"","","",667,Kenya Drought 2017,ECHO/-HF/BUD/2017/91042,"","",0.931,"","","","","",,"","","","","",NGO,2017-04-24,approved date,Incoming,,FALSE,FALSE
8572,157434,72192,2017,2017-04-26T02:25:19.766Z,2017-04-20T00:00:00Z,2017-04-20T00:00:00Z,Water rehabilitation,2017-04-26T00:00:00Z,Standard,t,DKK,Traditional aid,,commitment,2017-04-26,1,incoming,single,3776,38,"Denmark, Government of",2017,"",11,116,KEN,,38,"",ACT Alliance / DanChurchAid,Water Sanitation Hygiene,Kenya,"",2017,Primary,"Denmark, Government of",From EDRIS,2017-04-26T00:00:00.000Z,500000,61,DNK,Denmark,667,Kenya Drought 2017,2016-42658,"","",6.926,"","","","","",,"","","","","",NGO,2017-04-20,approved date,Incoming,,FALSE,FALSE
8582,157307,1611171,2017,2017-12-23T04:25:17.991Z,2017-04-12T00:00:00Z,2017-04-12T00:00:00Z,Strengthened and coordinated emergency response in arid lands of Kenya (ECHO/-HF/BUD/2017/91043),2017-04-22T00:00:00Z,Standard,t,EUR,Traditional aid,155329,commitment,2017-12-28,2,incoming,single,8523,38,European Commission's Humanitarian Aid and Civil Protection Department,2017,"",26480,116,KEN,,38,"",OXFAM GB,Coordination and support services,Kenya,"",2017,Primary,European Commission's Humanitarian Aid and Civil Protection Department,From EDRIS,2017-12-23T00:00:00.000Z,1500000,"","","",667,Kenya Drought 2017,ECHO/-HF/BUD/2017/91043,"","",0.931,"","","","","",,"","","","","",NGO,2017-04-12,approved date,Incoming,,FALSE,FALSE
"",171709,8037,2018,2018-03-20T09:38:37.400Z,2018-03-06T00:00:00Z,"",Kenya/Drought: Program Support (USAID/OFDA),2018-03-09T00:00:00Z,Standard,t,"",Traditional aid,,commitment,2018-03-20,1,incoming,single,2933,39,"United States of America, Government of",2018,"",26480,116,KEN,,39,"","",Coordination and support services,Kenya,"",2018,Primary,"United States of America, Government of",Email,2018-03-09T00:00:00.000Z,,237,USA,United States,"","","","","",,"","","","","",,"","","","","",,2018-03-06,approved date,,,TRUE,FALSE
2054,174617,205897,2018,2018-05-17T04:25:32.458Z,2018-03-09T00:00:00Z,2018-03-09T00:00:00Z,Help drought victims,2018-05-16T00:00:00Z,Standard,t,DKK,Traditional aid,,commitment,2018-05-17,1,incoming,single,3776,39,"Denmark, Government of",2018,"","",116,KEN,,39,"",Danish Red Cross,"",Kenya,"",2018,Primary,"Denmark, Government of",From EDRIS,2018-05-16T00:00:00.000Z,1250000,61,DNK,Denmark,"","",2017-12520,"","",6.071,"","","","","",,"","","","","",Red Cross/Red Crescent,2018-03-09,approved date,,,TRUE,FALSE
2314,181218,749971,2018,2018-10-08T13:38:52.666Z,2018-08-08T00:00:00Z,"","Kenya/Drought: Water, Sanitation and Hygiene,Nutrition,Agriculture and Food Security ( USAID/OFDA)",2018-09-17T00:00:00Z,Standard,t,"",Traditional aid,,commitment,2018-10-08,1,incoming,single,2933,39,"United States of America, Government of",2018,"","",116,KEN,,39,"",Mercy-USA for Aid and Development,"",Kenya,"",2018,Primary,"United States of America, Government of",Email,2018-09-17T00:00:00.000Z,,237,USA,United States,"","",720FDA18GR00125,"","",,"","","","","",,"","","","","",NGO,2018-08-08,approved date,,,TRUE,FALSE
2849,171123,245972,2017,2018-03-01T04:25:41.293Z,2017-10-19T00:00:00Z,2017-10-19T00:00:00Z,Support to drought affected population to decrease food insecurity and malnutrition,2018-02-28T00:00:00Z,Standard,t,SEK,Traditional aid,,commitment,2018-03-01,1,incoming,single,2921,38,"Sweden, Government of",2017,"","",116,KEN,,39,"",Save the Children,"",Kenya,"",2018,Primary,"Sweden, Government of",From EDRIS,2018-02-28T00:00:00.000Z,2000000,216,SWE,Sweden,"","","","","",8.131,"","","","","",,"","","","","",NGO,2017-10-19,approved date,,,TRUE,FALSE
2886,170854,869565,2018,2018-02-20T04:25:39.177Z,2018-02-16T00:00:00Z,2018-02-16T00:00:00Z,Integrated Emergency Drought Response to Save Lives in ASAL Counties of Kenya (ECHO/-HF/BUD/2018/91012),2018-02-19T00:00:00Z,Standard,t,EUR,Traditional aid,170226,commitment,2019-07-04,1,incoming,single,8523,39,European Commission's Humanitarian Aid and Civil Protection Department,2018,"",6,116,KEN,,39,"",Agency for Technical Cooperation and Development,Food Security,Kenya,"",2018,Primary,European Commission's Humanitarian Aid and Civil Protection Department,From EDRIS,2018-02-19T00:00:00.000Z,700000,"","","","","",ECHO/-HF/BUD/2018/91012,"","",0.805,"","","","","",,"","","","","",NGO,2018-02-16,approved date,,,TRUE,FALSE
2915,179000,1500000,2018,2018-08-20T10:46:09.398Z,2018-06-08T00:00:00Z,"",Kenya/Drought: Nutrition( USAID/OFDA),2018-07-03T00:00:00Z,Standard,t,"",Traditional aid,,paid,2018-08-20,2,incoming,single,2933,39,"United States of America, Government of",2018,"",9,116,KEN,,39,"",United Nations Children's Fund,Nutrition,Kenya,"",2018,Primary,United Nations Children's Fund,Email,2018-08-10T00:00:00.000Z,,237,USA,United States,"","",SM180272,"","",,"","","","","",,"","","","","",UN agency,2018-06-08,disbursement date,,,TRUE,FALSE
3049,157988,3257329,2017,2017-08-31T02:25:15.920Z,2017-08-29T00:00:00Z,2017-05-04T00:00:00Z,Food Assistance to Refugees and Nutrition Response to Drought (part of ECHO/-HF/BUD/2017/91049),2017-05-06T00:00:00Z,Standard,t,EUR,Traditional aid,155329,commitment,2017-11-16,2,incoming,single,8523,38,European Commission's Humanitarian Aid and Civil Protection Department,2017,"","",116,KEN,,38,"",World Food Programme,"",Kenya,"",2017,Primary,European Commission's Humanitarian Aid and Civil Protection Department,From EDRIS,2017-08-31T00:00:00.000Z,3000000,"","","","","",ECHO/-HF/BUD/2017/91049,"","",0.921,"","","","","",,"","","","","",UN agency,2017-08-29,approved date,,,TRUE,FALSE
4393,176336,202020,,2018-06-12T15:19:20.926Z,2018-05-31T00:00:00Z,"",Drought Emergency Interventions Humanitarian Suppot to Mandera County (7F-10048.01),2018-06-05T00:00:00Z,Standard,t,CHF,Traditional aid,,commitment,2018-06-12,1,incoming,single,2924,39,"Switzerland, Government of",2018,"",6,116,KEN,,39,"",International Federation of Red Cross and Red Crescent Societies,Food Security,Kenya,"",2018,Primary,"Switzerland, Government of",Email,2018-06-05T00:00:00.000Z,200000,217,CHE,Switzerland,"","",7F-10048.01,"","",0.99,"","","","","",,"","","","","",Red Cross/Red Crescent,2018-05-31,approved date,,,TRUE,FALSE
4395,171631,2208589,2018,2019-05-23T01:27:53.331Z,2018-03-14T00:00:00Z,2018-03-14T00:00:00Z,"Providing lifesaving support for the most vulnerable households in Kenya in the current drought situation and ongoing emergencies, through unconditional cash transfers, and through building the capacity of the Kenya Red Cross to deliver effective preparedness and response during 2018 and beyond (part of ECHO/-HF/BUD/2018/91011)",2018-03-16T00:00:00Z,Standard,t,EUR,Traditional aid,170226,commitment,2019-07-09,5,incoming,single,8523,39,European Commission's Humanitarian Aid and Civil Protection Department,2018,"",26480 | 6,116,KEN,,39,"",British Red Cross,Coordination and support services | Food Security,Kenya,"",2018,Primary,European Commission's Humanitarian Aid and Civil Protection Department,From EDRIS,2018-04-13T00:00:00.000Z,1800000,"","","","","",ECHO/-HF/BUD/2018/91011,"","",0.815,"","","","","",,"","","","","",Red Cross/Red Crescent,2018-03-14,approved date,,,TRUE,FALSE
4395,195291,819309,2018,2019-07-09T09:57:51.859Z,2018-03-14T00:00:00Z,2018-03-14T00:00:00Z,"Providing lifesaving support for the most vulnerable households in Kenya in the current drought situation and ongoing emergencies, through unconditional cash transfers, and through building the capacity of the Kenya Red Cross to deliver effective preparedness and response during 2018 and beyond (part of ECHO/-HF/BUD/2018/91011)",2018-03-16T00:00:00Z,Standard,t,EUR,Traditional aid,176284,commitment,2019-08-26,1,incoming,single,8523,39,European Commission's Humanitarian Aid and Civil Protection Department,2018,"",6 | 26480,116,KEN,,39,"",British Red Cross,Food Security | Coordination and support services,Kenya,"",2018,Primary,European Commission's Humanitarian Aid and Civil Protection Department,From EDRIS,2018-04-13T00:00:00.000Z,667737,"","","","","",ECHO/-HF/BUD/2018/91011,"","",0.815,"","","","","",,"","","","","",Red Cross/Red Crescent,2018-03-14,approved date,,,TRUE,FALSE
