Country Code,Country,Income Type,Region,Source,Classification,Approval Date,Last Updated,Project Title,Project ID,Total Committed Amount (original currency mn),x : USD,Total Amount Committed (USD mn),Loan Amount Committed (USD mn),Grant Amount Committed (USD mn),Grant Portion,Jan-17,Feb-17,Mar-17,Apr-17,May-17,Jun-17,Jul-17,Aug-17,Sep-17,Oct-17,Nov-17,Feb-18,Mar-18,May-18,Jun-18,Aug-18,Total Disbursed,Comment,Press release/project website,Additional source,potential_duplication,Flow ID
KEN,Kenya,Lower middle income,Sub-Saharan Africa,Office for the Coordination of Humanitarian Affairs,,2017-01-01,2018-03-05,Regional Office for Eastern Africa,"",,,0.114983,,0.114983,1,0.114983,0,0,0,0,0,0,0,0,0,0,0,0,0,0,0,0.114983,,,,FALSE,159491
KEN,Kenya,Lower middle income,Sub-Saharan Africa,Office for the Coordination of Humanitarian Affairs,,2017-01-01,2018-03-05,Global Information Services Section - Nairobi,"",,,0.021291,,0.021291,1,0.021291,0,0,0,0,0,0,0,0,0,0,0,0,0,0,0,0.021291,,,,FALSE,159562
KEN,Kenya,Lower middle income,Sub-Saharan Africa,"Canada, Government of",,2017-01-23,2017-03-16,Drought Response (D002531).,D002531,0.494661,1.354,0.365333,,0.365333,1,0.365333,0,0,0,0,0,0,0,0,0,0,0,0,0,0,0,0.365333,,,,FALSE,153795
KEN,Kenya,Lower middle income,Sub-Saharan Africa,"Canada, Government of",,2017-01-31,2017-03-16,Drought Response (D002531).,D002531,0.18,1.354,0.132939,,0.132939,1,0.132939,0,0,0,0,0,0,0,0,0,0,0,0,0,0,0,0.132939,,,,FALSE,153798
KEN,Kenya,Lower middle income,Sub-Saharan Africa,"United States of America, Government of",,2017-02-16,2018-02-05,Kenya: Support UNICEF's Nutrition Programme (SM160517) (USAID/FFP),SM160517,,,0.022629,,0.022629,1,0,0.022629,0,0,0,0,0,0,0,0,0,0,0,0,0,0,0.022629,,,,FALSE,170287
KEN,Kenya,Lower middle income,Sub-Saharan Africa,"United States of America, Government of",,2017-02-17,2017-10-06,Kenya: Support UNICEF Kenya's Nutrition Programme (USAID/OFDA),SM1605177/AID-FFP-G-16-00121,,,0.089614,,0.089614,1,0,0.089614,0,0,0,0,0,0,0,0,0,0,0,0,0,0,0.089614,,,,FALSE,164594
KEN,Kenya,Lower middle income,Sub-Saharan Africa,"United States of America, Government of",,2017-02-17,2018-02-05,Kenya: Support UNICEF's Nutrition Programme (SM160517) (USAID/FFP),SM160517,,,0.021086,,0.021086,1,0,0.021086,0,0,0,0,0,0,0,0,0,0,0,0,0,0,0.021086,,,,FALSE,170283
KEN,Kenya,Lower middle income,Sub-Saharan Africa,"United States of America, Government of",,2017-02-18,2017-07-24,Kenya: Support UNICEF's Nutrition Programme (AID-FFP-G-16-00121),SM160517,,,0.0459,,0.0459,1,0,0.0459,0,0,0,0,0,0,0,0,0,0,0,0,0,0,0.0459,,,,FALSE,161908
KEN,Kenya,Lower middle income,Sub-Saharan Africa,"Italy, Government of",,2017-02-24,2017-04-26,"Multilateral contribution to IFRC  - in support of the emergency response efforts of the Kenya Red Cross Society (KRCS) - to deliver assistance to affected people with a focus on the following sectors: Water, Sanitation and Hygiene Promotion; Livelihoods, Nutrition and Food Security.",Appeal n°MDRKE039,0.5,0.937,0.533618,,0.533618,1,0,0.533618,0,0,0,0,0,0,0,0,0,0,0,0,0,0,0.533618,,,,FALSE,154448
KEN,Kenya,Lower middle income,Sub-Saharan Africa,"Denmark, Government of",,2017-02-28,2017-12-22,Cash response as well as the re-establishment of the water distributions in Marsabit and Isiolo.,2016-42679,1.5,7.01,0.21398,,0.21398,1,0,0.21398,0,0,0,0,0,0,0,0,0,0,0,0,0,0,0.21398,,,,FALSE,155287
KEN,Kenya,Lower middle income,Sub-Saharan Africa,"Kenya, Government of",,2017-02-28,2017-10-19,Bridging relief and resilience in the arid and semi-arid lands,"",,,0.006246,,0.006246,1,0,0.006246,0,0,0,0,0,0,0,0,0,0,0,0,0,0,0.006246,,,,FALSE,157331
KEN,Kenya,Lower middle income,Sub-Saharan Africa,"",,2017-03-01,2017-07-13,shallow Well (15 projects),"",0.00747,0.305,0.024492,,0.024492,1,0,0,0.024492,0,0,0,0,0,0,0,0,0,0,0,0,0,0.024492,,,,FALSE,161435
KEN,Kenya,Lower middle income,Sub-Saharan Africa,"Japan, Government of",,2017-03-07,2017-05-02,Protection and assistance for refugees in Kenya,"",,,1.938,,1.938,1,0,0,1.938,0,0,0,0,0,0,0,0,0,0,0,0,0,1.938,,,,FALSE,157690
KEN,Kenya,Lower middle income,Sub-Saharan Africa,"Sweden, Government of",,2017-03-08,2017-11-10,"Food (cash/vouchers), Access to Water and Hygiene","",2.6,9.039,0.287642,,0.287642,1,0,0,0.287642,0,0,0,0,0,0,0,0,0,0,0,0,0,0.287642,,,,FALSE,154850
KEN,Kenya,Lower middle income,Sub-Saharan Africa,"Ireland, Government of",,2017-03-14,2017-04-25,To save lives and alleviates suffering,IRC 17 01,0.086,0.943,0.091198,,0.091198,1,0,0,0.091198,0,0,0,0,0,0,0,0,0,0,0,0,0,0.091198,,,,FALSE,155389
KEN,Kenya,Lower middle income,Sub-Saharan Africa,"Japan, Government of",,2017-03-15,2017-10-19,Bridging relief and resilience in the arid and semi-arid lands,"",,,0.5,,0.5,1,0,0,0.5,0,0,0,0,0,0,0,0,0,0,0,0,0,0.5,,,,FALSE,157330
KEN,Kenya,Lower middle income,Sub-Saharan Africa,"",,2017-03-15,2017-07-13,shallow Well (5 projects),"",0.00249,0.305,0.008164,,0.008164,1,0,0,0.008164,0,0,0,0,0,0,0,0,0,0,0,0,0,0.008164,,,,FALSE,161436
KEN,Kenya,Lower middle income,Sub-Saharan Africa,"Canada, Government of",,2017-03-16,2017-10-19,Bridging Relief and Resilience in the Arid and Semi-Arid Lands (D004505),"",1,1.345,0.743494,,0.743494,1,0,0,0.743494,0,0,0,0,0,0,0,0,0,0,0,0,0,0.743494,,,,FALSE,156614
KEN,Kenya,Lower middle income,Sub-Saharan Africa,"Japan, Government of",,2017-03-16,2017-11-21,Kenya - Nutrition and WASH response and mitigation of drought (SM170119),SM170119,,,0.24035,,0.24035,1,0,0,0.24035,0,0,0,0,0,0,0,0,0,0,0,0,0,0.24035,,,,FALSE,159909
KEN,Kenya,Lower middle income,Sub-Saharan Africa,"Japan, Government of",,2017-03-16,2017-07-26,Kenya - Nutrition and WASH response and mitigation of drought (SM170119),SM170119,,,0.25965,,0.25965,1,0,0,0.25965,0,0,0,0,0,0,0,0,0,0,0,0,0,0.25965,,,,FALSE,162026
KEN,Kenya,Lower middle income,Sub-Saharan Africa,"United States of America, Government of",,2017-03-23,2017-11-22,Kenya:Education forRefugee Children and Youth (SM170154),SM170154,,,1.85,,1.85,1,0,0,1.85,0,0,0,0,0,0,0,0,0,0,0,0,0,1.85,,,,FALSE,159959
KEN,Kenya,Lower middle income,Sub-Saharan Africa,"Canada, Government of",,2017-03-28,2017-04-21,OCT 5552 [OCT 5552];[7063327; D004488],[OCT 5552];[7063327; D004488],0.0707,1.345,0.052565,,0.052565,1,0,0,0.052565,0,0,0,0,0,0,0,0,0,0,0,0,0,0.052565,,,,FALSE,154754
KEN,Kenya,Lower middle income,Sub-Saharan Africa,UNICEF National Committee/Netherlands,,2017-03-28,2017-11-21,Emergency nutrition- Kenya -SHO,SM170162,,,0.373533,,0.373533,1,0,0,0.373533,0,0,0,0,0,0,0,0,0,0,0,0,0,0.373533,,,,FALSE,159910
KEN,Kenya,Lower middle income,Sub-Saharan Africa,UNICEF National Committee/Netherlands,,2017-03-28,2017-11-21,Emergency nutrition- Kenya -SHO (SM170163),SM170163,,,0.106724,,0.106724,1,0,0,0.106724,0,0,0,0,0,0,0,0,0,0,0,0,0,0.106724,,,,FALSE,159911
KEN,Kenya,Lower middle income,Sub-Saharan Africa,"Belgium, Government of",,2017-04-04,2017-11-23,Protecting livestock assets and safeguarding livelihoods in cross-border areas of the Mandera Cluster,"",,,0.140499,,0.140499,1,0,0,0,0.140499,0,0,0,0,0,0,0,0,0,0,0,0,0.140499,,,,FALSE,157168
KEN,Kenya,Lower middle income,Sub-Saharan Africa,Central Emergency Response Fund,,2017-04-06,2017-11-21,Accelerate nutrition response to the drought emergency in ASAL and Urban informal settlements.,17-RR-CEF-034,,,1.500048,,1.500048,1,0,0,0,1.500048,0,0,0,0,0,0,0,0,0,0,0,0,1.500048,,,,FALSE,156567
KEN,Kenya,Lower middle income,Sub-Saharan Africa,Central Emergency Response Fund,,2017-04-06,2017-04-25,"Enhancing the protection of children affected by drought in ten priority counties, Kenya",17-RR-CEF-036,,,0.290184,,0.290184,1,0,0,0,0.290184,0,0,0,0,0,0,0,0,0,0,0,0,0.290184,,,,FALSE,156568
KEN,Kenya,Lower middle income,Sub-Saharan Africa,Central Emergency Response Fund,,2017-04-06,2017-05-22,Provision of Life-saving Services for Survivors of Gender-Based Violence in Five Drought Affected Counties in Kenya,"",,,0.200041,,0.200041,1,0,0,0,0.200041,0,0,0,0,0,0,0,0,0,0,0,0,0.200041,,,,FALSE,156569
KEN,Kenya,Lower middle income,Sub-Saharan Africa,European Commission's Humanitarian Aid and Civil Protection Department,,2017-04-07,2017-11-16,Emergency Education and Protection Response for Refugee Children in Kenya (part of ECHO/-HF/BUD/2017/91026),SM170186/part of ECHO/-HF/BUD/2017/91026,0.4,0.931,0.429646,,0.429646,1,0,0,0,0.429646,0,0,0,0,0,0,0,0,0,0,0,0,0.429646,,,,FALSE,156650
KEN,Kenya,Lower middle income,Sub-Saharan Africa,Central Emergency Response Fund,,2017-04-07,2017-11-23,Emergency livelihood response to support drought-affected (agro)pastoralists,17-RR-FAO-017,,,1.5,,1.5,1,0,0,0,1.5,0,0,0,0,0,0,0,0,0,0,0,0,1.5,,,,FALSE,156686
KEN,Kenya,Lower middle income,Sub-Saharan Africa,Central Emergency Response Fund,,2017-04-07,2017-11-21,"Support to treatment of Moderate Acute Malnutrition (MAM) among Children 6-59 months, and Pregnant and Lactating Women",10029681/001-C-01581-01,,,4.000132,,4.000132,1,0,0,0,4.000132,0,0,0,0,0,0,0,0,0,0,0,0,4.000132,,,,FALSE,156687
KEN,Kenya,Lower middle income,Sub-Saharan Africa,Central Emergency Response Fund,,2017-04-07,2017-04-18,"Water security for 200,000 people in drought-affected counties in Kenya",17-RR-CEF-035,,,1.800128,,1.800128,1,0,0,0,1.800128,0,0,0,0,0,0,0,0,0,0,0,0,1.800128,,,,FALSE,156688
KEN,Kenya,Lower middle income,Sub-Saharan Africa,European Commission's Humanitarian Aid and Civil Protection Department,,2017-04-07,2019-07-05,"Sustaining the supply of Water, Sanitation and Hygiene (WASH) for refugees living in Dadaab camps (ECHO/-HF/BUD/2017/91019)",ECHO/-HF/BUD/2017/91019,1,0.931,1.074114,,1.074114,1,0,0,0,1.074114,0,0,0,0,0,0,0,0,0,0,0,0,1.074114,,,,FALSE,157141
KEN,Kenya,Lower middle income,Sub-Saharan Africa,European Commission's Humanitarian Aid and Civil Protection Department,,2017-04-07,2019-05-31,"Improvement and maintenance of Water Supply, Sanitation and Hygiene (WASH) conditions in Kakuma refugee camp (ECHO/-HF/BUD/2017/91020)",ECHO/-HF/BUD/2017/91020,0.8,0.931,0.859291,,0.859291,1,0,0,0,0.859291,0,0,0,0,0,0,0,0,0,0,0,0,0.859291,,,,FALSE,158781
KEN,Kenya,Lower middle income,Sub-Saharan Africa,European Commission's Humanitarian Aid and Civil Protection Department,,2017-04-07,2017-11-16,Emergency Education and Protection Response for Refugee Children in Kenya (part of ECHO/-HF/BUD/2017/91026),SM170186/part of ECHO/-HF/BUD/2017/91026,0.4,0.931,0.429646,,0.429646,1,0,0,0,0.429646,0,0,0,0,0,0,0,0,0,0,0,0,0.429646,,,,FALSE,162028
KEN,Kenya,Lower middle income,Sub-Saharan Africa,"Denmark, Government of",,2017-04-10,2018-06-05,Bridging relief and resilience in the arid and semi-arid lands,"",8.4,6.926,1.212821,,1.212821,1,0,0,0,1.212821,0,0,0,0,0,0,0,0,0,0,0,0,1.212821,,,,FALSE,157328
KEN,Kenya,Lower middle income,Sub-Saharan Africa,Central Emergency Response Fund,,2017-04-06,2018-02-20,Accelerate nutrition response to the drought emergency in ASAL,17-RR-CEF-034,,,1.500048,,1.500048,1,0,0,0,1.500048,0,0,0,0,0,0,0,0,0,0,0,0,1.500048,,,,FALSE,168035
KEN,Kenya,Lower middle income,Sub-Saharan Africa,Central Emergency Response Fund,,2017-04-11,2017-04-26,Emergency Health Response to drought disaster in five counties in Kenya,17-RR-CEF-037,,,0.217211,,0.217211,1,0,0,0,0.217211,0,0,0,0,0,0,0,0,0,0,0,0,0.217211,,,,FALSE,156798
KEN,Kenya,Lower middle income,Sub-Saharan Africa,Central Emergency Response Fund,,2017-04-11,2017-05-22,Emergency Health Response to drought disaster in five counties in Kenya,17-RR-FPA-019,,,0.171531,,0.171531,1,0,0,0,0.171531,0,0,0,0,0,0,0,0,0,0,0,0,0.171531,,,,FALSE,156799
KEN,Kenya,Lower middle income,Sub-Saharan Africa,Central Emergency Response Fund,,2017-04-11,2018-01-03,Emergency Health Response to drought disaster in five counties in Kenya,17-RR-WHO-01,,,0.649993,,0.649993,1,0,0,0,0.649993,0,0,0,0,0,0,0,0,0,0,0,0,0.649993,,,,FALSE,156800
KEN,Kenya,Lower middle income,Sub-Saharan Africa,European Commission's Humanitarian Aid and Civil Protection Department,,2017-04-12,2017-12-28,Strengthened and coordinated emergency response in arid lands of Kenya (ECHO/-HF/BUD/2017/91043),ECHO/-HF/BUD/2017/91043,1.5,0.931,1.611171,,1.611171,1,0,0,0,1.611171,0,0,0,0,0,0,0,0,0,0,0,0,1.611171,,,,FALSE,157307
KEN,Kenya,Lower middle income,Sub-Saharan Africa,"Canada, Government of",,2017-04-13,2017-04-28,ADRA support for drought-affected Mandera West (D002531).,D002531,0.499691,1.334,0.374581,,0.374581,1,0,0,0,0.374581,0,0,0,0,0,0,0,0,0,0,0,0,0.374581,,,,FALSE,157573
KEN,Kenya,Lower middle income,Sub-Saharan Africa,"United States of America, Government of",,2017-04-13,2017-11-01,Nutrition (USAID/OFDA) (SM160444),AID-OFDA-IO-16-00088-01,,,0.75,,0.75,1,0,0,0,0.75,0,0,0,0,0,0,0,0,0,0,0,0,0.75,,,,FALSE,158984
KEN,Kenya,Lower middle income,Sub-Saharan Africa,"United Kingdom, Government of",,2017-04-13,2017-11-21,Kenya: Managing Malnutrition in Kenya (SM170197),SM170197,,,1.867995,,1.867995,1,0,0,0,1.867995,0,0,0,0,0,0,0,0,0,0,0,0,1.867995,,,,FALSE,159913
KEN,Kenya,Lower middle income,Sub-Saharan Africa,"United Kingdom, Government of",,2017-04-13,2017-11-21,Kenya: Managing Malnutrition in Kenya (SM170197),SM170197,,,3.113325,,3.113325,1,0,0,0,3.113325,0,0,0,0,0,0,0,0,0,0,0,0,3.113325,,,,FALSE,159914
KEN,Kenya,Lower middle income,Sub-Saharan Africa,"China, Government of",,2017-04-17,2017-04-20,Emergency food assistance,"",150,6.89,21.770682,,21.770682,1,0,0,0,21.770682,0,0,0,0,0,0,0,0,0,0,0,0,21.770682,,,,FALSE,157218
KEN,Kenya,Lower middle income,Sub-Saharan Africa,"",,2017-04-20,2017-12-20,Bridging relief and resilience in the arid and semi-arid lands (Miscellaneous income),"",,,0.228337,,0.228337,1,0,0,0,0.228337,0,0,0,0,0,0,0,0,0,0,0,0,0.228337,,,,FALSE,157333
KEN,Kenya,Lower middle income,Sub-Saharan Africa,World Food Programme,,2017-04-20,2017-12-20,Bridging relief and resilience in the arid and semi-arid lands (Allocation from unearmarked funds),"",,,4.066,,4.066,1,0,0,0,4.066,0,0,0,0,0,0,0,0,0,0,0,0,4.066,,,,FALSE,157334
KEN,Kenya,Lower middle income,Sub-Saharan Africa,"Denmark, Government of",,2017-04-20,2017-04-26,Water rehabilitation,2016-42658,0.5,6.926,0.072192,,0.072192,1,0,0,0,0.072192,0,0,0,0,0,0,0,0,0,0,0,0,0.072192,,,,FALSE,157434
KEN,Kenya,Lower middle income,Sub-Saharan Africa,European Commission's Humanitarian Aid and Civil Protection Department,,2017-04-24,2017-11-16,"Improved health, nutritional status and protection for refugees and surrounding host communities in Kenya (ECHO/-HF/BUD/2017/91048)",ECHO/-HF/BUD/2017/91048,1.1,0.931,1.181525,,1.181525,1,0,0,0,1.181525,0,0,0,0,0,0,0,0,0,0,0,0,1.181525,,,,FALSE,157444
KEN,Kenya,Lower middle income,Sub-Saharan Africa,European Commission's Humanitarian Aid and Civil Protection Department,,2017-04-24,2017-11-16,Emergency Response to Strengthen Coping Strategies of Vulnerable Communities in Northern Kenya.(ECHO/-HF/BUD/2017/91042),ECHO/-HF/BUD/2017/91042,1.5,0.931,1.611171,,1.611171,1,0,0,0,1.611171,0,0,0,0,0,0,0,0,0,0,0,0,1.611171,,,,FALSE,157446
KEN,Kenya,Lower middle income,Sub-Saharan Africa,UNICEF National Committee/Netherlands,,2017-04-24,2017-11-21,Emergency nutrition- Kenya -SHO (SM170163),SM170163,,,0.265393,,0.265393,1,0,0,0,0.265393,0,0,0,0,0,0,0,0,0,0,0,0,0.265393,,,,FALSE,159912
KEN,Kenya,Lower middle income,Sub-Saharan Africa,European Commission's Humanitarian Aid and Civil Protection Department,,2017-04-27,2017-11-16,Protection and Assistance to refugees in the Dadaab and Kakuma refugee camps in Kenya/ WASH INTERVENTION FOR REFUGEE HOSTING COMMUNITIES (ECHO/-HF/BUD/2017/91050),"",0.819355,0.931,0.880081,,0.880081,1,0,0,0,0.880081,0,0,0,0,0,0,0,0,0,0,0,0,0.880081,,,,FALSE,157663
KEN,Kenya,Lower middle income,Sub-Saharan Africa,"Sweden, Government of",,2017-04-27,2017-05-05,Secondment of Environment Officer to WFP,"",0.29,8.903,0.032573,,0.032573,1,0,0,0,0.032573,0,0,0,0,0,0,0,0,0,0,0,0,0.032573,,,,FALSE,157899
KEN,Kenya,Lower middle income,Sub-Saharan Africa,European Commission's Humanitarian Aid and Civil Protection Department,,2017-04-27,2017-11-16,Protection and Assistance to refugees in the Dadaab and Kakuma refugee camps in Kenya/ WASH INTERVENTION FOR REFUGEE HOSTING COMMUNITIES (ECHO/-HF/BUD/2017/91050),"",0.060268,0.931,0.064735,,0.064735,1,0,0,0,0.064735,0,0,0,0,0,0,0,0,0,0,0,0,0.064735,,,,FALSE,158117
KEN,Kenya,Lower middle income,Sub-Saharan Africa,European Commission's Humanitarian Aid and Civil Protection Department,,2017-04-27,2017-11-16,Protection and Assistance to refugees in the Dadaab and Kakuma refugee camps in Kenya/ WASH INTERVENTION FOR REFUGEE HOSTING COMMUNITIES (ECHO/-HF/BUD/2017/91050),"",0.020377,0.931,0.021399,,0.021399,1,0,0,0,0.021399,0,0,0,0,0,0,0,0,0,0,0,0,0.021399,,,,FALSE,159022
KEN,Kenya,Lower middle income,Sub-Saharan Africa,"Japan, Government of",,2017-03-20,2017-09-05,Emergency Grant Aid in response to famine disaster in the Middle East and Africa regions;  Provision of Health and Nutrition Assistance to the Drought Affected Communities in Kenya,"",,,0.5,,0.5,1,0,0,0,0.5,0,0,0,0,0,0,0,0,0,0,0,0,0.5,,,,FALSE,163378
KEN,Kenya,Lower middle income,Sub-Saharan Africa,"France, Government of",,2017-04-28,2017-10-19,Prévention malnutrition aigue  pour enfants 6-59 mois et FEA,"",0.5,0.893,0.55991,,0.55991,1,0,0,0,0.55991,0,0,0,0,0,0,0,0,0,0,0,0,0.55991,,,,FALSE,163748
KEN,Kenya,Lower middle income,Sub-Saharan Africa,"Sweden, Government of",,2017-05-05,2017-05-12,"Emergency Response in Garissa County, North East Kenya","",2.5,8.87,0.281849,,0.281849,1,0,0,0,0,0.281849,0,0,0,0,0,0,0,0,0,0,0,0.281849,,,,FALSE,158221
KEN,Kenya,Lower middle income,Sub-Saharan Africa,"Sweden, Government of",,2017-05-05,2017-05-12,Humanitarian support 2017,"",7.6,8.87,0.856821,,0.856821,1,0,0,0,0,0.856821,0,0,0,0,0,0,0,0,0,0,0,0.856821,,,,FALSE,158222
KEN,Kenya,Lower middle income,Sub-Saharan Africa,"Germany, Government of",,2017-05-09,2017-12-08,Preparedness for health emergencies and capacity building for emergency response in theframework of the upcoming election process,AA-S09-321.50 KEN 02/17,0.32076,0.921,0.348274,,0.348274,1,0,0,0,0,0.348274,0,0,0,0,0,0,0,0,0,0,0,0.348274,,,,FALSE,158187
KEN,Kenya,Lower middle income,Sub-Saharan Africa,"United States of America, Government of",,2017-05-10,2017-11-01,Kenya: Support UNICEF Kenya's Nutrition Programme (USAID/OFDA),AID-OFDA-IO-16-00088-02,,,0.75,,0.75,1,0,0,0,0,0.75,0,0,0,0,0,0,0,0,0,0,0,0.75,,,,FALSE,164593
KEN,Kenya,Lower middle income,Sub-Saharan Africa,"Sweden, Government of",,2017-05-12,2017-05-18,Secondment of Emergency Information Management Specialist to Unicef,"",0.758,8.87,0.085457,,0.085457,1,0,0,0,0,0.085457,0,0,0,0,0,0,0,0,0,0,0,0.085457,,,,FALSE,158417
KEN,Kenya,Lower middle income,Sub-Saharan Africa,"Sweden, Government of",,2017-05-22,2017-06-01,Support to 13 Drought-affected Priority Counties,"",2,8.87,0.225479,,0.225479,1,0,0,0,0,0.225479,0,0,0,0,0,0,0,0,0,0,0,0.225479,,,,FALSE,159194
KEN,Kenya,Lower middle income,Sub-Saharan Africa,"Ireland, Government of",,2017-05-23,2017-06-15,To save lives and alleviate suffering,TRO ERFS 2017,0.1,0.921,0.108578,,0.108578,1,0,0,0,0,0.108578,0,0,0,0,0,0,0,0,0,0,0,0.108578,,,,FALSE,160159
KEN,Kenya,Lower middle income,Sub-Saharan Africa,"Canada, Government of",,2017-05-23,2017-09-21,MCCC support for drought-affected Turkana.(D002531),D002531,0.5305,1.362,0.389501,,0.389501,1,0,0,0,0,0.389501,0,0,0,0,0,0,0,0,0,0,0,0.389501,,,,FALSE,163971
KEN,Kenya,Lower middle income,Sub-Saharan Africa,"United States of America, Government of",,2017-06-14,2017-11-01,"Water, Sanitation and Hygiene (USAID/OFDA)",AID-OFDA-G-17-00089,,,0.500188,,0.500188,1,0,0,0,0,0,0.500188,0,0,0,0,0,0,0,0,0,0,0.500188,,,,FALSE,165485
KEN,Kenya,Lower middle income,Sub-Saharan Africa,"Luxembourg, Government of",,2017-06-16,2017-06-19,Contribution PAM-2017-prédéfini,AH/PAM/2017/0001,0.5,0.893,0.55991,,0.55991,1,0,0,0,0,0,0.55991,0,0,0,0,0,0,0,0,0,0,0.55991,,,,FALSE,160317
KEN,Kenya,Lower middle income,Sub-Saharan Africa,UNICEF National Committee/Denmark,,2017-06-26,2017-07-24,Thematic 1- Health - ESARO,SM1499101497,,,0.017379,,0.017379,1,0,0,0,0,0,0.017379,0,0,0,0,0,0,0,0,0,0,0.017379,,,,FALSE,161911
KEN,Kenya,Lower middle income,Sub-Saharan Africa,"Austria, Government of",,2017-06-28,2017-07-10,to support the affected population,XX.7.08.47/0006-VII.3/2017,1,0.893,1.119821,,1.119821,1,0,0,0,0,0,1.119821,0,0,0,0,0,0,0,0,0,0,1.119821,,,,FALSE,161176
KEN,Kenya,Lower middle income,Sub-Saharan Africa,"Australia, Government of",,2017-07-05,2017-11-21,Kenya:Emergency Preparedness and Response to Drought Appeal,SM170317,,,0.443077,,0.443077,1,0,0,0,0,0,0,0.443077,0,0,0,0,0,0,0,0,0,0.443077,,,,FALSE,162029
KEN,Kenya,Lower middle income,Sub-Saharan Africa,"Australia, Government of",,2017-07-05,2017-07-26,Kenya:Emergency Preparedness and Response to Drought Appeal,SM170317,,,0.32107,,0.32107,1,0,0,0,0,0,0,0.32107,0,0,0,0,0,0,0,0,0,0.32107,,,,FALSE,162030
KEN,Kenya,Lower middle income,Sub-Saharan Africa,"Australia, Government of",,2017-07-05,2017-07-26,Kenya:Emergency Preparedness and Response to Drought Appeal,SM170317,,,0.32107,,0.32107,1,0,0,0,0,0,0,0.32107,0,0,0,0,0,0,0,0,0,0.32107,,,,FALSE,162031
KEN,Kenya,Lower middle income,Sub-Saharan Africa,"Australia, Government of",,2017-07-05,2017-07-26,Kenya:Emergency Preparedness and Response to Drought Appeal,SM170317,,,0.571505,,0.571505,1,0,0,0,0,0,0,0.571505,0,0,0,0,0,0,0,0,0,0.571505,,,,FALSE,162032
KEN,Kenya,Lower middle income,Sub-Saharan Africa,"Australia, Government of",,2017-07-05,2017-07-26,Kenya:Emergency Preparedness and Response to Drought Appeal,SM170317,,,0.192642,,0.192642,1,0,0,0,0,0,0,0.192642,0,0,0,0,0,0,0,0,0,0.192642,,,,FALSE,162033
KEN,Kenya,Lower middle income,Sub-Saharan Africa,"Germany, Government of",,2017-07-07,2017-07-17,"Supporting Livelihood Assets for Pastoralists in Northern Kenia; 2017: 500.000,00 € 2018: 0,00 €",AA-S09 321.50 KEN 06/17,0.5,0.879,0.568828,,0.568828,1,0,0,0,0,0,0,0.568828,0,0,0,0,0,0,0,0,0,0.568828,,,,FALSE,161310
KEN,Kenya,Lower middle income,Sub-Saharan Africa,UNICEF National Committee/Belgium,,2017-07-07,2017-10-03,Emergency Response:Safeguarding Drinking Water Supplies - Kenya,SM170340,,,0.113766,,0.113766,1,0,0,0,0,0,0,0.113766,0,0,0,0,0,0,0,0,0,0.113766,,,,FALSE,164408
KEN,Kenya,Lower middle income,Sub-Saharan Africa,"United States of America, Government of",,2017-07-14,2017-11-01,"Water, Sanitation and Hygiene,Economic Recovery and Market Systems (USAID/OFDA)",AID-OFDA-G-17-00169,,,0.499937,,0.499937,1,0,0,0,0,0,0,0.499937,0,0,0,0,0,0,0,0,0,0.499937,,,,FALSE,165480
KEN,Kenya,Lower middle income,Sub-Saharan Africa,"Germany, Government of",,2017-07-17,2017-07-24,Emergency measures to secure access to food and drinking water trhough mobile cash transfers,AA-S09-321.50 KEN 05/17,0.5,0.879,0.568828,,0.568828,1,0,0,0,0,0,0,0.568828,0,0,0,0,0,0,0,0,0,0.568828,,,,FALSE,161877
KEN,Kenya,Lower middle income,Sub-Saharan Africa,"United States of America, Government of",,2017-07-18,2017-12-20,Bridging Relief and Resilience in the Arid and Semi-Arid Lands,10030540/USA-C-01321-01,,,4.999645,,4.999645,1,0,0,0,0,0,0,4.999645,0,0,0,0,0,0,0,0,0,4.999645,,,,FALSE,168258
KEN,Kenya,Lower middle income,Sub-Saharan Africa,"Germany, Government of",,2017-07-19,2017-07-24,"Scaling-up the life-saving response to the drought effected Population Financial year 2017: 805000.00 € , 2018: 50000.00 €",AA-S09-321.50 KEN 07/17,0.855,0.879,0.972696,,0.972696,1,0,0,0,0,0,0,0.972696,0,0,0,0,0,0,0,0,0,0.972696,,,,FALSE,161842
KEN,Kenya,Lower middle income,Sub-Saharan Africa,"Denmark, Government of",,2017-07-25,2017-12-22,Psychosocial support in case of breakout of conflict during the 2017-elections in Kenya,2016-42679,0.2,6.534,0.030609,,0.030609,1,0,0,0,0,0,0,0.030609,0,0,0,0,0,0,0,0,0,0.030609,,,,FALSE,162179
KEN,Kenya,Lower middle income,Sub-Saharan Africa,"Germany, Government of",,2017-07-28,2018-06-11,"Emergency Responsefor the Drought Affected Communities in Kenya; 2017: 3.000.000,00 € (SM170381)",AA-S09 321.50 KEN 04/17,3,0.85,3.529412,,3.529412,1,0,0,0,0,0,0,3.529412,0,0,0,0,0,0,0,0,0,3.529412,,,,FALSE,162432
KEN,Kenya,Lower middle income,Sub-Saharan Africa,"Hungary, Government of",,2017-08-14,2017-08-24,"The Government of Hungary has decided to contribute to the humanitarian work of the WFP aimed to alleviate the famine in he Horn of Africa region, Nigeria and Yemen.","201068,200777,200572,*844,*736",0.0363,0.85,0.042706,,0.042706,1,0,0,0,0,0,0,0,0.042706,0,0,0,0,0,0,0,0,0.042706,,,,FALSE,163039
KEN,Kenya,Lower middle income,Sub-Saharan Africa,"Canada, Government of",,2017-08-14,2017-09-21,ERDO support for drought-affected people in Marsabit district.(D002531),D002531,0.315376,1.362,0.231554,,0.231554,1,0,0,0,0,0,0,0,0.231554,0,0,0,0,0,0,0,0,0.231554,,,,FALSE,163972
KEN,Kenya,Lower middle income,Sub-Saharan Africa,"United States of America, Government of",,2017-08-14,2017-11-01,"Water, Sanitation and Hygiene,Nutrition (USAID/OFDA)",AID-OFDA-G-17-00220,,,4,,4,1,0,0,0,0,0,0,0,4,0,0,0,0,0,0,0,0,4,,,,FALSE,165477
KEN,Kenya,Lower middle income,Sub-Saharan Africa,"United States of America, Government of",,2017-08-14,2017-11-01,"Water, Sanitation and Hygiene,Nutrition (USAID/OFDA)",AID-OFDA-G-17-00269,,,1.49949,,1.49949,1,0,0,0,0,0,0,0,1.49949,0,0,0,0,0,0,0,0,1.49949,,,,FALSE,165484
KEN,Kenya,Lower middle income,Sub-Saharan Africa,"United States of America, Government of",,2017-08-21,2017-11-01,"Water, Sanitation and Hygiene,Nutrition (USAID/OFDA)",AID-OFDA-G-17-00283,,,1.295183,,1.295183,1,0,0,0,0,0,0,0,1.295183,0,0,0,0,0,0,0,0,1.295183,,,,FALSE,165478
KEN,Kenya,Lower middle income,Sub-Saharan Africa,"United States of America, Government of",,2017-08-23,2017-11-01,"Water, Sanitation and Hygiene,Nutrition,Agriculture and Food Security (USAID/OFDA)",AID-OFDA-G-17-00204,,,1.099951,,1.099951,1,0,0,0,0,0,0,0,1.099951,0,0,0,0,0,0,0,0,1.099951,,,,FALSE,165486
KEN,Kenya,Lower middle income,Sub-Saharan Africa,"United States of America, Government of",,2017-08-24,2017-11-01,"Water, Sanitation and Hygiene,Economic Recovery and Market Systems,Agriculture and Food Security(USAID/OFDA)",AID-OFDA-G-17-00270,,,0.812871,,0.812871,1,0,0,0,0,0,0,0,0.812871,0,0,0,0,0,0,0,0,0.812871,,,,FALSE,165483
KEN,Kenya,Lower middle income,Sub-Saharan Africa,"United States of America, Government of",,2017-08-24,2017-11-14,"Water, Sanitation and Hygiene,Economic Recovery and Market Systems,Agriculture and Food Security (USAID/OFDA)",AID-OFDA-G-17-00270,,,0.812871,,0.812871,1,0,0,0,0,0,0,0,0.812871,0,0,0,0,0,0,0,0,0.812871,,,,FALSE,166030
KEN,Kenya,Lower middle income,Sub-Saharan Africa,"United States of America, Government of",,2017-08-25,2017-10-19,Bridging Relief and Resilience in the Arid and Semi-Arid Lands,10030594/USA-C-01332-01,,,8.25,,8.25,1,0,0,0,0,0,0,0,8.25,0,0,0,0,0,0,0,0,8.25,,,,FALSE,165048
KEN,Kenya,Lower middle income,Sub-Saharan Africa,European Commission's Humanitarian Aid and Civil Protection Department,,2017-08-29,2017-11-16,"Enabling resilience to the drought situation for the most vulnerable households in Marsabit County, Kenya, through unconditional cash transfers (ECHO/-HF/BUD/2017/91047)",ECHO/-HF/BUD/2017/91047,4,0.931,4.296455,,4.296455,1,0,0,0,0,0,0,0,4.296455,0,0,0,0,0,0,0,0,4.296455,,,,FALSE,157231
KEN,Kenya,Lower middle income,Sub-Saharan Africa,European Commission's Humanitarian Aid and Civil Protection Department,,2017-05-04,2017-11-16,Bridging Relief and Resilience in the Arid and Semi-Arid Lands  (part of ECHO/-HF/BUD/2017/91049),ECHO/-HF/BUD/2017/91049,4,0.921,4.339848,,4.339848,1,0,0,0,0,0,0,0,4.339848,0,0,0,0,0,0,0,0,4.339848,,,,FALSE,165046
KEN,Kenya,Lower middle income,Sub-Saharan Africa,European Commission's Humanitarian Aid and Civil Protection Department,,2017-08-29,2017-11-16,Food Assistance to Refugees and Nutrition Response to Drought (part of ECHO/-HF/BUD/2017/91049),ECHO/-HF/BUD/2017/91049,3,0.921,3.257329,,3.257329,1,0,0,0,0,0,0,0,3.257329,0,0,0,0,0,0,0,0,3.257329,,,,FALSE,157988
KEN,Kenya,Lower middle income,Sub-Saharan Africa,"United States of America, Government of",,2017-09-05,2017-12-20,Bridging Relief and Resilience in the Arid and Semi-Arid Lands,10030595/USA-C-01341-01,,,2.25,,2.25,1,0,0,0,0,0,0,0,0,2.25,0,0,0,0,0,0,0,2.25,,,,FALSE,168259
KEN,Kenya,Lower middle income,Sub-Saharan Africa,"United States of America, Government of",,2017-09-11,2017-11-14,"Water, Sanitation and Hygiene,Nutrition (USAID/OFDA)",AID-OFDA-G-17-00276,,,2,,2,1,0,0,0,0,0,0,0,0,2,0,0,0,0,0,0,0,2,,,,FALSE,166029
KEN,Kenya,Lower middle income,Sub-Saharan Africa,"United States of America, Government of",,2017-09-13,2018-02-05,Kenya:Support for an Emergency Food Security Program (SM170434) (USAID/FFP),SM170434,,,0.034,,0.034,1,0,0,0,0,0,0,0,0,0.034,0,0,0,0,0,0,0,0.034,,,,FALSE,170284
KEN,Kenya,Lower middle income,Sub-Saharan Africa,"United States of America, Government of",,2017-09-13,2018-02-05,Kenya:Support for an Emergency Food Security Program (SM170434) (USAID/FFP),SM170434,,,0.07,,0.07,1,0,0,0,0,0,0,0,0,0.07,0,0,0,0,0,0,0,0.07,,,,FALSE,170285
KEN,Kenya,Lower middle income,Sub-Saharan Africa,"United States of America, Government of",,2017-09-13,2018-02-05,Kenya:Support for an Emergency Food Security Program (SM170434) (USAID/FFP),SM170434,,,3.561809,,3.561809,1,0,0,0,0,0,0,0,0,3.561809,0,0,0,0,0,0,0,3.561809,,,,FALSE,170286
KEN,Kenya,Lower middle income,Sub-Saharan Africa,"United States of America, Government of",,2017-09-13,2018-02-05,Kenya:Support for an Emergency Food Security Program (SM170434)  (USAID/FFP),SM170434,,,0.06,,0.06,1,0,0,0,0,0,0,0,0,0.06,0,0,0,0,0,0,0,0.06,,,,FALSE,170288
KEN,Kenya,Lower middle income,Sub-Saharan Africa,"United States of America, Government of",,2017-09-20,2017-11-14,"Water, Sanitation and Hygiene (USAID/OFDA)",AID-OFDA-G-17-00293,,,1,,1,1,0,0,0,0,0,0,0,0,1,0,0,0,0,0,0,0,1,,,,FALSE,166027
KEN,Kenya,Lower middle income,Sub-Saharan Africa,"United States of America, Government of",,2017-09-20,2017-11-14,"Water, Sanitation and Hygiene,Nutrition (USAID/OFDA)",AID-OFDA-G-17-00280,,,2,,2,1,0,0,0,0,0,0,0,0,2,0,0,0,0,0,0,0,2,,,,FALSE,166028
KEN,Kenya,Lower middle income,Sub-Saharan Africa,"United States of America, Government of",,2017-09-22,2017-10-19,Bridging Relief and Resilience in the Arid and Semi-Arid Lands,10029684/USA-C-01354-01,,,8.75,,8.75,1,0,0,0,0,0,0,0,0,8.75,0,0,0,0,0,0,0,8.75,,,,FALSE,165047
KEN,Kenya,Lower middle income,Sub-Saharan Africa,"United States of America, Government of",,2017-09-29,2017-10-19,Bridging Relief and Resilience in the Arid and Semi-Arid Lands,10031160/USA-C-01105-07,,,8,,8,1,0,0,0,0,0,0,0,0,8,0,0,0,0,0,0,0,8,,,,FALSE,165049
KEN,Kenya,Lower middle income,Sub-Saharan Africa,"United States of America, Government of",,2017-09-30,2017-12-07,Adm support  (USAID/OFDA),"",,,0.007551,,0.007551,1,0,0,0,0,0,0,0,0,0.007551,0,0,0,0,0,0,0,0.007551,,,,FALSE,167631
KEN,Kenya,Lower middle income,Sub-Saharan Africa,"Sweden, Government of",,2017-10-19,2018-03-01,Support to drought affected population to decrease food insecurity and malnutrition,"",2,8.131,0.245972,,0.245972,1,0,0,0,0,0,0,0,0,0,0.245972,0,0,0,0,0,0,0.245972,,,,FALSE,171123
KEN,Kenya,Lower middle income,Sub-Saharan Africa,"Germany, Government of",,2017-10-27,2017-12-20,Emergency food assistance for drought affected persons in north Kenya,10030232/GER-C-00693-01,3.5,0.848,4.127358,,4.127358,1,0,0,0,0,0,0,0,0,0,4.127358,0,0,0,0,0,0,4.127358,,,,FALSE,165523
KEN,Kenya,Lower middle income,Sub-Saharan Africa,"United States of America, Government of",,2017-11-09,2017-12-20,Bridging Relief and Resilience in the Arid and Semi-Arid Lands,10031177/USA-C-01385-01,,,5.666384,,5.666384,1,0,0,0,0,0,0,0,0,0,0,5.666384,0,0,0,0,0,5.666384,,,,FALSE,168260
KEN,Kenya,Lower middle income,Sub-Saharan Africa,"United States of America, Government of",,2017-11-09,2017-12-20,Bridging Relief and Resilience in the Arid and Semi-Arid Lands,10031313/USA-C-01384-01,,,7.494975,,7.494975,1,0,0,0,0,0,0,0,0,0,0,7.494975,0,0,0,0,0,7.494975,,,,FALSE,168261
KEN,Kenya,Lower middle income,Sub-Saharan Africa,"Sweden, Government of",,2017-11-19,2017-12-19,Support to drought affected populations to increase food security and decrease malnutrition of children,"",2,8.36,0.239234,,0.239234,1,0,0,0,0,0,0,0,0,0,0,0.239234,0,0,0,0,0,0.239234,,,,FALSE,168142
KEN,Kenya,Lower middle income,Sub-Saharan Africa,"United States of America, Government of",,2017-11-22,2018-07-05,In-Kind: Humanitarian Assistance for Food Security Sector (USAID/FFP),72DFFP18IO00005,,,5.988165,,5.988165,1,0,0,0,0,0,0,0,0,0,0,5.988165,0,0,0,0,0,5.988165,,,,FALSE,174568
KEN,Kenya,Lower middle income,Sub-Saharan Africa,UNICEF National Committee/Germany,,2017-11-23,2018-02-02,Thematic 8- Cross Sectoral - ESARO - El Nino (SM1499101300),SM1499101300,,,0.058072,,0.058072,1,0,0,0,0,0,0,0,0,0,0,0.058072,0,0,0,0,0,0.058072,,,,FALSE,170171
KEN,Kenya,Lower middle income,Sub-Saharan Africa,"United Kingdom, Government of",,2017-11-24,2017-12-20,Bridging Relief and Resilience in the Arid and Semi-Arid Lands,10031312/UK -C-00378-01,,,13.192612,,13.192612,1,0,0,0,0,0,0,0,0,0,0,13.192612,0,0,0,0,0,13.192612,,,,FALSE,168257
KEN,Kenya,Lower middle income,Sub-Saharan Africa,"United States of America, Government of",,2017-11-30,2018-07-05,In-Kind: Humanitarian Assistance for Food Security Sector (USAID/FFP),72DFFP18IO00007,,,27.988534,,27.988534,1,0,0,0,0,0,0,0,0,0,0,27.988534,0,0,0,0,0,27.988534,,,,FALSE,174569
KEN,Kenya,Lower middle income,Sub-Saharan Africa,European Commission's Humanitarian Aid and Civil Protection Department,,2018-02-16,2019-07-04,Integrated Emergency Drought Response to Save Lives in ASAL Counties of Kenya (ECHO/-HF/BUD/2018/91012),ECHO/-HF/BUD/2018/91012,0.7,0.805,0.869565,,0.869565,1,0,0,0,0,0,0,0,0,0,0,0,0.869565,0,0,0,0,0.869565,,,,FALSE,170854
KEN,Kenya,Lower middle income,Sub-Saharan Africa,"France, Government of",,2018-02-19,2018-02-20,"Famine - Intervention d'urgence en matière de sécurité alimentaire et nutritionnelle dans les comtés de West Pokot, Samburu et Mandera.",2017-240,0.5,0.805,0.621118,,0.621118,1,0,0,0,0,0,0,0,0,0,0,0,0.621118,0,0,0,0,0.621118,,,,FALSE,170825
KEN,Kenya,Lower middle income,Sub-Saharan Africa,"France, Government of",,2018-02-22,2018-02-23,Contribution au HCR pour les réfugiés somaliens au Kenya,"",0.169,0.805,0.209938,,0.209938,1,0,0,0,0,0,0,0,0,0,0,0,0.209938,0,0,0,0,0.209938,,,,FALSE,170968
KEN,Kenya,Lower middle income,Sub-Saharan Africa,"United States of America, Government of",,2018-03-06,2018-03-20,Kenya/Drought: Program Support (USAID/OFDA),"",,,0.008037,,0.008037,1,0,0,0,0,0,0,0,0,0,0,0,0,0.008037,0,0,0,0.008037,,,,FALSE,171709
KEN,Kenya,Lower middle income,Sub-Saharan Africa,"Denmark, Government of",,2018-03-09,2018-05-17,Help drought victims,2017-12520,1.25,6.071,0.205897,,0.205897,1,0,0,0,0,0,0,0,0,0,0,0,0,0.205897,0,0,0,0.205897,,,,FALSE,174617
KEN,Kenya,Lower middle income,Sub-Saharan Africa,European Commission's Humanitarian Aid and Civil Protection Department,,2018-03-14,2019-07-09,"Providing lifesaving support for the most vulnerable households in Kenya in the current drought situation and ongoing emergencies, through unconditional cash transfers, and through building the capacity of the Kenya Red Cross to deliver effective preparedness and response during 2018 and beyond (part of ECHO/-HF/BUD/2018/91011)",ECHO/-HF/BUD/2018/91011,1.8,0.815,2.208589,,2.208589,1,0,0,0,0,0,0,0,0,0,0,0,0,2.208589,0,0,0,2.208589,,,,FALSE,171631
KEN,Kenya,Lower middle income,Sub-Saharan Africa,European Commission's Humanitarian Aid and Civil Protection Department,,2018-03-14,2019-08-26,"Providing lifesaving support for the most vulnerable households in Kenya in the current drought situation and ongoing emergencies, through unconditional cash transfers, and through building the capacity of the Kenya Red Cross to deliver effective preparedness and response during 2018 and beyond (part of ECHO/-HF/BUD/2018/91011)",ECHO/-HF/BUD/2018/91011,0.667737,0.815,0.819309,,0.819309,1,0,0,0,0,0,0,0,0,0,0,0,0,0.819309,0,0,0,0.819309,,,,FALSE,195291
KEN,Kenya,Lower middle income,Sub-Saharan Africa,"Switzerland, Government of",,2018-05-31,2018-06-12,Drought Emergency Interventions Humanitarian Suppot to Mandera County (7F-10048.01),7F-10048.01,0.2,0.99,0.20202,,0.20202,1,0,0,0,0,0,0,0,0,0,0,0,0,0,0.20202,0,0,0.20202,,,,FALSE,176336
KEN,Kenya,Lower middle income,Sub-Saharan Africa,"United States of America, Government of",,2018-06-08,2018-08-20,Kenya/Drought: Nutrition( USAID/OFDA),SM180272,,,1.5,,1.5,1,0,0,0,0,0,0,0,0,0,0,0,0,0,0,1.5,0,1.5,,,,FALSE,179000
KEN,Kenya,Lower middle income,Sub-Saharan Africa,"United States of America, Government of",,2018-08-08,2018-10-08,"Kenya/Drought: Water, Sanitation and Hygiene,Nutrition,Agriculture and Food Security ( USAID/OFDA)",720FDA18GR00125,,,0.749971,,0.749971,1,0,0,0,0,0,0,0,0,0,0,0,0,0,0,0,0.749971,0.749971,,,,FALSE,181218
