Country Code,Country,Income Type,Region,Source,Classification,Approval Date,Last Updated,Project Title,Project ID,Total Committed Amount (original currency mn),x : USD,Total Amount Committed (USD mn),Loan Amount Committed (USD mn),Grant Amount Committed (USD mn),Grant Portion,Feb-19,Mar-19,Apr-19,May-19,Jun-19,Jul-19,Aug-19,Sep-19,Oct-19,Nov-19,Dec-19,Jan-20,Feb-20,Mar-20,Apr-20,May-20,Jun-20,Jul-20,Aug-20,Sep-20,Total Disbursed,Comment,Press release/project website,Additional source
MOZ,Mozambique,Low income,Sub-Saharan Africa,,,2019-02-14,2019-11-05T16:16:17.688Z,"LIFE-SAVING SEED DISTRIBUTION TO CONFLICT-AFFECTED RETURNEES AND HOST COMMUNITIES AND FLOOD AFFECTED COMMUNITIES IN TETE, MOZAMBIQUE (ECHO/DRF/BUD/2019/91003)",ECHO/DRF/BUD/2019/91003,0.3,0.876,0.342466,,0.342466,1,0.342466,0,0,0,0,0,0,0,0,0,0,0,0,0,0,0,0,0,0,0,0.342466,,,
MOZ,Mozambique,Low income,Sub-Saharan Africa,,,2019-02-19,2020-02-05T10:36:09.521Z,Appeal for Mozambique,FE 2019/12,0.1,0.999,0.1001,,0.1001,1,0.1001,0,0,0,0,0,0,0,0,0,0,0,0,0,0,0,0,0,0,0,0.1001,,,
MOZ,Mozambique,Low income,Sub-Saharan Africa,,,2019-03-12,2019-05-24T16:15:35.414Z,Humanitarian assistance to affected populations,"",2,9.27,0.21575,,0.21575,1,0,0.21575,0,0,0,0,0,0,0,0,0,0,0,0,0,0,0,0,0,0,0.21575,,,
MOZ,Mozambique,Low income,Sub-Saharan Africa,,,2019-03-13,2019-05-31T11:19:33.404Z,Cyclone Idai - Mozambique Response: Immediate food assistance,10034294	300298-103/109	UK -C-00382-03	MZ01,8.3,0.775,10.709677,,10.709677,1,0,10.709677,0,0,0,0,0,0,0,0,0,0,0,0,0,0,0,0,0,0,10.709677,,,
MOZ,Mozambique,Low income,Sub-Saharan Africa,,,2019-03-15,2019-05-03T09:50:53.056Z,In response to Cyclone Idai: Support to IFRC operation in Mozambique (P006382),P006382,0.35,1.316,0.265957,,0.265957,1,0,0.265957,0,0,0,0,0,0,0,0,0,0,0,0,0,0,0,0,0,0,0.265957,,,
MOZ,Mozambique,Low income,Sub-Saharan Africa,,,2019-03-15,2020-11-19T10:42:30.768Z,Shelter Assistance and Support to Returns in Cyclone Affected Areas in Mozambique,DP.2203,0.6,0.849,0.706714,,0.706714,1,0,0.706714,0,0,0,0,0,0,0,0,0,0,0,0,0,0,0,0,0,0,0.706714,,,
MOZ,Mozambique,Low income,Sub-Saharan Africa,,,2019-03-19,2019-03-29T16:02:46.781Z,to support disaster relief and recovery efforts in Mozambique following Cyclone Idai,"",,,0.25,,0.25,1,0,0.25,0,0,0,0,0,0,0,0,0,0,0,0,0,0,0,0,0,0,0.25,,,
MOZ,Mozambique,Low income,Sub-Saharan Africa,,,2019-03-19,2019-03-29T16:04:00.536Z,to organizations operating in Mozambique that are assisting the government with disaster relief efforts after Cyclone Idai,"",,,0.05,,0.05,1,0,0.05,0,0,0,0,0,0,0,0,0,0,0,0,0,0,0,0,0,0,0.05,,,
MOZ,Mozambique,Low income,Sub-Saharan Africa,,,2019-03-19,2019-07-16T07:42:54.272Z,Emergency livelihood support to the most vulnerable populations affected by Tropical Cyclone Idai,OSRO/MOZ/902/BEL,,,0.225309,,0.225309,1,0,0.225309,0,0,0,0,0,0,0,0,0,0,0,0,0,0,0,0,0,0,0.225309,,,
MOZ,Mozambique,Low income,Sub-Saharan Africa,,,2019-03-19,2019-05-28T07:41:42.289Z,Provide Humanitarian Assistance,"",1.090736,0.879,1.240883,,1.240883,1,0,1.240883,0,0,0,0,0,0,0,0,0,0,0,0,0,0,0,0,0,0,1.240883,,,
MOZ,Mozambique,Low income,Sub-Saharan Africa,,,2019-03-19,2019-05-28T07:39:24.112Z,Emergency response to affected population of cyclone Idai (through Ministry of Defense),"",0.913634,0.879,1.039402,,1.039402,1,0,1.039402,0,0,0,0,0,0,0,0,0,0,0,0,0,0,0,0,0,0,1.039402,,,
MOZ,Mozambique,Low income,Sub-Saharan Africa,,,2019-03-19,2019-05-28T07:37:50.616Z,Emergency Response (through Health Ministry),"",1.022271,0.879,1.162993,,1.162993,1,0,1.162993,0,0,0,0,0,0,0,0,0,0,0,0,0,0,0,0,0,0,1.162993,,,
MOZ,Mozambique,Low income,Sub-Saharan Africa,,,2019-03-19,2019-05-28T07:35:31.578Z,Emergency response,"",0.005,0.879,0.005688,,0.005688,1,0,0.005688,0,0,0,0,0,0,0,0,0,0,0,0,0,0,0,0,0,0,0.005688,,,
MOZ,Mozambique,Low income,Sub-Saharan Africa,,,2019-03-20,2019-04-12T09:44:31.019Z,"Support for search and rescue, medical support, tents, medicines and other equipment.","",,,0,,0,1,0,0,0,0,0,0,0,0,0,0,0,0,0,0,0,0,0,0,0,0,0,,,
MOZ,Mozambique,Low income,Sub-Saharan Africa,,,2019-03-20,2019-06-14T13:53:02.362Z,"Mozambique/Floods-2019 : Water, Sanitation and Hygiene
(USAID/OFDA)",72065619GR00001,,,0.2,,0.2,1,0,0.2,0,0,0,0,0,0,0,0,0,0,0,0,0,0,0,0,0,0,0.2,,,
MOZ,Mozambique,Low income,Sub-Saharan Africa,,,2019-03-20,2019-05-17T16:03:43.101Z,"Emergency food assistance following cyclone """"Idai"""" (QZA-18/0148-22)",10035322	NOR QZA-18/0148 ADD.6	NOR-C-00397-01	MZ01,6,8.666,0.692361,,0.692361,1,0,0.692361,0,0,0,0,0,0,0,0,0,0,0,0,0,0,0,0,0,0,0.692361,,,
MOZ,Mozambique,Low income,Sub-Saharan Africa,,,2019-03-20,2019-05-27T07:46:22.205Z,"Cyclone IDAI, WASH",2017-12486,0.535,6.559,0.081567,,0.081567,1,0,0.081567,0,0,0,0,0,0,0,0,0,0,0,0,0,0,0,0,0,0,0.081567,,,
MOZ,Mozambique,Low income,Sub-Saharan Africa,,,2019-03-20,2019-10-21T11:51:04.790Z,UNDAC ICT module,"",0.75,9.3,0.080645,,0.080645,1,0,0.080645,0,0,0,0,0,0,0,0,0,0,0,0,0,0,0,0,0,0,0.080645,,,
MOZ,Mozambique,Low income,Sub-Saharan Africa,,,2019-03-20,2019-10-15T14:35:13.800Z,"(In kind) Humanitarian flight: Dispatch - through the United Nations Humanitarian Response Depot of Brindisi - of humanitarian goods (tents, jerry cans, generators, plastic rolls, blankets, kitchen sets latrines) to assist affected population.","",0.1787,0.879,0.203299,,0.203299,1,0,0.203299,0,0,0,0,0,0,0,0,0,0,0,0,0,0,0,0,0,0,0.203299,,,
MOZ,Mozambique,Low income,Sub-Saharan Africa,,,2019-03-21,2019-06-20T07:33:13.812Z,To help the cyclon-affected population,MZ-7.08.47/0001-VII.3/2019,0.5,0.879,0.568828,,0.568828,1,0,0.568828,0,0,0,0,0,0,0,0,0,0,0,0,0,0,0,0,0,0,0.568828,,,
MOZ,Mozambique,Low income,Sub-Saharan Africa,,,2019-03-21,2019-04-02T12:24:30.238Z,"Cyclone Idai Emergency Response: Food security, Emergency food assistance  (7F-09777.31)",7F-09777.31,1,0.999,1.001001,,1.001001,1,0,1.001001,0,0,0,0,0,0,0,0,0,0,0,0,0,0,0,0,0,0,1.001001,,,
MOZ,Mozambique,Low income,Sub-Saharan Africa,,,2019-03-21,2019-04-09T07:56:57.138Z,"Child protection, food security, emergency help and education- Emergency health team has been deployed.",2017-12471,1.605,6.651,0.241317,,0.241317,1,0,0.241317,0,0,0,0,0,0,0,0,0,0,0,0,0,0,0,0,0,0,0.241317,,,
MOZ,Mozambique,Low income,Sub-Saharan Africa,,,2019-03-22,2019-03-27T15:07:32.442Z,Contribution from the CHAF to respond to Cyclone Idai in Mozambique,P006431,0.595,1.316,0.452128,,0.452128,1,0,0.452128,0,0,0,0,0,0,0,0,0,0,0,0,0,0,0,0,0,0,0.452128,,,
MOZ,Mozambique,Low income,Sub-Saharan Africa,,,2019-03-22,2019-03-29T15:50:08.694Z,to assist disaster relief and recovery efforts following Cyclone Idai,"",,,0.1,,0.1,1,0,0.1,0,0,0,0,0,0,0,0,0,0,0,0,0,0,0,0,0,0,0.1,,,
MOZ,Mozambique,Low income,Sub-Saharan Africa,,,2019-03-22,2019-03-29T16:16:06.135Z,donation to a humanitarian institution in Mozambique and will provide immediate help with minimising food and water shortages and restoring infrastructure in the affected areas.,"",,,0.25,,0.25,1,0,0.25,0,0,0,0,0,0,0,0,0,0,0,0,0,0,0,0,0,0,0.25,,,
MOZ,Mozambique,Low income,Sub-Saharan Africa,,,2019-03-22,2019-04-12T12:48:38.310Z,Support to people affected by Cyclone Idai,TC-2019-900021-MOZ,5,9.27,0.539374,,0.539374,1,0,0.539374,0,0,0,0,0,0,0,0,0,0,0,0,0,0,0,0,0,0,0.539374,,,
MOZ,Mozambique,Low income,Sub-Saharan Africa,,,2019-03-22,2019-09-24T10:38:49.396Z,Mozambique: Cyclone Idai,"",8.21,9.525,0.861942,,0.861942,1,0,0.861942,0,0,0,0,0,0,0,0,0,0,0,0,0,0,0,0,0,0,0.861942,,,
MOZ,Mozambique,Low income,Sub-Saharan Africa,,,2019-03-22,2019-05-29T13:52:59.024Z,"Technical Assistance and Support Team, TAST module for EUCP-team","",0.75,9.27,0.080645,,0.080645,1,0,0.080645,0,0,0,0,0,0,0,0,0,0,0,0,0,0,0,0,0,0,0.080645,,,
MOZ,Mozambique,Low income,Sub-Saharan Africa,,,2019-03-22,2019-10-31T13:15:47.212Z,"Protection, food and education",2017-12470,0.214,6.559,0.032627,,0.032627,1,0,0.032627,0,0,0,0,0,0,0,0,0,0,0,0,0,0,0,0,0,0,0.032627,,,
MOZ,Mozambique,Low income,Sub-Saharan Africa,,,2019-03-22,2019-10-04T08:56:45.878Z,Supply kitchen and hygienic kit to the affected population,"",0.13,0.879,0.147895,,0.147895,1,0,0.147895,0,0,0,0,0,0,0,0,0,0,0,0,0,0,0,0,0,0,0.147895,,,
MOZ,Mozambique,Low income,Sub-Saharan Africa,,,2019-03-22,2019-11-01T16:40:14.227Z,Funding for Dutch Relief Alliance's Mozambique operations,"",3.5,0.914,3.829322,,3.829322,1,0,3.829322,0,0,0,0,0,0,0,0,0,0,0,0,0,0,0,0,0,0,3.829322,,,
MOZ,Mozambique,Low income,Sub-Saharan Africa,,,2019-03-23,2019-03-28T10:19:17.451Z,"Humanitarian Assistance Disaster Relief - ships  to provide medical assistance, including 500 kg of epidemic related medicines, food supplies, dry provisions, ready-to-eat meals, daily essentials and clothing items, 400 tonnes of rice . In addition fresh water  was provided in relief camps, as well as provision of community service including clearing of debris and repairing damaged roads,","",,,0,,0,1,0,0,0,0,0,0,0,0,0,0,0,0,0,0,0,0,0,0,0,0,0,,,
MOZ,Mozambique,Low income,Sub-Saharan Africa,,,2019-03-23,2019-03-29T16:45:53.358Z,"Search, rescue, health and humanitarian aid services, in addition to tents and hygiene sets.","",,,0,,0,1,0,0,0,0,0,0,0,0,0,0,0,0,0,0,0,0,0,0,0,0,0,,,
MOZ,Mozambique,Low income,Sub-Saharan Africa,,,2019-03-24,2019-03-28T13:36:38.009Z,"39-ton humanitarian aid package, consisting of tents (200), blankets (2000) and basic food items.","",,,0,,0,1,0,0,0,0,0,0,0,0,0,0,0,0,0,0,0,0,0,0,0,0,0,,,
MOZ,Mozambique,Low income,Sub-Saharan Africa,,,2019-03-24,2019-09-26T14:28:24.793Z,UAE response to Cyclone Idai and providing relief item in Mozambique (Part of the UAE response $ 5 millon  to cyclone Idai 2019),GOV-2019-007,5.872,3.67,1.6,,1.6,1,0,1.6,0,0,0,0,0,0,0,0,0,0,0,0,0,0,0,0,0,0,1.6,,,
MOZ,Mozambique,Low income,Sub-Saharan Africa,,,2019-03-25,2019-05-28T16:13:09.439Z,"Shelter, water, sanitation, food",2017-12519,1.284,6.559,0.195762,,0.195762,1,0,0.195762,0,0,0,0,0,0,0,0,0,0,0,0,0,0,0,0,0,0,0.195762,,,
MOZ,Mozambique,Low income,Sub-Saharan Africa,,,2019-03-26,2019-03-27T15:02:30.687Z,Rescue and reconstruction works in the context of the passage of cyclone Idai,No 83/2019,0.1,0.879,0.113766,,0.113766,1,0,0.113766,0,0,0,0,0,0,0,0,0,0,0,0,0,0,0,0,0,0,0.113766,,,
MOZ,Mozambique,Low income,Sub-Saharan Africa,,,2019-03-27,2019-05-28T14:53:24.580Z,Soutien aux populations sinistrées par le cyclone Idai au Mozambique,2019-076,0.1,0.879,0.113766,,0.113766,1,0,0.113766,0,0,0,0,0,0,0,0,0,0,0,0,0,0,0,0,0,0,0.113766,,,
MOZ,Mozambique,Low income,Sub-Saharan Africa,,,2019-03-27,2019-05-30T10:58:50.531Z,"Basic needs,WASH, shelter",2017-12401,1.07,6.559,0.163135,,0.163135,1,0,0.163135,0,0,0,0,0,0,0,0,0,0,0,0,0,0,0,0,0,0,0.163135,,,
MOZ,Mozambique,Low income,Sub-Saharan Africa,,,2019-03-27,2019-04-29T15:15:31.233Z,"Mozambique/Cyclone-2019: Logistics Support and Relief Commodities
 ( USAID/OFDA)",7200AA19C00035,,,0.23342,,0.23342,1,0,0.23342,0,0,0,0,0,0,0,0,0,0,0,0,0,0,0,0,0,0,0.23342,,,
MOZ,Mozambique,Low income,Sub-Saharan Africa,,,2019-03-27,2020-02-20T13:49:47.553Z,Emergency relief and support to populations affected by Cyclone Idai,"",0.07,0.751,0.093209,,0.093209,1,0,0.093209,0,0,0,0,0,0,0,0,0,0,0,0,0,0,0,0,0,0,0.093209,,,
MOZ,Mozambique,Low income,Sub-Saharan Africa,,,2019-03-27,2020-02-20T13:53:21.569Z,Emergency relief and support to populations affected by Cyclone Idai,"",0.073333,0.751,0.097647,,0.097647,1,0,0.097647,0,0,0,0,0,0,0,0,0,0,0,0,0,0,0,0,0,0,0.097647,,,
MOZ,Mozambique,Low income,Sub-Saharan Africa,,,2019-03-28,2019-07-16T07:38:01.697Z,Emergency Assistance for Livelihoods of People Affected by Floods in the provinces of Zambezia and Tete,19-RR-FAO-019,,,1.5,,1.5,1,0,1.5,0,0,0,0,0,0,0,0,0,0,0,0,0,0,0,0,0,0,1.5,,,
MOZ,Mozambique,Low income,Sub-Saharan Africa,,,2019-03-28,2020-05-28T05:09:37.742Z,"Provide immediate life-saving Food Assistance to 115,700 people affected by IDAI cyclone and floods",19-RR-WFP-035,,,2.549841,,2.549841,1,0,2.549841,0,0,0,0,0,0,0,0,0,0,0,0,0,0,0,0,0,0,2.549841,,,
MOZ,Mozambique,Low income,Sub-Saharan Africa,,,2019-03-28,2019-05-13T13:18:35.756Z,Provide life saving clinical sexual and reproductive health services to Cyclone Idai and flood affected people in Mozambique,UOG86,,,0.34935,,0.34935,1,0,0.34935,0,0,0,0,0,0,0,0,0,0,0,0,0,0,0,0,0,0,0.34935,,,
MOZ,Mozambique,Low income,Sub-Saharan Africa,,,2019-03-28,2019-04-01T08:18:10.406Z,"Shelter, Protection and Health support to displaced and the most vulnerable people affected by Cyclone Idai",19-RR-IOM-015,,,1.534354,,1.534354,1,0,1.534354,0,0,0,0,0,0,0,0,0,0,0,0,0,0,0,0,0,0,1.534354,,,
MOZ,Mozambique,Low income,Sub-Saharan Africa,,,2019-03-28,2019-04-01T08:09:11.596Z,"Shelter, Protection and Health support to displaced and the most vulnerable people affected by Cyclone Idai",19-RR-IOM-015,,,0.14441,,0.14441,1,0,0.14441,0,0,0,0,0,0,0,0,0,0,0,0,0,0,0,0,0,0,0.14441,,,
MOZ,Mozambique,Low income,Sub-Saharan Africa,,,2019-03-28,2019-04-01T08:11:16.491Z,"Shelter, Protection and Health support to displaced and the most vulnerable people affected by Cyclone Idai",19-RR-IOM-015,,,0.126358,,0.126358,1,0,0.126358,0,0,0,0,0,0,0,0,0,0,0,0,0,0,0,0,0,0,0.126358,,,
MOZ,Mozambique,Low income,Sub-Saharan Africa,,,2019-03-28,2019-06-18T13:23:28.601Z,Support to life saving services for the management of moderate acute malnutrition in children 6 – 59 months,70000601	19-RR-WFP-036	001-C-01906-01	MZ01.01.021.URT1,,,0.290396,,0.290396,1,0,0.290396,0,0,0,0,0,0,0,0,0,0,0,0,0,0,0,0,0,0,0.290396,,,
MOZ,Mozambique,Low income,Sub-Saharan Africa,,,2019-03-28,2019-05-13T14:16:22.178Z,Ensuring lifesaving GBV assistance to women and young people affected by the flood and cyclone IDAI,19-RR-FPA-023,,,0.399977,,0.399977,1,0,0.399977,0,0,0,0,0,0,0,0,0,0,0,0,0,0,0,0,0,0,0.399977,,,
MOZ,Mozambique,Low income,Sub-Saharan Africa,,,2019-03-28,2019-04-03T07:30:40.070Z,Life-saving protection assistance to persons affected by Cyclone IDAI,19-RR-HCR-016,,,0.099876,,0.099876,1,0,0.099876,0,0,0,0,0,0,0,0,0,0,0,0,0,0,0,0,0,0,0.099876,,,
MOZ,Mozambique,Low income,Sub-Saharan Africa,,,2019-03-28,2019-11-04T15:45:11.764Z,Provision of Logistics Cluster Common Services in Support of the Humanitarian Community responding to Cyclone Idai in Mozambique (ECHO/DRF/BUD/2019/91008),10035286	ECHO/DRF/BUD/2019/91008	EEC-C-00771-01	MZ01.08.071.CPA1,1,0.8808,1.135381,,1.135381,1,0,1.135381,0,0,0,0,0,0,0,0,0,0,0,0,0,0,0,0,0,0,1.135381,,,
MOZ,Mozambique,Low income,Sub-Saharan Africa,,,2019-03-28,2019-06-21T14:08:24.298Z,"Immediate life-saving food distributions to populations affected by IDAI cyclone and floods, including emergency school feeding",10035395	IHC -19/158	UAE-C-00030-01	MZ01.01.021.URT1,,,0.58,,0.58,1,0,0.58,0,0,0,0,0,0,0,0,0,0,0,0,0,0,0,0,0,0,0.58,,,
MOZ,Mozambique,Low income,Sub-Saharan Africa,,,2019-03-29,2019-12-26T13:57:47.829Z,Access to emergency education for children affected by IDAI,SM190134,,,0.699058,,0.699058,1,0,0.699058,0,0,0,0,0,0,0,0,0,0,0,0,0,0,0,0,0,0,0.699058,,,
MOZ,Mozambique,Low income,Sub-Saharan Africa,,,2019-03-29,2019-10-02T08:19:25.223Z,Support adherence and retention on antiretroviral treatment among people living with HIV in areas affected by Tropical Cyclone Idai,19-RR-AID-001,,,0.14965,,0.14965,1,0,0.14965,0,0,0,0,0,0,0,0,0,0,0,0,0,0,0,0,0,0,0.14965,,,
MOZ,Mozambique,Low income,Sub-Saharan Africa,,,2019-03-29,2019-04-26T13:10:10.416Z,"Support to restoration of lifesaving primary healthcare services, including malaria and other potential disease outbreaks focusing on children and women after Cyclone Idai and related floods",SM190135,,,0.523976,,0.523976,1,0,0.523976,0,0,0,0,0,0,0,0,0,0,0,0,0,0,0,0,0,0,0.523976,,,
MOZ,Mozambique,Low income,Sub-Saharan Africa,,,2019-03-29,2019-12-09T09:16:12.321Z,"Provision of primary health care services including the prevention, detection and response to infectious disease outbreaks in provinces affected by the Tropical Cyclone Idai in Mozambique",19-RR-WHO-031,,,0.318076,,0.318076,1,0,0.318076,0,0,0,0,0,0,0,0,0,0,0,0,0,0,0,0,0,0,0.318076,,,
MOZ,Mozambique,Low income,Sub-Saharan Africa,,,2019-03-29,2019-04-26T13:14:57.617Z,Support to life saving services for the management of severe acute malnutrition in children 6 – 59 months,SM190137,,,0.21094,,0.21094,1,0,0.21094,0,0,0,0,0,0,0,0,0,0,0,0,0,0,0,0,0,0,0.21094,,,
MOZ,Mozambique,Low income,Sub-Saharan Africa,,,2019-03-29,2019-05-10T09:50:27.128Z,"Delivering life-saving water, sanitation and hygiene services to people affected by cyclone Idai",19-RR-CEF-056,,,2.150379,,2.150379,1,0,2.150379,0,0,0,0,0,0,0,0,0,0,0,0,0,0,0,0,0,0,2.150379,,,
MOZ,Mozambique,Low income,Sub-Saharan Africa,,,2019-03-29,2019-05-02T07:36:57.425Z,( In- Kind):In response to Cyclone Idai: Relief supplies to support emergency relief operations channelled through the CRC (P007514),P007514,0.168152,1.342,0.1253,,0.1253,1,0,0.1253,0,0,0,0,0,0,0,0,0,0,0,0,0,0,0,0,0,0,0.1253,,,
MOZ,Mozambique,Low income,Sub-Saharan Africa,,,2019-03-29,2019-09-03T15:57:49.309Z,"Improved access to WASH, NFIs, services and increased access to hygiene information, emergency shelters, strenghtening of community based psychosocial support","",4.764447,9.27,0.513964,,0.513964,1,0,0.513964,0,0,0,0,0,0,0,0,0,0,0,0,0,0,0,0,0,0,0.513964,,,
MOZ,Mozambique,Low income,Sub-Saharan Africa,,,2019-03-29,2019-07-16T09:18:17.772Z,Multilateral contribution to FICR to provide assistance to affected population,"",0.1,0.879,0.113766,,0.113766,1,0,0.113766,0,0,0,0,0,0,0,0,0,0,0,0,0,0,0,0,0,0,0.113766,,,
MOZ,Mozambique,Low income,Sub-Saharan Africa,,,2019-03-29,2019-07-22T14:10:01.287Z,Multilateral contribution to IOM to provide assistance to affected population,"",0.3,0.8942,0.335506,,0.335506,1,0,0.335506,0,0,0,0,0,0,0,0,0,0,0,0,0,0,0,0,0,0,0.335506,,,
MOZ,Mozambique,Low income,Sub-Saharan Africa,,,2019-03-29,2019-09-03T15:57:49.453Z,"Improved access to WASH, NFIs, services and increased access to hygiene information, emergency shelters, strengthening of community based psychosocial support","",4.2,9.27,0.453074,,0.453074,1,0,0.453074,0,0,0,0,0,0,0,0,0,0,0,0,0,0,0,0,0,0,0.453074,,,
MOZ,Mozambique,Low income,Sub-Saharan Africa,,,2019-03-29,2019-10-04T08:55:43.258Z,Provide air services for the Spanish EMT2,"",0.61,0.879,0.69397,,0.69397,1,0,0.69397,0,0,0,0,0,0,0,0,0,0,0,0,0,0,0,0,0,0,0.69397,,,
MOZ,Mozambique,Low income,Sub-Saharan Africa,,,2019-03-31,2019-04-04T13:12:56.342Z,Humanitarian Aid in response to Tropical Cyclone Idai,7F-09881.01,0.42,0.999,0.42042,,0.42042,1,0,0.42042,0,0,0,0,0,0,0,0,0,0,0,0,0,0,0,0,0,0,0.42042,,,
MOZ,Mozambique,Low income,Sub-Saharan Africa,,,2019-03-31,2019-04-09T16:21:13.749Z,"Secondment: Mozambique, IOM Site planner (Shelter, NFI and rehabilitation*,
Emergency rehabilitation (shelter)) (Z7H214200078)",Z7H214200078,0.0585,0.999,0.058559,,0.058559,1,0,0.058559,0,0,0,0,0,0,0,0,0,0,0,0,0,0,0,0,0,0,0.058559,,,
MOZ,Mozambique,Low income,Sub-Saharan Africa,,,2019-03-31,2019-04-09T16:22:29.217Z,"Secondment: Mozambique, IOM Logistician (Shelter, NFI and rehabilitation*,
Emergency rehabilitation (shelter)) (Z7H214200079)",Z7H214200079,0.0053,0.999,0.005305,,0.005305,1,0,0.005305,0,0,0,0,0,0,0,0,0,0,0,0,0,0,0,0,0,0,0.005305,,,
MOZ,Mozambique,Low income,Sub-Saharan Africa,,,2019-04-01,2020-08-12T13:05:13.903Z,Cyclone Idaia- Mozambique Response 2019,"",0,0.764,0,,0,1,0,0,0,0,0,0,0,0,0,0,0,0,0,0,0,0,0,0,0,0,0,,,
MOZ,Mozambique,Low income,Sub-Saharan Africa,,,2019-04-01,2020-08-12T13:05:13.803Z,Cyclone Idai - Mozambique Response: Idai emergency response needs.,SM190142,3.3,0.793,4.161412,,4.161412,1,0,0,4.161412,0,0,0,0,0,0,0,0,0,0,0,0,0,0,0,0,0,4.161412,,,
MOZ,Mozambique,Low income,Sub-Saharan Africa,,,2019-04-01,2019-06-14T12:41:30.501Z,Cyclone Idai Response,"",3,9.3,0.322581,,0.322581,1,0,0,0.322581,0,0,0,0,0,0,0,0,0,0,0,0,0,0,0,0,0,0.322581,,,
MOZ,Mozambique,Low income,Sub-Saharan Africa,,,2019-04-01,2019-05-29T08:27:58.381Z,Multilateral Contribution to the CPLP appeal to emergency response to the affected population of cyclone Idai,"",0.35,0.891,0.392817,,0.392817,1,0,0,0.392817,0,0,0,0,0,0,0,0,0,0,0,0,0,0,0,0,0,0.392817,,,
MOZ,Mozambique,Low income,Sub-Saharan Africa,,,2019-04-01,2019-05-29T08:44:17.713Z,Humanitarian emergency assistance,"",0.0025,0.891,0.002806,,0.002806,1,0,0,0.002806,0,0,0,0,0,0,0,0,0,0,0,0,0,0,0,0,0,0.002806,,,
MOZ,Mozambique,Low income,Sub-Saharan Africa,,,2019-04-01,2019-05-29T08:26:42.811Z,Humanitarian emergency assistance,"",0.0025,0.891,0.002806,,0.002806,1,0,0,0.002806,0,0,0,0,0,0,0,0,0,0,0,0,0,0,0,0,0,0.002806,,,
MOZ,Mozambique,Low income,Sub-Saharan Africa,,,2019-04-01,2019-07-10T15:54:23.171Z,Life saving Shelter and NFIs to Cyclone Idai affected population in Dondo and Buzi,"",,,0.26043,,0.26043,1,0,0,0.26043,0,0,0,0,0,0,0,0,0,0,0,0,0,0,0,0,0,0.26043,,,
MOZ,Mozambique,Low income,Sub-Saharan Africa,,,2019-04-01,2020-02-19T16:54:21.397Z,Assistance project towards earthquake victims of  Idai Cyclone (Hygiene Kits & Buckets)  benefits go to 1200 family in addition of operational costs,"",0.030575,0.3058,0.1,,0.1,1,0,0,0.1,0,0,0,0,0,0,0,0,0,0,0,0,0,0,0,0,0,0.1,,,
MOZ,Mozambique,Low income,Sub-Saharan Africa,,,2019-04-01,2020-02-19T16:54:21.228Z,Assistance project towards earthquake victims of  Idai Cyclone (Hygiene Kits & Buckets)  benefits go to 1200 family in addition of operational costs,"",0,0.3058,0,,0,1,0,0,0,0,0,0,0,0,0,0,0,0,0,0,0,0,0,0,0,0,0,,,
MOZ,Mozambique,Low income,Sub-Saharan Africa,,,2019-04-02,2019-12-09T09:17:34.300Z,Provision of common logistical services and logistics augmentation in Mozambique,19-RR-WFP-034,,,2.66,,2.66,1,0,0,2.66,0,0,0,0,0,0,0,0,0,0,0,0,0,0,0,0,0,2.66,,,
MOZ,Mozambique,Low income,Sub-Saharan Africa,,,2019-04-02,2019-06-20T08:37:50.988Z,To save lives and alleviate suffering,Concern erfs,0.1255,0.891,0.140853,,0.140853,1,0,0,0.140853,0,0,0,0,0,0,0,0,0,0,0,0,0,0,0,0,0,0.140853,,,
MOZ,Mozambique,Low income,Sub-Saharan Africa,,,2019-04-03,2019-04-03T16:26:21.065Z,DREF replenishment,"",0.15,0.891,0.16835,,0.16835,1,0,0,0.16835,0,0,0,0,0,0,0,0,0,0,0,0,0,0,0,0,0,0.16835,,,
MOZ,Mozambique,Low income,Sub-Saharan Africa,,,2019-04-03,2019-05-30T11:49:18.785Z,"WASH, Health, Nutrition, Education, Protection	In response to Cyclone Idai",P007601,0.5,1.338,0.373692,,0.373692,1,0,0,0.373692,0,0,0,0,0,0,0,0,0,0,0,0,0,0,0,0,0,0.373692,,,
MOZ,Mozambique,Low income,Sub-Saharan Africa,,,2019-04-03,2019-05-17T15:13:42.686Z,Response to Cyclone Idai,P007613,0.75,1.342,0.558867,,0.558867,1,0,0,0.558867,0,0,0,0,0,0,0,0,0,0,0,0,0,0,0,0,0,0.558867,,,
MOZ,Mozambique,Low income,Sub-Saharan Africa,,,2019-04-03,2019-05-29T12:28:11.737Z,"Response for Cyclone Idai. Humanitarian Action for Children, HAC, Mozambique",SM190143,28,9.324,3.003003,,3.003003,1,0,0,3.003003,0,0,0,0,0,0,0,0,0,0,0,0,0,0,0,0,0,3.003003,,,
MOZ,Mozambique,Low income,Sub-Saharan Africa,,,2019-04-03,2019-10-16T12:28:21.944Z,Provide immediate life-saving food assistance to people affected by Idai cyclone and floods.,10035288	2019/AHE/0000600000	SPA-C-00137-01	MZ01,0.25,0.891,0.280584,,0.280584,1,0,0,0.280584,0,0,0,0,0,0,0,0,0,0,0,0,0,0,0,0,0,0.280584,,,
MOZ,Mozambique,Low income,Sub-Saharan Africa,,,2019-04-04,2019-07-12T15:14:48.648Z,Dispatch of a fast-action unit Water treatment (SEEWA) to Mozambique after Zyklon Idai,AA-S09 321.50 MOZ 02/19,1.222261,0.891,1.371786,,1.371786,1,0,0,1.371786,0,0,0,0,0,0,0,0,0,0,0,0,0,0,0,0,0,1.371786,,,
MOZ,Mozambique,Low income,Sub-Saharan Africa,,,2019-04-04,2019-10-09T11:05:24.988Z,(The Whitelum Group) Response to Cyclone Idai - AHP Activation,"",0.75,1.413,0.530786,,0.530786,1,0,0,0.530786,0,0,0,0,0,0,0,0,0,0,0,0,0,0,0,0,0,0.530786,,,
MOZ,Mozambique,Low income,Sub-Saharan Africa,,,2019-04-04,2019-10-09T11:08:38.266Z,Response to Cyclone Idai,"",0.5,1.413,0.353857,,0.353857,1,0,0,0.353857,0,0,0,0,0,0,0,0,0,0,0,0,0,0,0,0,0,0.353857,,,
MOZ,Mozambique,Low income,Sub-Saharan Africa,,,2019-04-04,2019-10-16T11:43:46.067Z,"Immediate life-saving food distributions to populations affected by IDAI cyclone and floods, including emergency school feeding",10035884	No	SF & MOU	WPD-C-05046-01	MZ01.01.021,,,0.05,,0.05,1,0,0,0.05,0,0,0,0,0,0,0,0,0,0,0,0,0,0,0,0,0,0.05,,,
MOZ,Mozambique,Low income,Sub-Saharan Africa,,,2019-04-05,2019-04-09T08:30:17.837Z,Dispatch of a fast-action unit Water treatment (SEEWA) to Mozambique after Zyklon Idai (AA-S09 321.50 MOZ 02/19),AA-S09 321.50 MOZ 02/19,1.222261,0.891,1.371786,,1.371786,1,0,0,1.371786,0,0,0,0,0,0,0,0,0,0,0,0,0,0,0,0,0,1.371786,,,
MOZ,Mozambique,Low income,Sub-Saharan Africa,,,2019-04-05,2019-05-02T07:38:30.519Z,(In-Kind): In response to Cyclone Idai: ERU deployed to Mozambique (Health) (P007521),P007521,1.5,1.342,1.117735,,1.117735,1,0,0,1.117735,0,0,0,0,0,0,0,0,0,0,0,0,0,0,0,0,0,1.117735,,,
MOZ,Mozambique,Low income,Sub-Saharan Africa,,,2019-04-09,2019-04-10T08:28:11.449Z,"Tropical Cyclone Idai : Shelter in Inhambane, Manica, and Sofala provinces (USAID/OFDA)","FS # 6 (Sothern Africa Tropical Cyclone Idai), FY 2019",,,2.566794,,2.566794,1,0,0,2.566794,0,0,0,0,0,0,0,0,0,0,0,0,0,0,0,0,0,2.566794,,,
MOZ,Mozambique,Low income,Sub-Saharan Africa,,,2019-04-09,2019-04-10T08:25:10.527Z,"Tropical Cyclone Idai : WASH in Inhambane, Manica, and Sofala provinces (USAID/OFDA)","FS # 6 (Sothern Africa Tropical Cyclone Idai), FY 2019",,,2.566794,,2.566794,1,0,0,2.566794,0,0,0,0,0,0,0,0,0,0,0,0,0,0,0,0,0,2.566794,,,
MOZ,Mozambique,Low income,Sub-Saharan Africa,,,2019-04-09,2019-06-14T14:46:22.968Z,"Tropical Cyclone Idai : Health, Humanitarian Coordination and Information Management, Protection, Shelter and Settlements, WASH (portion for Health) (USAID/OFDA)","FS # 6 (Sothern Africa Tropical Cyclone Idai), FY 2019",,,0.56,,0.56,1,0,0,0.56,0,0,0,0,0,0,0,0,0,0,0,0,0,0,0,0,0,0.56,,,
MOZ,Mozambique,Low income,Sub-Saharan Africa,,,2019-04-09,2019-06-14T14:47:36.554Z,"Tropical Cyclone Idai : Health, Humanitarian Coordination and Information Management, Protection, Shelter and Settlements, WASH (portion for Corrdination) (USAID/OFDA)","FS # 6 (Sothern Africa Tropical Cyclone Idai), FY 2019",,,0.56,,0.56,1,0,0,0.56,0,0,0,0,0,0,0,0,0,0,0,0,0,0,0,0,0,0.56,,,
MOZ,Mozambique,Low income,Sub-Saharan Africa,,,2019-04-09,2019-06-14T14:48:34.793Z,"Tropical Cyclone Idai : Health, Humanitarian Coordination and Information Management, Protection, Shelter and Settlements, WASH (portion for Protection) (USAID/OFDA)","FS # 6 (Sothern Africa Tropical Cyclone Idai), FY 2019",,,0.56,,0.56,1,0,0,0.56,0,0,0,0,0,0,0,0,0,0,0,0,0,0,0,0,0,0.56,,,
MOZ,Mozambique,Low income,Sub-Saharan Africa,,,2019-04-09,2019-06-14T14:49:25.456Z,"Tropical Cyclone Idai : Health, Humanitarian Coordination and Information Management, Protection, Shelter and Settlements, WASH (portion for Shelter and Settlements) (USAID/OFDA)","FS # 6 (Sothern Africa Tropical Cyclone Idai), FY 2019",,,0.56,,0.56,1,0,0,0.56,0,0,0,0,0,0,0,0,0,0,0,0,0,0,0,0,0,0.56,,,
MOZ,Mozambique,Low income,Sub-Saharan Africa,,,2019-04-09,2019-06-14T14:51:28.248Z,"Tropical Cyclone Idai : Health, Humanitarian Coordination and Information Management, Protection, Shelter and Settlements, WASH (portion for WASH) (USAID/OFDA)","FS # 6 (Sothern Africa Tropical Cyclone Idai), FY 2019",,,0.56,,0.56,1,0,0,0.56,0,0,0,0,0,0,0,0,0,0,0,0,0,0,0,0,0,0.56,,,
MOZ,Mozambique,Low income,Sub-Saharan Africa,,,2019-04-09,2020-02-21T12:34:15.872Z,Humanitarian assistance of the Community of Sant'Egidio for the victims of Cyclone Idai in Beira and the surrounding area through the distribution of relief supplies and food,AA-S09 321.50 MOZ 07/19,0.06048,0.891,0.067879,,0.067879,1,0,0,0.067879,0,0,0,0,0,0,0,0,0,0,0,0,0,0,0,0,0,0.067879,,,
MOZ,Mozambique,Low income,Sub-Saharan Africa,,,2019-04-12,2019-04-12T14:29:11.878Z,Professionals of the National Health Service: Portuguese Red Cross Mission (13 pax);  NGO Mission Helpo (1 pax);  ECHO (1 Pax),"",0.053611,0.887,0.060441,,0.060441,1,0,0,0.060441,0,0,0,0,0,0,0,0,0,0,0,0,0,0,0,0,0,0.060441,,,
MOZ,Mozambique,Low income,Sub-Saharan Africa,,,2019-04-12,2019-04-12T14:28:35.010Z,28 Health professionals: Ministry of Health,"",1.247061,0.887,1.405931,,1.405931,1,0,0,1.405931,0,0,0,0,0,0,0,0,0,0,0,0,0,0,0,0,0,1.405931,,,
MOZ,Mozambique,Low income,Sub-Saharan Africa,,,2019-04-12,2019-04-12T14:28:06.467Z,"Comboni Missionaries  	water, sanitation, food security, rapid recovery","",0.075,0.887,0.084555,,0.084555,1,0,0,0.084555,0,0,0,0,0,0,0,0,0,0,0,0,0,0,0,0,0,0.084555,,,
MOZ,Mozambique,Low income,Sub-Saharan Africa,,,2019-04-12,2019-04-12T14:27:46.929Z,"Archdiocese of Beira	education, fast recovery","",0.115,0.887,0.129651,,0.129651,1,0,0,0.129651,0,0,0,0,0,0,0,0,0,0,0,0,0,0,0,0,0,0.129651,,,
MOZ,Mozambique,Low income,Sub-Saharan Africa,,,2019-04-12,2019-04-12T14:26:53.993Z,Hospital Central da Beira,"",0.06,0.887,0.067644,,0.067644,1,0,0,0.067644,0,0,0,0,0,0,0,0,0,0,0,0,0,0,0,0,0,0.067644,,,
MOZ,Mozambique,Low income,Sub-Saharan Africa,,,2019-04-12,2019-04-12T14:34:43.866Z,"SANITARY MATERIAL (INCLUDES MEDICATIONS, VACCINES, ETC) - Beira Medical Centre","",0.020344,0.887,0.022936,,0.022936,1,0,0,0.022936,0,0,0,0,0,0,0,0,0,0,0,0,0,0,0,0,0,0.022936,,,
MOZ,Mozambique,Low income,Sub-Saharan Africa,,,2019-04-12,2019-04-12T14:39:39.180Z,Logistics/Communication Support Force in Beira,"",0.031777,0.887,0.035825,,0.035825,1,0,0,0.035825,0,0,0,0,0,0,0,0,0,0,0,0,0,0,0,0,0,0.035825,,,
MOZ,Mozambique,Low income,Sub-Saharan Africa,,,2019-04-12,2019-04-12T14:41:43.645Z,Transportation EMT1 - INEM (Module + people (28)),"",0.42,0.887,0.473506,,0.473506,1,0,0,0.473506,0,0,0,0,0,0,0,0,0,0,0,0,0,0,0,0,0,0.473506,,,
MOZ,Mozambique,Low income,Sub-Saharan Africa,,,2019-04-12,2019-04-12T14:40:49.442Z,Water purification tablets,"",0.000411,0.887,0.000463,,0.000463,1,0,0,0.000463,0,0,0,0,0,0,0,0,0,0,0,0,0,0,0,0,0,0.000463,,,
MOZ,Mozambique,Low income,Sub-Saharan Africa,,,2019-04-12,2019-04-12T14:43:06.746Z,Support teams Joint Operational Force,"",0.907772,0.887,1.023418,,1.023418,1,0,0,1.023418,0,0,0,0,0,0,0,0,0,0,0,0,0,0,0,0,0,1.023418,,,
MOZ,Mozambique,Low income,Sub-Saharan Africa,,,2019-04-12,2019-04-12T14:44:53.370Z,"Food kits, hygiene kits and mats","",0.043646,0.887,0.049206,,0.049206,1,0,0,0.049206,0,0,0,0,0,0,0,0,0,0,0,0,0,0,0,0,0,0.049206,,,
MOZ,Mozambique,Low income,Sub-Saharan Africa,,,2019-04-12,2020-08-12T13:11:11.677Z,Support to Mozambique - Cyclone Idai response,"",5.302,0.751,7.05992,,7.05992,1,0,0,7.05992,0,0,0,0,0,0,0,0,0,0,0,0,0,0,0,0,0,7.05992,,,
MOZ,Mozambique,Low income,Sub-Saharan Africa,,,2019-04-12,2019-05-08T13:26:18.957Z,"To provide immediate life-saving support to 200 000 people affected by cyclone Idai in Beira, Buzi, Nhamatanda and Dondo areas. The support is to support health, safe water, hygiene promotion and shelter/settlement solutions.","",1.21,9.4774,0.127672,,0.127672,1,0,0,0.127672,0,0,0,0,0,0,0,0,0,0,0,0,0,0,0,0,0,0.127672,,,
MOZ,Mozambique,Low income,Sub-Saharan Africa,,,2019-04-12,2019-12-12T10:14:42.808Z,"RRM: Save the children will establish Temporary Learning Spaces with gender-sensitive WASH facilities and port case management services, reactive and build the capacity of comkmunity-based child protectioncommittees, and provide psycho-social support and life skills training in child friendly spaces, to support affected children and families","",5,,0.537634,,0.537634,1,0,0,0.537634,0,0,0,0,0,0,0,0,0,0,0,0,0,0,0,0,0,0.537634,,,
MOZ,Mozambique,Low income,Sub-Saharan Africa,,,2019-04-15,2019-06-04T15:55:44.142Z,Logistics Support and Relief Commodities  (USAID/OFDA),7200AA19C00036,,,0.252,,0.252,1,0,0,0.252,0,0,0,0,0,0,0,0,0,0,0,0,0,0,0,0,0,0.252,,,
MOZ,Mozambique,Low income,Sub-Saharan Africa,,,2019-04-18,2020-05-23T11:02:00.350Z,Tropical Cyclone: Southern Africa Regional: Logistic Support  (DoD),"FS # 8 (Southern Africa Tropical Cyclone Idai), FY 2019",,,5.995078,,5.995078,1,0,0,5.995078,0,0,0,0,0,0,0,0,0,0,0,0,0,0,0,0,0,5.995078,,,
MOZ,Mozambique,Low income,Sub-Saharan Africa,,,2019-04-18,2019-06-04T15:17:58.515Z,"In response to Tropical Cyclone Idai; Health in Manica, Sofala, Zambézia   (USAID/OFDA)","FS # 8 (Southern Africa Tropical Cyclone Idai) , FY 2019",,,0.5,,0.5,1,0,0,0.5,0,0,0,0,0,0,0,0,0,0,0,0,0,0,0,0,0,0.5,,,
MOZ,Mozambique,Low income,Sub-Saharan Africa,,,2019-04-23,2019-07-16T08:11:30.407Z,"Accommodation, Early Recovery and essential household items for the population affected by Zyklon Idai in the province of Manica",AA-S09 321.50 MOZ 03/19,0.5,0.891,0.561167,,0.561167,1,0,0,0.561167,0,0,0,0,0,0,0,0,0,0,0,0,0,0,0,0,0,0.561167,,,
MOZ,Mozambique,Low income,Sub-Saharan Africa,,,2019-04-24,2019-04-25T07:42:39.912Z,Humanitarian Assistance in response to Cyclone Idai.,"",,,0.3,,0.3,1,0,0,0.3,0,0,0,0,0,0,0,0,0,0,0,0,0,0,0,0,0,0.3,,,
MOZ,Mozambique,Low income,Sub-Saharan Africa,,,2019-04-24,2019-05-08T16:01:52.773Z,Emergency Needs Assessment and Relief Operation to the Cyclone Idai Affected Population in Mozambique,"",7.934787,111.36,0.071253,,0.071253,1,0,0,0.071253,0,0,0,0,0,0,0,0,0,0,0,0,0,0,0,0,0,0.071253,,,
MOZ,Mozambique,Low income,Sub-Saharan Africa,,,2019-04-24,2019-05-08T16:04:32.486Z,"School WASH repair project in Sofala Province,","",19.590414,111.36,0.17592,,0.17592,1,0,0,0.17592,0,0,0,0,0,0,0,0,0,0,0,0,0,0,0,0,0,0.17592,,,
MOZ,Mozambique,Low income,Sub-Saharan Africa,,,2019-04-25,2019-09-17T08:54:36.093Z,Emergency wash and cholera response,"",3.667836,9.3,0.394391,,0.394391,1,0,0,0.394391,0,0,0,0,0,0,0,0,0,0,0,0,0,0,0,0,0,0.394391,,,
MOZ,Mozambique,Low income,Sub-Saharan Africa,,,2019-04-26,2019-07-16T07:41:57.413Z,Agricultural and Livestock Recovery Plan Post-Cyclone IDAI,OSRO/MOZ/904/MOZ,,,10,,10,1,0,0,10,0,0,0,0,0,0,0,0,0,0,0,0,0,0,0,0,0,10,,,
MOZ,Mozambique,Low income,Sub-Saharan Africa,,,2019-04-26,2019-06-21T14:16:38.949Z,"Immediate life-saving food distributions to populations affected by IDAI cyclone and floods, including emergency school feeding",10035529	D-66 NV	JPN-C-00707-01	MZ01.01.021,,,6.9,,6.9,1,0,0,6.9,0,0,0,0,0,0,0,0,0,0,0,0,0,0,0,0,0,6.9,,,
MOZ,Mozambique,Low income,Sub-Saharan Africa,,,2019-04-29,2019-10-15T14:22:57.215Z,Provision of Logistics Cluster common services in support of the humanitarian community responding to Cyclone Kenneth in Mozambique (USAID/OFDA),10035749	No	720FDA19IO00043	USA-C-01620-02	MZ01.08.071.CPA3,,,0.15,,0.15,1,0,0,0.15,0,0,0,0,0,0,0,0,0,0,0,0,0,0,0,0,0,0.15,,,
MOZ,Mozambique,Low income,Sub-Saharan Africa,,,2019-04-29,2019-10-15T14:00:44.633Z,Provision of Logistics Cluster Common Services in Support of the Humanitarian Community responding to Cyclone Idai in Mozambique (USAID/OFDA),10035599	No	720FDA19IO00043	USA-C-01620-01	MZ01.08.071.CPA1,,,1,,1,1,0,0,1,0,0,0,0,0,0,0,0,0,0,0,0,0,0,0,0,0,1,,,
MOZ,Mozambique,Low income,Sub-Saharan Africa,,,2019-04-29,2019-06-21T14:32:09.174Z,"Immediate life-saving food distributions to populations affected by IDAI cyclone and floods, including emergency school feeding",10035602	NV 63/2019	MAT-C-00004-01	MZ01.01.021.URT1,,,0.022548,,0.022548,1,0,0,0.022548,0,0,0,0,0,0,0,0,0,0,0,0,0,0,0,0,0,0.022548,,,
MOZ,Mozambique,Low income,Sub-Saharan Africa,,,2019-04-30,2019-04-30T15:07:35.108Z,Standing Committee for Rescue Relief and Un Agencies to provide Emergency Assistance,"",,,3,,3,1,0,0,3,0,0,0,0,0,0,0,0,0,0,0,0,0,0,0,0,0,3,,,
MOZ,Mozambique,Low income,Sub-Saharan Africa,,,2019-04-30,2019-05-28T07:33:48.251Z,Emergency response and preparedness,"",0.015689,0.891,0.017608,,0.017608,1,0,0,0.017608,0,0,0,0,0,0,0,0,0,0,0,0,0,0,0,0,0,0.017608,,,
MOZ,Mozambique,Low income,Sub-Saharan Africa,,,2019-04-30,2019-06-25T15:39:15.337Z,"Response to Tropical Cyclone IDAI: Shelter, NFI and rehabilitation*,
Emergency rehabilitation (shelter) (7F-09881.01)",7F-09881.01,0.05,1.003,0.04985,,0.04985,1,0,0,0.04985,0,0,0,0,0,0,0,0,0,0,0,0,0,0,0,0,0,0.04985,,,
MOZ,Mozambique,Low income,Sub-Saharan Africa,,,2019-04-30,2019-06-25T15:40:31.644Z,"Response to Tropical Cyclone IDAI: Shelter, NFI and rehabilitation*,
Emergency rehabilitation (shelter) (Z7H214200077)",Z7H214200077,0.15,1.003,0.149551,,0.149551,1,0,0,0.149551,0,0,0,0,0,0,0,0,0,0,0,0,0,0,0,0,0,0.149551,,,
MOZ,Mozambique,Low income,Sub-Saharan Africa,,,2019-04-30,2019-06-25T15:41:55.795Z,WASH Rehabilitation Activities post- IDAI Cyclone (Z7H214200080),Z7H214200080,0.115,1.003,0.114656,,0.114656,1,0,0,0.114656,0,0,0,0,0,0,0,0,0,0,0,0,0,0,0,0,0,0.114656,,,
MOZ,Mozambique,Low income,Sub-Saharan Africa,,,2019-04-30,2019-07-02T13:15:26.871Z,"Secondment: IOM Logistician :Shelter, NFI and rehabilitation*,
Material relief assistance (shelter) (Z7H214200079)",Z7H214200079,0.0482,1.003,0.048056,,0.048056,1,0,0,0.048056,0,0,0,0,0,0,0,0,0,0,0,0,0,0,0,0,0,0.048056,,,
MOZ,Mozambique,Low income,Sub-Saharan Africa,,,2019-04-30,2020-01-03T15:25:24.947Z,"Mozambique:SHA Direct Action & SOLIDAR, Response to Cyclone IDAI(7F-09881.02Z7H21420008)",7F-09881.02Z7H21420008,0.0635,1.003,0.06331,,0.06331,1,0,0,0.06331,0,0,0,0,0,0,0,0,0,0,0,0,0,0,0,0,0,0.06331,,,
MOZ,Mozambique,Low income,Sub-Saharan Africa,,,2019-05-01,2020-02-19T16:46:53.178Z,"Immediate life-saving food distributions to populations affected by IDAI cyclone and floods, including emergency school feeding",10035619	AGREEMENT SIGNED 1ST MAY	KUW-C-00022-01	MZ01,,,0.2,,0.2,1,0,0,0,0.2,0,0,0,0,0,0,0,0,0,0,0,0,0,0,0,0,0.2,,,
MOZ,Mozambique,Low income,Sub-Saharan Africa,,,2019-05-02,2019-08-05T14:00:51.672Z,"Strengthening disease surveillance and early warning system, and prevention of outbreaks in Mozambique - Health (Inhambane, Manica, Niassa, Sofala, Tete, Zambézia) (USAID/OFDA)","FS # 10 (Southern Africa Tropical Cyclone Idai ), FY 2019",,,1.003021,,1.003021,1,0,0,0,1.003021,0,0,0,0,0,0,0,0,0,0,0,0,0,0,0,0,1.003021,,,
MOZ,Mozambique,Low income,Sub-Saharan Africa,,,2019-05-02,2019-06-17T08:59:08.987Z,"Water, Sanitation and Hygiene (USAID/OFDA)","FS # 12 (Southern Africa Tropical Cyclone Idai ), FY 2019",,,1.3996,,1.3996,1,0,0,0,1.3996,0,0,0,0,0,0,0,0,0,0,0,0,0,0,0,0,1.3996,,,
MOZ,Mozambique,Low income,Sub-Saharan Africa,,,2019-05-02,2019-05-10T11:24:27.659Z,Secondment of telecommunications expert to secure radio communications after Idai and Kenneth,"",0.504,9.2999,0.054194,,0.054194,1,0,0,0,0.054194,0,0,0,0,0,0,0,0,0,0,0,0,0,0,0,0,0.054194,,,
MOZ,Mozambique,Low income,Sub-Saharan Africa,,,2019-05-02,2019-06-04T15:57:17.550Z,Logistics Support and Relief Commodities  (USAID/OFDA),7200AA19D00010,,,1.3328,,1.3328,1,0,0,0,1.3328,0,0,0,0,0,0,0,0,0,0,0,0,0,0,0,0,1.3328,,,
MOZ,Mozambique,Low income,Sub-Saharan Africa,,,2019-05-04,2019-07-04T08:16:48.480Z,Humanitarian Assistance to families in human mobility,"",0.02,0.88,0.022727,,0.022727,1,0,0,0,0.022727,0,0,0,0,0,0,0,0,0,0,0,0,0,0,0,0,0.022727,,,
MOZ,Mozambique,Low income,Sub-Saharan Africa,,,2019-05-06,2019-05-20T16:19:53.680Z,Contribution from the CHAF to respond to Cyclone Kenneth in Mozambique (P006431),P006431,0.299,1.347,0.221975,,0.221975,1,0,0,0,0.221975,0,0,0,0,0,0,0,0,0,0,0,0,0,0,0,0,0.221975,,,
MOZ,Mozambique,Low income,Sub-Saharan Africa,,,2019-05-07,2019-05-10T11:31:13.792Z,Cyclone Idai Emergency Response,"",5,9.525,0.524934,,0.524934,1,0,0,0,0.524934,0,0,0,0,0,0,0,0,0,0,0,0,0,0,0,0,0.524934,,,
MOZ,Mozambique,Low income,Sub-Saharan Africa,,,2019-05-08,2019-06-17T08:54:52.454Z,"Heath, WASH (Sofala) (USAID/OFDA)","FS # 9 (Southern Africa Tropical Cyclone Idai ), FY 2019",,,0.812561,,0.812561,1,0,0,0,0.812561,0,0,0,0,0,0,0,0,0,0,0,0,0,0,0,0,0.812561,,,
MOZ,Mozambique,Low income,Sub-Saharan Africa,,,2019-05-09,2019-09-18T10:43:07.414Z,"To support the affected population (Cyclone """"Kenneth"""")",MZ.7.08.47/0003-VII.3/2019,0.75,0.897,0.83612,,0.83612,1,0,0,0,0.83612,0,0,0,0,0,0,0,0,0,0,0,0,0,0,0,0,0.83612,,,
MOZ,Mozambique,Low income,Sub-Saharan Africa,,,2019-05-09,2019-05-10T10:27:11.987Z,Humanitarian Coordination and Information Management (USAID/OFDA),"FS # 11 (Southern Africa Tropical Cyclone Idai ), FY 2019",,,0.125,,0.125,1,0,0,0,0.125,0,0,0,0,0,0,0,0,0,0,0,0,0,0,0,0,0.125,,,
MOZ,Mozambique,Low income,Sub-Saharan Africa,,,2019-05-09,2019-07-10T15:44:45.636Z,WASH equipment and supplies for water treament,"",,0.88,0.041535,,0.041535,1,0,0,0,0.041535,0,0,0,0,0,0,0,0,0,0,0,0,0,0,0,0,0.041535,,,
MOZ,Mozambique,Low income,Sub-Saharan Africa,,,2019-05-10,2019-07-10T15:56:51.806Z,Life saving Shelter and NFIs to Cyclone Idai affected population in Dondo and Buzi,"",,,3.718686,,3.718686,1,0,0,0,3.718686,0,0,0,0,0,0,0,0,0,0,0,0,0,0,0,0,3.718686,,,
MOZ,Mozambique,Low income,Sub-Saharan Africa,,,2019-05-13,2019-05-17T09:43:58.141Z,Secondment of ICT/Networking specialist to WFP,"",0.504,9.525,0.052913,,0.052913,1,0,0,0,0.052913,0,0,0,0,0,0,0,0,0,0,0,0,0,0,0,0,0.052913,,,
MOZ,Mozambique,Low income,Sub-Saharan Africa,,,2019-05-13,2019-05-17T09:44:55.547Z,Secondment of VSAT Specialist to WFP,"",0.285,9.525,0.029921,,0.029921,1,0,0,0,0.029921,0,0,0,0,0,0,0,0,0,0,0,0,0,0,0,0,0.029921,,,
MOZ,Mozambique,Low income,Sub-Saharan Africa,,,2019-05-13,2019-06-20T13:39:00.344Z,Support in response to Cyclone Kenneth,P-007073 Amendment 1- PO no 7404745,0.1,1.349,0.074129,,0.074129,1,0,0,0,0.074129,0,0,0,0,0,0,0,0,0,0,0,0,0,0,0,0,0.074129,,,
MOZ,Mozambique,Low income,Sub-Saharan Africa,,,2019-05-14,2019-05-28T08:41:44.069Z,Financial contribution for emergency recovery,"",,,0.05,,0.05,1,0,0,0,0.05,0,0,0,0,0,0,0,0,0,0,0,0,0,0,0,0,0.05,,,
MOZ,Mozambique,Low income,Sub-Saharan Africa,,,2019-05-14,2019-05-29T08:24:44.606Z,Emergency aid through the distribution of essential household items to Cyclone Idai in Mozambique,AA-S09 321.50 MOZ 04/19,0.5,0.897,0.557414,,0.557414,1,0,0,0,0.557414,0,0,0,0,0,0,0,0,0,0,0,0,0,0,0,0,0.557414,,,
MOZ,Mozambique,Low income,Sub-Saharan Africa,,,2019-05-15,2019-05-16T09:45:57.470Z,Emergency Response Fund,"",3.46,6.695,0.516804,,0.516804,1,0,0,0,0.516804,0,0,0,0,0,0,0,0,0,0,0,0,0,0,0,0,0.516804,,,
MOZ,Mozambique,Low income,Sub-Saharan Africa,,,2019-05-16,2019-12-27T08:51:19.969Z,Provide Immediate Life-saving Food Assistance to Populations Affected by Tropical Cyclone Kenneth,19-RR-WFP-045,,,2.217883,,2.217883,1,0,0,0,2.217883,0,0,0,0,0,0,0,0,0,0,0,0,0,0,0,0,2.217883,,,
MOZ,Mozambique,Low income,Sub-Saharan Africa,,,2019-05-16,2019-12-27T08:48:48.903Z,Provision of Logistics Cluster Common Services in Support of the Humanitarian Community Responding to Cyclone Kenneth in Mozambique,19-RR-WFP-047,,,1.486034,,1.486034,1,0,0,0,1.486034,0,0,0,0,0,0,0,0,0,0,0,0,0,0,0,0,1.486034,,,
MOZ,Mozambique,Low income,Sub-Saharan Africa,,,2019-05-16,2019-12-27T08:47:54.007Z,Scale Up the Capacity to Respond to Infectious Disease Outbreaks of Cholera and Acute Watery Diarrhea for Tropical Cyclone Kenneth Affected Populations in Mozambique,19-RR-WHO-037,,,0.408373,,0.408373,1,0,0,0,0.408373,0,0,0,0,0,0,0,0,0,0,0,0,0,0,0,0,0.408373,,,
MOZ,Mozambique,Low income,Sub-Saharan Africa,,,2019-05-16,2019-12-27T08:47:17.186Z,Ensuring Lifesaving GBV Assistance to Women and Young People Affected by the Flood and Cyclone Kenneth,19-RR-FPA-032,,,0.605042,,0.605042,1,0,0,0,0.605042,0,0,0,0,0,0,0,0,0,0,0,0,0,0,0,0,0.605042,,,
MOZ,Mozambique,Low income,Sub-Saharan Africa,,,2019-05-16,2019-12-27T08:45:04.930Z,"Support to the Restoration of Lifesaving Primary Healthcare Services, Including Malaria and Other Potential Disease Outbreaks Focusing on Children and Women after Cyclone Kenneth and Related Floods",19-RR-CEF-075,,,0.300397,,0.300397,1,0,0,0,0.300397,0,0,0,0,0,0,0,0,0,0,0,0,0,0,0,0,0.300397,,,
MOZ,Mozambique,Low income,Sub-Saharan Africa,,,2019-05-16,2019-05-17T09:28:35.367Z,To save lives and alleviate suffering.,HQHUM/2019/IFRC/MOZAMBIQUE,0.5,0.897,0.557414,,0.557414,1,0,0,0,0.557414,0,0,0,0,0,0,0,0,0,0,0,0,0,0,0,0,0.557414,,,
MOZ,Mozambique,Low income,Sub-Saharan Africa,,,2019-05-16,2019-09-03T16:01:28.402Z,"Humanitarian Response to Cyclone Kenneth. WASH, shelter and psycho social support","",5,9.525,0.524934,,0.524934,1,0,0,0,0.524934,0,0,0,0,0,0,0,0,0,0,0,0,0,0,0,0,0.524934,,,
MOZ,Mozambique,Low income,Sub-Saharan Africa,,,2019-05-16,2019-07-16T07:50:33.141Z,Agriculture and Food Security (USAID/OFDA),OSRO/MOZ/905/USA     720FDA19IO00050,,,1.45,,1.45,1,0,0,0,1.45,0,0,0,0,0,0,0,0,0,0,0,0,0,0,0,0,1.45,,,
MOZ,Mozambique,Low income,Sub-Saharan Africa,,,2019-05-16,2020-11-13T14:09:30.108Z,"Water, Sanitation and Hygiene,Protection,Shelter and Settlements,Humanitarian Coordination and Info Management  (USAID/OFDA) - Cabo Delgado and Nampula portion to response to conflict's impacts","",,,2,,2,1,0,0,0,2,0,0,0,0,0,0,0,0,0,0,0,0,0,0,0,0,2,,,
MOZ,Mozambique,Low income,Sub-Saharan Africa,,,2019-05-16,2019-06-14T13:42:22.581Z,Logistics Support and Relief Commodities  (USAID/OFDA),7200AA19C00047,,,0.2995,,0.2995,1,0,0,0,0.2995,0,0,0,0,0,0,0,0,0,0,0,0,0,0,0,0,0.2995,,,
MOZ,Mozambique,Low income,Sub-Saharan Africa,,,2019-05-16,2019-09-03T16:01:28.007Z,"Humanitarian Response to Cyclone Kenneth. WASH, shelter and psycho social support","",4.246,9.525,0.445774,,0.445774,1,0,0,0,0.445774,0,0,0,0,0,0,0,0,0,0,0,0,0,0,0,0,0.445774,,,
MOZ,Mozambique,Low income,Sub-Saharan Africa,,,2019-05-20,2019-06-17T08:44:26.161Z,"Agriculture and Food Security (Manica, Sofala) (USAID/OFDA)","FS # 10 (Southern Africa Tropical Cyclone Idai ), FY 2019",,,0.799897,,0.799897,1,0,0,0,0.799897,0,0,0,0,0,0,0,0,0,0,0,0,0,0,0,0,0.799897,,,
MOZ,Mozambique,Low income,Sub-Saharan Africa,,,2019-05-20,2019-12-27T08:45:39.564Z,Provision of ETC Services to Support Response Community,19-RR-WFP-046,,,0.249114,,0.249114,1,0,0,0,0.249114,0,0,0,0,0,0,0,0,0,0,0,0,0,0,0,0,0.249114,,,
MOZ,Mozambique,Low income,Sub-Saharan Africa,,,2019-05-20,2019-12-27T08:44:26.462Z,"Provision of Psychosocial Support, Life-saving Information and Services to Respond to Violence, Including GBV and VAC in the Areas Affected by the Cyclone Kenneth in Mozambique",19-RR-CEF-076,,,0.202646,,0.202646,1,0,0,0,0.202646,0,0,0,0,0,0,0,0,0,0,0,0,0,0,0,0,0.202646,,,
MOZ,Mozambique,Low income,Sub-Saharan Africa,,,2019-05-20,2019-05-21T09:06:27.869Z,Support in response to Cyclone Kenneth,P007691,0.6,1.347,0.445434,,0.445434,1,0,0,0,0.445434,0,0,0,0,0,0,0,0,0,0,0,0,0,0,0,0,0.445434,,,
MOZ,Mozambique,Low income,Sub-Saharan Africa,,,2019-05-20,2019-10-08T15:07:42.178Z,"Emergency humanitarian aid for the population affected by Zyklon Idai in Mozambique in the area of ​​health, water, sanitation and hygiene",SM190285      AA-S09 321.50 MOZ 06/19,0.5,0.899,0.556174,,0.556174,1,0,0,0,0.556174,0,0,0,0,0,0,0,0,0,0,0,0,0,0,0,0,0.556174,,,
MOZ,Mozambique,Low income,Sub-Saharan Africa,,,2019-05-21,2019-12-27T08:46:46.556Z,"Provide Life-saving Sexual and Reproductive Health Services to Cyclone Kenneth and Flood-affected People in Cabo Delgado and Nampula, Mozambique",19-RR-FPA-033,,,0.302082,,0.302082,1,0,0,0,0.302082,0,0,0,0,0,0,0,0,0,0,0,0,0,0,0,0,0.302082,,,
MOZ,Mozambique,Low income,Sub-Saharan Africa,,,2019-05-21,2019-07-25T13:36:43.381Z,DTM and Shelter/NFI to Support Life Saving Assistance and Return in Mozambique,"",1.2,0.788,1.522843,,1.522843,1,0,0,0,1.522843,0,0,0,0,0,0,0,0,0,0,0,0,0,0,0,0,1.522843,,,
MOZ,Mozambique,Low income,Sub-Saharan Africa,,,2019-05-21,2019-05-31T11:25:11.470Z,Sexual and Reproductive Health,"",1,,1,,1,1,0,0,0,1,0,0,0,0,0,0,0,0,0,0,0,0,0,0,0,0,1,,,
MOZ,Mozambique,Low income,Sub-Saharan Africa,,,2019-05-21,2019-05-31T11:15:03.855Z,Safeguarding Training,"",0.1,0.775,0.129032,,0.129032,1,0,0,0,0.129032,0,0,0,0,0,0,0,0,0,0,0,0,0,0,0,0,0.129032,,,
MOZ,Mozambique,Low income,Sub-Saharan Africa,,,2019-05-22,2019-05-23T08:22:19.988Z,"NFIs and logistics: Shelter kits, solar lanterns, blankets, water filters","",2.069,0.775,2.669677,,2.669677,1,0,0,0,2.669677,0,0,0,0,0,0,0,0,0,0,0,0,0,0,0,0,2.669677,,,
MOZ,Mozambique,Low income,Sub-Saharan Africa,,,2019-05-22,2019-06-13T12:40:48.434Z,"Rapid Response Mechanism. Girls, boys, women and men of Mecufi district will have access to food. 500 households will receive basic food kits in Mecufi districts.","",1.07,9.525,0.112336,,0.112336,1,0,0,0,0.112336,0,0,0,0,0,0,0,0,0,0,0,0,0,0,0,0,0.112336,,,
MOZ,Mozambique,Low income,Sub-Saharan Africa,,,2019-05-22,2019-07-10T15:45:10.314Z,Mosquito nets distribution to prevent malaria in Sofala,"",,,0.09695,,0.09695,1,0,0,0,0.09695,0,0,0,0,0,0,0,0,0,0,0,0,0,0,0,0,0.09695,,,
MOZ,Mozambique,Low income,Sub-Saharan Africa,,,2019-05-22,2019-07-22T12:40:44.210Z,Cyclone Idai and floods - Emergency Response: Food Aid & Non Food Items,294.002 /,0.3,1.021,0.29383,,0.29383,1,0,0,0,0.29383,0,0,0,0,0,0,0,0,0,0,0,0,0,0,0,0,0.29383,,,
MOZ,Mozambique,Low income,Sub-Saharan Africa,,,2019-05-22,2019-07-22T12:39:19.407Z,"Emergency Response to Cyclone Idai: Food Aid & Non Food Items; Water, Sanitation & Hygiene Promotion",294.004 / CDB1081,0.3,1.021,0.29383,,0.29383,1,0,0,0,0.29383,0,0,0,0,0,0,0,0,0,0,0,0,0,0,0,0,0.29383,,,
MOZ,Mozambique,Low income,Sub-Saharan Africa,,,2019-05-23,2019-12-27T08:46:11.846Z,"Delivering Life-saving Water, Sanitation and Hygiene (WASH) Services to People Affected by Cyclone Kenneth",19-RR-CEF-074,,,1.739927,,1.739927,1,0,0,0,1.739927,0,0,0,0,0,0,0,0,0,0,0,0,0,0,0,0,1.739927,,,
MOZ,Mozambique,Low income,Sub-Saharan Africa,,,2019-05-23,2020-09-15T10:54:28.369Z,"Ensuring access to life saving emergency referral services for the communities living in the city of Beira, especially for the most vulnerable categories, namely pregnant women and children under five (ECHO/-SF/BUD/2019/91002)",ECHO/-SF/BUD/2019/91002,0.4,0.897,0.445931,,0.445931,1,0,0,0,0.445931,0,0,0,0,0,0,0,0,0,0,0,0,0,0,0,0,0.445931,,,
MOZ,Mozambique,Low income,Sub-Saharan Africa,,,2019-05-24,2019-05-30T07:00:41.718Z,Immediate Provision of Temporary Emergency Shelter and Non-Food Items for Flood and Cyclone Kenneth Affected Populations,19-RR-IOM-020,,,2.303409,,2.303409,1,0,0,0,2.303409,0,0,0,0,0,0,0,0,0,0,0,0,0,0,0,0,2.303409,,,
MOZ,Mozambique,Low income,Sub-Saharan Africa,,,2019-05-24,2019-05-30T06:56:16.528Z,Provision of Lifesaving Protection Assistance for Persons Affected by Cyclone Kenneth in Mozambique,19-RR-IOM-021,,,0.15,,0.15,1,0,0,0,0.15,0,0,0,0,0,0,0,0,0,0,0,0,0,0,0,0,0.15,,,
MOZ,Mozambique,Low income,Sub-Saharan Africa,,,2019-05-24,2019-11-01T17:00:08.642Z,"Shelter and NFIs: Technical assistance: WASH, shelter, health coordination; information management",GB-GOV-1-300852-104 ?,4,0.775,5.16129,,5.16129,1,0,0,0,5.16129,0,0,0,0,0,0,0,0,0,0,0,0,0,0,0,0,5.16129,,,
MOZ,Mozambique,Low income,Sub-Saharan Africa,,,2019-05-24,2019-10-29T16:52:44.327Z,"Shelter and NFIs: Technical assistance: WASH, shelter, health coordination; information management",GB-GOV-1-300852-104,2,0.775,2.580645,,2.580645,1,0,0,0,2.580645,0,0,0,0,0,0,0,0,0,0,0,0,0,0,0,0,2.580645,,,
MOZ,Mozambique,Low income,Sub-Saharan Africa,,,2019-05-24,2019-10-16T11:34:11.209Z,"Immediate life-saving food distributions to populations affected by IDAI cyclone and floods, including emergency school feeding",70000716	No	00116528	001-C-01964-01	MZ01.01.021.URT1,,,0.155958,,0.155958,1,0,0,0,0.155958,0,0,0,0,0,0,0,0,0,0,0,0,0,0,0,0,0.155958,,,
MOZ,Mozambique,Low income,Sub-Saharan Africa,,,2019-05-26,2019-10-16T11:45:49.295Z,"Immediate life-saving food distributions to populations affected by IDAI cyclone and floods, including emergency school feeding",10036036	No	SF & MOU	WPD-C-05061-01	MZ01.01.021,,,0.1,,0.1,1,0,0,0,0.1,0,0,0,0,0,0,0,0,0,0,0,0,0,0,0,0,0.1,,,
MOZ,Mozambique,Low income,Sub-Saharan Africa,,,2019-05-27,2019-05-29T08:31:51.324Z,Provide emergency assistance,1794/2019,0.075,0.897,0.083612,,0.083612,1,0,0,0,0.083612,0,0,0,0,0,0,0,0,0,0,0,0,0,0,0,0,0.083612,,,
MOZ,Mozambique,Low income,Sub-Saharan Africa,,,2019-05-27,2019-05-29T08:30:33.828Z,Emergency Response,2087/2019,0.115,0.897,0.128205,,0.128205,1,0,0,0,0.128205,0,0,0,0,0,0,0,0,0,0,0,0,0,0,0,0,0.128205,,,
MOZ,Mozambique,Low income,Sub-Saharan Africa,,,2019-05-27,2019-05-29T08:29:37.791Z,Humanitarian Response,2023/2019,0.06,0.897,0.06689,,0.06689,1,0,0,0,0.06689,0,0,0,0,0,0,0,0,0,0,0,0,0,0,0,0,0.06689,,,
MOZ,Mozambique,Low income,Sub-Saharan Africa,,,2019-05-28,2019-07-10T15:50:40.449Z,Life saving WASH response to Kenneth response,"",,,0.121747,,0.121747,1,0,0,0,0.121747,0,0,0,0,0,0,0,0,0,0,0,0,0,0,0,0,0.121747,,,
MOZ,Mozambique,Low income,Sub-Saharan Africa,,,2019-05-30,2019-12-13T14:33:40.446Z,Deep Water Well ( 21 project),"",0.051156,0.303,0.168832,,0.168832,1,0,0,0,0.168832,0,0,0,0,0,0,0,0,0,0,0,0,0,0,0,0,0.168832,,,
MOZ,Mozambique,Low income,Sub-Saharan Africa,,,2019-05-30,2019-12-13T14:35:30.099Z,Bore hole ( 5 project),"",0.03132,0.303,0.103366,,0.103366,1,0,0,0,0.103366,0,0,0,0,0,0,0,0,0,0,0,0,0,0,0,0,0.103366,,,
MOZ,Mozambique,Low income,Sub-Saharan Africa,,,2019-05-30,2019-12-13T14:36:26.909Z,Relief Assistance ( 1 project),"",0.025056,0.303,0.082693,,0.082693,1,0,0,0,0.082693,0,0,0,0,0,0,0,0,0,0,0,0,0,0,0,0,0.082693,,,
MOZ,Mozambique,Low income,Sub-Saharan Africa,,,2019-05-31,2019-06-03T14:35:49.532Z,"Airlifted Relief Commodities: Cabo Delgado, Nampula, Sofala (USAID/OFDA)","FS # 13 (Southern Africa Tropical Cyclone Idai), FY 2019",,,6.043726,,6.043726,1,0,0,0,6.043726,0,0,0,0,0,0,0,0,0,0,0,0,0,0,0,0,6.043726,,,
MOZ,Mozambique,Low income,Sub-Saharan Africa,,,2019-05-31,2019-06-17T08:49:29.204Z,"Heath, WASH  (Cabo Delgado, Sofala (USAID/OFDA)","FS # 13 (Southern Africa Tropical Cyclone Idai ), FY 2019",,,2.499955,,2.499955,1,0,0,0,2.499955,0,0,0,0,0,0,0,0,0,0,0,0,0,0,0,0,2.499955,,,
MOZ,Mozambique,Low income,Sub-Saharan Africa,,,2019-05-31,2019-08-05T14:00:19.686Z,"Health (Gaza, Inhambane, Manica, Sofala, Tete, Zambézia) (USAID/OFDA)",part of 720FDA19IO00042,,,0.750127,,0.750127,1,0,0,0,0.750127,0,0,0,0,0,0,0,0,0,0,0,0,0,0,0,0,0.750127,,,
MOZ,Mozambique,Low income,Sub-Saharan Africa,,,2019-05-31,2019-06-07T08:52:21.972Z,"Secondment: Mozambique,IOM Logistic Coordinator, Pemba (Shelter, NFI and rehabilitation*,Emergency rehabilitation (shelter)) (Z7H214220085)",Z7H214220085,0.055,1.021,0.053869,,0.053869,1,0,0,0,0.053869,0,0,0,0,0,0,0,0,0,0,0,0,0,0,0,0,0.053869,,,
MOZ,Mozambique,Low income,Sub-Saharan Africa,,,2019-05-31,2019-10-16T11:45:12.628Z,"Immediate life-saving food distributions to populations affected by IDAI cyclone and floods, including emergency school feeding",10035996	No	SF & CONTRIBUTION LETTER	WPD-C-05056-01	MZ01.01.021,,,0.005587,,0.005587,1,0,0,0,0.005587,0,0,0,0,0,0,0,0,0,0,0,0,0,0,0,0,0.005587,,,
MOZ,Mozambique,Low income,Sub-Saharan Africa,,,2019-06-03,2019-11-04T15:45:11.764Z,"Provision of life-saving shelter and food assistance in support of cyclone and flood affected communities in Cabo Delgado Province, Mozambique (part of ECHO/DRF/BUD/2019/91014)",ECHO/DRF/BUD/2019/91014,0.457773,0.8894,0.514699,,0.514699,1,0,0,0,0,0.514699,0,0,0,0,0,0,0,0,0,0,0,0,0,0,0,0.514699,,,
MOZ,Mozambique,Low income,Sub-Saharan Africa,,,2019-06-04,2019-06-06T07:32:52.712Z,"Health, protection, shelter, water, sanitation, hygiene for victims of cyclone Idai","",0.3,0.899,0.333704,,0.333704,1,0,0,0,0,0.333704,0,0,0,0,0,0,0,0,0,0,0,0,0,0,0,0.333704,,,
MOZ,Mozambique,Low income,Sub-Saharan Africa,,,2019-06-04,2019-12-17T10:09:42.923Z,Strengthening capacity of primary health care in cyclone affected areas of Mozambique (ECHO/-SF/BUD/2019/91010),ECHO/-SF/BUD/2019/91010,0.6,0.899,0.667408,,0.667408,1,0,0,0,0,0.667408,0,0,0,0,0,0,0,0,0,0,0,0,0,0,0,0.667408,,,
MOZ,Mozambique,Low income,Sub-Saharan Africa,,,2019-06-04,2020-05-27T04:54:08.340Z,"Multi-sector integrated emergency assistance to the people affected from tropical cyclone “Idai” and floods/inundation in Sofala province, Mozambique (part of ECHO/-SF/BUD/2019/91008)",ECHO/-SF/BUD/2019/91008,0.834467,0.899,0.928217,,0.928217,1,0,0,0,0,0.928217,0,0,0,0,0,0,0,0,0,0,0,0,0,0,0,0.928217,,,
MOZ,Mozambique,Low income,Sub-Saharan Africa,,,2019-06-04,2019-07-22T14:43:28.808Z,Rehabilitation Orthopedic Center Beira : Health & Medical ServicesServices,294.010 /,0.05,1.009,0.049554,,0.049554,1,0,0,0,0,0.049554,0,0,0,0,0,0,0,0,0,0,0,0,0,0,0,0.049554,,,
MOZ,Mozambique,Low income,Sub-Saharan Africa,,,2019-06-04,2019-08-05T14:59:59.892Z,Logistics Support and Relief Commodities (USAID/OFDA),7200AA19F50011,,,0.10904,,0.10904,1,0,0,0,0,0.10904,0,0,0,0,0,0,0,0,0,0,0,0,0,0,0,0.10904,,,
MOZ,Mozambique,Low income,Sub-Saharan Africa,,,2019-06-04,2020-03-20T15:29:02.078Z,"Multi-sector integrated emergency assistance to the people affected from tropical cyclone “Idai” and floods/inundation in Sofala province, Mozambique (part of ECHO/-SF/BUD/2019/91008)",ECHO/-SF/BUD/2019/91008,0.665533,0.899,0.740304,,0.740304,1,0,0,0,0,0.740304,0,0,0,0,0,0,0,0,0,0,0,0,0,0,0,0.740304,,,
MOZ,Mozambique,Low income,Sub-Saharan Africa,,,2019-06-06,2019-07-18T09:05:37.333Z,Not specified,"",3.46,6.714,0.515341,,0.515341,1,0,0,0,0,0.515341,0,0,0,0,0,0,0,0,0,0,0,0,0,0,0,0.515341,,,
MOZ,Mozambique,Low income,Sub-Saharan Africa,,,2019-06-10,2019-08-05T13:40:50.014Z,Logistics Support and Relief Commodities  (USAID/OFDA),7200AA19C00044,,,0.705567,,0.705567,1,0,0,0,0,0.705567,0,0,0,0,0,0,0,0,0,0,0,0,0,0,0,0.705567,,,
MOZ,Mozambique,Low income,Sub-Saharan Africa,,,2019-06-11,2019-10-15T14:31:44.896Z,Provision of Logistics Cluster Common Services in Support of the Humanitarian Community responding to Cyclone Idai in Mozambique,10035876	No	300852-102	UK -C-00417-03	MZ01.08.071.CPA1,,,0.504414,,0.504414,1,0,0,0,0,0.504414,0,0,0,0,0,0,0,0,0,0,0,0,0,0,0,0.504414,,,
MOZ,Mozambique,Low income,Sub-Saharan Africa,,,2019-06-13,2019-06-26T08:37:01.586Z,Emergency Funds allocation,"",,,0.205375,,0.205375,1,0,0,0,0,0.205375,0,0,0,0,0,0,0,0,0,0,0,0,0,0,0,0.205375,,,
MOZ,Mozambique,Low income,Sub-Saharan Africa,,,2019-06-13,2019-06-26T08:35:58.499Z,Emergency Funds allocation,"",,,0.27,,0.27,1,0,0,0,0,0.27,0,0,0,0,0,0,0,0,0,0,0,0,0,0,0,0.27,,,
MOZ,Mozambique,Low income,Sub-Saharan Africa,,,2019-06-14,2019-06-21T15:29:29.180Z,Food aid,"",,,0.237333,,0.237333,1,0,0,0,0,0.237333,0,0,0,0,0,0,0,0,0,0,0,0,0,0,0,0.237333,,,
MOZ,Mozambique,Low income,Sub-Saharan Africa,,,2019-06-14,2019-07-22T13:01:10.529Z,"Emergency Response after Cyclone Idai: Health & Medical Services; Water, Sanitation & Hygiene Promotion",294.012 / MZ242,0.3,1.009,0.297324,,0.297324,1,0,0,0,0,0.297324,0,0,0,0,0,0,0,0,0,0,0,0,0,0,0,0.297324,,,
MOZ,Mozambique,Low income,Sub-Saharan Africa,,,2019-06-17,2019-07-22T12:45:18.773Z,"Respond to Kenneth - Emergency Response to Cyclone Kenneth on WASH and Health: Water, Sanitation & Hygiene Promotion; Health & Medical Services",294.009 /,0.298867,1.009,0.296201,,0.296201,1,0,0,0,0,0.296201,0,0,0,0,0,0,0,0,0,0,0,0,0,0,0,0.296201,,,
MOZ,Mozambique,Low income,Sub-Saharan Africa,,,2019-06-17,2019-11-19T09:31:43.084Z,"Immediate life-saving food distributions to populations affected by IDAI cyclone and floods, including emergency school feeding",70000717	No	ECHO/DRF/BUD/2019/91014	IOM-C-00005-01	MZ01.01.021.URT1,,,0.497221,,0.497221,1,0,0,0,0,0.497221,0,0,0,0,0,0,0,0,0,0,0,0,0,0,0,0.497221,,,
MOZ,Mozambique,Low income,Sub-Saharan Africa,,,2019-06-17,2019-10-29T16:17:52.324Z,IFRC Emergency Appeal Mozambique: Tropical Cyclone Idai - GB-GOV-1-300852-105,GB-GOV-1-300852-105,2,0.788,2.538071,,2.538071,1,0,0,0,0,2.538071,0,0,0,0,0,0,0,0,0,0,0,0,0,0,0,2.538071,,,
MOZ,Mozambique,Low income,Sub-Saharan Africa,,,2019-06-19,2019-08-05T15:02:03.732Z,Logistics Support and Relief Commodities (USAID/OFDA),7200AA19F50012,,,1.31928,,1.31928,1,0,0,0,0,1.31928,0,0,0,0,0,0,0,0,0,0,0,0,0,0,0,1.31928,,,
MOZ,Mozambique,Low income,Sub-Saharan Africa,,,2019-06-20,2020-12-23T12:30:24.713Z,Food aid for drought-affected smallholders in Mozambique,AA-S09 321.50 MOZ 01/19,0,0.899,0,,0,1,0,0,0,0,0,0,0,0,0,0,0,0,0,0,0,0,0,0,0,0,0,,,
MOZ,Mozambique,Low income,Sub-Saharan Africa,,,2019-06-20,2019-07-22T12:42:49.624Z,Emergency response to Cyclone Idai: Psychosocial & Social Work; Protection & Advocacy; Health & Medical Services,294.007 / 9026,0.263141,1.009,0.260794,,0.260794,1,0,0,0,0,0.260794,0,0,0,0,0,0,0,0,0,0,0,0,0,0,0,0.260794,,,
MOZ,Mozambique,Low income,Sub-Saharan Africa,,,2019-06-20,2020-12-23T12:30:24.555Z,Food aid for drought-affected smallholders in Mozambique (2019 portion),AA-S09 321.50 MOZ 01/19,0.792834,0.899,0.881907,,0.881907,1,0,0,0,0,0.881907,0,0,0,0,0,0,0,0,0,0,0,0,0,0,0,0.881907,,,
MOZ,Mozambique,Low income,Sub-Saharan Africa,,,2019-06-20,2020-12-23T12:29:43.052Z,Food aid for drought-affected smallholders in Mozambique (2020 portion),AA-S09 321.50 MOZ 01/19,0.499733,0.899,0.555877,,0.555877,1,0,0,0,0,0.555877,0,0,0,0,0,0,0,0,0,0,0,0,0,0,0,0.555877,,,
MOZ,Mozambique,Low income,Sub-Saharan Africa,,,2019-06-21,2019-08-05T15:09:03.015Z,Logistics Support and Relief Commodities (USAID/OFDA),7200AA19F50013,,,0.580111,,0.580111,1,0,0,0,0,0.580111,0,0,0,0,0,0,0,0,0,0,0,0,0,0,0,0.580111,,,
MOZ,Mozambique,Low income,Sub-Saharan Africa,,,2019-06-24,2019-08-05T15:00:54.244Z,Logistics Support and Relief Commodities (USAID/OFDA),7200AA19F50014,,,0.01428,,0.01428,1,0,0,0,0,0.01428,0,0,0,0,0,0,0,0,0,0,0,0,0,0,0,0.01428,,,
MOZ,Mozambique,Low income,Sub-Saharan Africa,,,2019-06-25,2019-06-26T09:07:52.340Z,Roster,2017-12521,0.197955,6.714,0.029484,,0.029484,1,0,0,0,0,0.029484,0,0,0,0,0,0,0,0,0,0,0,0,0,0,0,0.029484,,,
MOZ,Mozambique,Low income,Sub-Saharan Africa,,,2019-06-25,2019-09-18T15:26:42.346Z,"Mozambique/Cyclone-2019: Logistics Support and Relief Commodities
through Air Partner, Inc. ( USAID/OFDA)",7200AA19C00051,,,0.03125,,0.03125,1,0,0,0,0,0.03125,0,0,0,0,0,0,0,0,0,0,0,0,0,0,0,0.03125,,,
MOZ,Mozambique,Low income,Sub-Saharan Africa,,,2019-06-26,2019-07-22T12:38:01.546Z,Early Recovery Shelter Assistance to 200-220 HHs affected by the Cyclone,294.006 /,0.3,1.009,0.297324,,0.297324,1,0,0,0,0,0.297324,0,0,0,0,0,0,0,0,0,0,0,0,0,0,0,0.297324,,,
MOZ,Mozambique,Low income,Sub-Saharan Africa,,,2019-06-28,2019-08-27T08:42:46.355Z,"Global multi-sectoral humanitarian assistance to reduce the negative impact of sudden disasters and crises, as well as existing long-lasting and forgotten crises on the affected population",AA-S09 321.50 ALL 14/19,0.543859,0.899,0.60496,,0.60496,1,0,0,0,0,0.60496,0,0,0,0,0,0,0,0,0,0,0,0,0,0,0,0.60496,,,
MOZ,Mozambique,Low income,Sub-Saharan Africa,,,2019-06-28,2019-10-16T12:17:10.726Z,"Immediate life-saving food distributions to populations affected by IDAI cyclone and floods, including emergency school feeding",10035952	No	203981-112	UK -C-00426-01	MZ01.01.021.URT1,,,3.695417,,3.695417,1,0,0,0,0,3.695417,0,0,0,0,0,0,0,0,0,0,0,0,0,0,0,3.695417,,,
MOZ,Mozambique,Low income,Sub-Saharan Africa,,,2019-06-30,2019-07-04T13:39:14.952Z,"Mozambique: WASH Rehabilitation Acitivities post-IDAI Cyclone , Multi-year, 2019-2020, total amount CHF 70,000 (Z7H214200080)",Z7H214200080,0,0.977,0,,0,1,0,0,0,0,0,0,0,0,0,0,0,0,0,0,0,0,0,0,0,0,0,,,
MOZ,Mozambique,Low income,Sub-Saharan Africa,,,2019-06-30,2019-07-04T13:38:16.150Z,"Mozambique: WASH Rehabilitation Acitivities post-IDAI Cyclone , Multi-year, 2019-2020, 2019 portion, total amount CHF 43,500 (Z7H214200080)",Z7H214200080,0.0435,0.977,0.044524,,0.044524,1,0,0,0,0,0.044524,0,0,0,0,0,0,0,0,0,0,0,0,0,0,0,0.044524,,,
MOZ,Mozambique,Low income,Sub-Saharan Africa,,,2019-06-30,2019-07-04T13:39:14.595Z,"Mozambique: WASH Rehabilitation Acitivities post-IDAI Cyclone , Multi-year, 2019-2020, 2020 portion, total amount CHF 26,500 (Z7H214200080)",Z7H214200080,0.0265,0.977,0.027124,,0.027124,1,0,0,0,0,0.027124,0,0,0,0,0,0,0,0,0,0,0,0,0,0,0,0.027124,,,
MOZ,Mozambique,Low income,Sub-Saharan Africa,,,2019-06-30,2019-07-18T15:45:41.938Z,"Grant contribution to support the people worst affected by Cyclone Idai in Mozambique with a focus on providing shelter, clean water and sanitation.","",0.5,1.494,0.334672,,0.334672,1,0,0,0,0,0.334672,0,0,0,0,0,0,0,0,0,0,0,0,0,0,0,0.334672,,,
MOZ,Mozambique,Low income,Sub-Saharan Africa,,,2019-07-01,2019-12-17T10:09:42.923Z,Promoting and Strengthening Safer Schools through Inclusive Disaster Risk Reduction and Education in Emergencies in Gaza Province of Mozambique (ECHO/-SF/BUD/2019/91014),ECHO/-SF/BUD/2019/91014,0.5,0.88,0.568182,,0.568182,1,0,0,0,0,0,0.568182,0,0,0,0,0,0,0,0,0,0,0,0,0,0,0.568182,,,
MOZ,Mozambique,Low income,Sub-Saharan Africa,,,2019-07-02,2019-07-04T08:57:27.293Z,Fret humanitaire,"",0.7604,0.88,0.864091,,0.864091,1,0,0,0,0,0,0.864091,0,0,0,0,0,0,0,0,0,0,0,0,0,0,0.864091,,,
MOZ,Mozambique,Low income,Sub-Saharan Africa,,,2019-07-02,2019-09-18T15:14:26.656Z,Logistics Support and Relief Commodities  (USAID/OFDA),7200AA19C00053,,,0.06236,,0.06236,1,0,0,0,0,0,0.06236,0,0,0,0,0,0,0,0,0,0,0,0,0,0,0.06236,,,
MOZ,Mozambique,Low income,Sub-Saharan Africa,,,2019-07-03,2019-07-12T08:50:09.464Z,Support to UNDP in handling disaster waste after floodings,"",2.4,9.279,0.258649,,0.258649,1,0,0,0,0,0,0.258649,0,0,0,0,0,0,0,0,0,0,0,0,0,0,0.258649,,,
MOZ,Mozambique,Low income,Sub-Saharan Africa,,,2019-07-03,2019-10-16T11:44:30.406Z,"Immediate life-saving food distributions to populations affected by IDAI cyclone and floods, including emergency school feeding",10035978	No	SF & MOU	WPD-C-05052-01	MZ01.01.021,,,0.75,,0.75,1,0,0,0,0,0,0.75,0,0,0,0,0,0,0,0,0,0,0,0,0,0,0.75,,,
MOZ,Mozambique,Low income,Sub-Saharan Africa,,,2019-07-04,2019-07-22T12:26:39.063Z,"Cyclone IDAI Response: Water, Sanitation & Hygiene Promotion; Food Aid & Non Food Items",294.001 / 3457,0.99,0.977,1.013306,,1.013306,1,0,0,0,0,0,1.013306,0,0,0,0,0,0,0,0,0,0,0,0,0,0,1.013306,,,
MOZ,Mozambique,Low income,Sub-Saharan Africa,,,2019-07-04,2019-07-22T12:29:06.619Z,Cyclone IDAI Response:Agronomy & Food Security,294.001 / 3457,0.99,0.977,1.013306,,1.013306,1,0,0,0,0,0,1.013306,0,0,0,0,0,0,0,0,0,0,0,0,0,0,1.013306,,,
MOZ,Mozambique,Low income,Sub-Saharan Africa,,,2019-07-08,2019-10-28T15:00:11.911Z,Mozambique - Cyclone 2019 [OCT 6414];[720FDA19IO00012],[OCT 6414];[720FDA19IO00012],,,1,,1,1,0,0,0,0,0,1,0,0,0,0,0,0,0,0,0,0,0,0,0,0,1,,,
MOZ,Mozambique,Low income,Sub-Saharan Africa,,,2019-07-10,2019-12-17T10:09:42.923Z,Provision of life-saving food assistance to cyclone and flood affected populations of Mozambique (ECHO/-SF/BUD/2019/91011),10036081	No	ECHO/-SF/BUD/2019/91011	EEC-C-00790-01	MZ01.01.021.URT1,2.5,0.8839,2.828409,,2.828409,1,0,0,0,0,0,2.828409,0,0,0,0,0,0,0,0,0,0,0,0,0,0,2.828409,,,
MOZ,Mozambique,Low income,Sub-Saharan Africa,,,2019-07-12,2019-09-16T12:40:49.642Z,Resilience support in order to protect crisis affected girls and boys through multi-sector assistance,"",50,9.279,5.388512,,5.388512,1,0,0,0,0,0,5.388512,0,0,0,0,0,0,0,0,0,0,0,0,0,0,5.388512,,,
MOZ,Mozambique,Low income,Sub-Saharan Africa,,,2019-07-17,2019-09-04T15:47:33.105Z,"The initiative aims at ensuring the restoring and improvement of the sanitary conditions in the city of Beira, following the passage of cyclone IDAI.",AID 011929/01/3,0.4,0.88,0.454545,,0.454545,1,0,0,0,0,0,0.454545,0,0,0,0,0,0,0,0,0,0,0,0,0,0,0.454545,,,
MOZ,Mozambique,Low income,Sub-Saharan Africa,,,2019-07-31,2019-08-19T09:20:18.138Z,Mozambique: WASH Rehabilitation Activities post-IDAI Cyclone (Z7H214200080),Z7H214200080,0.221,0.977,0.226203,,0.226203,1,0,0,0,0,0,0.226203,0,0,0,0,0,0,0,0,0,0,0,0,0,0,0.226203,,,
MOZ,Mozambique,Low income,Sub-Saharan Africa,,,2019-07-31,2019-08-19T12:49:04.942Z,"Secondment:Mozambique, IOM Site Planner, Beira (Z7H214200095)",Z7H214200095,0.05,0.977,0.051177,,0.051177,1,0,0,0,0,0,0.051177,0,0,0,0,0,0,0,0,0,0,0,0,0,0,0.051177,,,
MOZ,Mozambique,Low income,Sub-Saharan Africa,,,2019-07-31,2019-10-16T11:54:04.980Z,"Immediate life-saving food distributions to populations affected by IDAI cyclone and floods, including emergency school feeding",10036274	No	SF & GTF Q3 2019	WPD-C-05131-01	MZ01.01.021,,,0.0324,,0.0324,1,0,0,0,0,0,0.0324,0,0,0,0,0,0,0,0,0,0,0,0,0,0,0.0324,,,
MOZ,Mozambique,Low income,Sub-Saharan Africa,,,2019-07-31,2019-10-16T11:56:21.675Z,"Immediate life-saving food distributions to populations affected by IDAI cyclone and floods, including emergency school feeding",10036435	No	GTF & EXCEL	WPD-C-05158-01	MZ01.01.021,,,0.009152,,0.009152,1,0,0,0,0,0,0.009152,0,0,0,0,0,0,0,0,0,0,0,0,0,0,0.009152,,,
MOZ,Mozambique,Low income,Sub-Saharan Africa,,,2019-08-08,2019-09-12T15:28:34.065Z,WASH assistance for the cyclone Idai affected population in Mozambique,"",55.697516,107.73,0.51701,,0.51701,1,0,0,0,0,0,0,0.51701,0,0,0,0,0,0,0,0,0,0,0,0,0,0.51701,,,
MOZ,Mozambique,Low income,Sub-Saharan Africa,,,2019-08-16,2019-09-18T15:27:49.975Z,"Mozambique/Cyclone-2019: Logistics Support and Relief Commodities
 ( USAID/OFDA)",7200AA19C00054,,,0.008025,,0.008025,1,0,0,0,0,0,0,0.008025,0,0,0,0,0,0,0,0,0,0,0,0,0,0.008025,,,
MOZ,Mozambique,Low income,Sub-Saharan Africa,,,2019-08-16,2019-09-18T15:28:33.343Z,"Mozambique/Cyclone-2019: Logistics Support and Relief Commodities
 ( USAID/OFDA)",7200AA19C00056,,,0.04485,,0.04485,1,0,0,0,0,0,0,0.04485,0,0,0,0,0,0,0,0,0,0,0,0,0,0.04485,,,
MOZ,Mozambique,Low income,Sub-Saharan Africa,,,2019-08-16,2019-10-24T16:54:51.697Z,Logistics Support and Relief Commodities (USAID/OFDA),00015MO001024,,,0.442567,,0.442567,1,0,0,0,0,0,0,0.442567,0,0,0,0,0,0,0,0,0,0,0,0,0,0.442567,,,
MOZ,Mozambique,Low income,Sub-Saharan Africa,,,2019-08-19,2019-11-22T16:19:52.115Z,Okhahilera - a company saving lives - Phase 2,295.007 /,0.1,0.992,0.100806,,0.100806,1,0,0,0,0,0,0,0.100806,0,0,0,0,0,0,0,0,0,0,0,0,0,0.100806,,,
MOZ,Mozambique,Low income,Sub-Saharan Africa,,,2019-08-21,2019-10-16T11:54:50.485Z,"Immediate life-saving food distributions to populations affected by IDAI cyclone and floods, including emergency school feeding",10036327	No	SF & EMAIL	WPD-C-05138-01	MZ01.01.021,,,0.002643,,0.002643,1,0,0,0,0,0,0,0.002643,0,0,0,0,0,0,0,0,0,0,0,0,0,0.002643,,,
MOZ,Mozambique,Low income,Sub-Saharan Africa,,,2019-08-22,2019-10-18T09:01:36.051Z,Post cyclone Idai and Kenneth recovery project to restore dignity and build resilience through GBV prevention and response services for women and girls,NOA75     MOZ-19/004,7,8.896,0.78687,,0.78687,1,0,0,0,0,0,0,0.78687,0,0,0,0,0,0,0,0,0,0,0,0,0,0.78687,,,
MOZ,Mozambique,Low income,Sub-Saharan Africa,,,2019-08-22,2019-10-16T10:34:29.910Z,Food assistance and Supply of Logistics in the El Nino Induced Drought and Cyclone Idai and Kenneth in Southern Africa,10035093	No	AA-S09-321.50 MOZ 05/18	GER-C-00891-03	MZ01.01.021,3,0.894,3.355705,,3.355705,1,0,0,0,0,0,0,3.355705,0,0,0,0,0,0,0,0,0,0,0,0,0,3.355705,,,
MOZ,Mozambique,Low income,Sub-Saharan Africa,,,2019-08-28,2019-10-24T16:53:39.887Z,Logistics Support and Relief Commodities (USAID/OFDA),7200AA19F50023,,,0.067312,,0.067312,1,0,0,0,0,0,0,0.067312,0,0,0,0,0,0,0,0,0,0,0,0,0,0.067312,,,
MOZ,Mozambique,Low income,Sub-Saharan Africa,,,2019-08-30,2019-10-16T11:25:35.448Z,"Immediate life-saving food distributions to populations affected by IDAI cyclone and floods, including emergency school feeding",10036374	No	NOR ADDUNDUM 12 MOZ19/02	NOR-C-00403-01	MZ01.01.021.URT1,,,2.023381,,2.023381,1,0,0,0,0,0,0,2.023381,0,0,0,0,0,0,0,0,0,0,0,0,0,2.023381,,,
MOZ,Mozambique,Low income,Sub-Saharan Africa,,,2019-09-04,2019-10-30T10:04:24.413Z,Mozambique: WASH Rehabilitation Activities post-IDAI Cyclone (Z7H214200080),Z7H214200080,0.241,0.992,0.242944,,0.242944,1,0,0,0,0,0,0,0,0.242944,0,0,0,0,0,0,0,0,0,0,0,0,0.242944,,,
MOZ,Mozambique,Low income,Sub-Saharan Africa,,,2019-09-09,2019-10-24T16:58:44.795Z,Mozambique/Cyclone-2019: Logistics Support and Relief Commodities (USAID/OFDA),7200AA19F50027,,,0.078559,,0.078559,1,0,0,0,0,0,0,0,0.078559,0,0,0,0,0,0,0,0,0,0,0,0,0.078559,,,
MOZ,Mozambique,Low income,Sub-Saharan Africa,,,2019-09-13,2019-10-01T16:22:50.117Z,Distribution of relief supplies for the affected population in Mozambique,"",15.939856,108.05,0.147523,,0.147523,1,0,0,0,0,0,0,0,0.147523,0,0,0,0,0,0,0,0,0,0,0,0,0.147523,,,
MOZ,Mozambique,Low income,Sub-Saharan Africa,,,2019-09-13,2019-11-22T16:22:46.116Z,Improving access to safe and inclusive education for children affected by cyclone Kenneth,296.002 /,0.3,0.992,0.302419,,0.302419,1,0,0,0,0,0,0,0,0.302419,0,0,0,0,0,0,0,0,0,0,0,0,0.302419,,,
MOZ,Mozambique,Low income,Sub-Saharan Africa,,,2019-09-16,2019-10-09T09:57:20.777Z,Food Security  (USAID/FFP),PENDING	Base,,,4.999914,,4.999914,1,0,0,0,0,0,0,0,4.999914,0,0,0,0,0,0,0,0,0,0,0,0,4.999914,,,
MOZ,Mozambique,Low income,Sub-Saharan Africa,,,2019-09-20,2019-10-24T17:05:56.528Z,"Agriculture and Food Security, WASH via USAID/Mozambique for Gorongosa Project (USAID/OFDA)",AID-656-A-15-00006,,,0.440884,,0.440884,1,0,0,0,0,0,0,0,0.440884,0,0,0,0,0,0,0,0,0,0,0,0,0.440884,,,
MOZ,Mozambique,Low income,Sub-Saharan Africa,,,2019-09-24,2019-10-24T17:00:18.482Z,Mozambique/Cyclone-2019: Logistics Support and Relief Commodities through ACI Logistics (USAID/OFDA),7200AA19C00083,,,0.025463,,0.025463,1,0,0,0,0,0,0,0,0.025463,0,0,0,0,0,0,0,0,0,0,0,0,0.025463,,,
MOZ,Mozambique,Low income,Sub-Saharan Africa,,,2019-09-25,2020-11-12T09:30:26.707Z,Commission Decision on the financing of humanitarian actions in favour of Mozambique to be financed from the European Development Fund (EDF) (ECHO/MOZ/EDF/2019/01000),ECHO/MOZ/EDF/2019/01000,0,0.904,0,,0,1,0,0,0,0,0,0,0,0,0,0,0,0,0,0,0,0,0,0,0,0,0,,,
MOZ,Mozambique,Low income,Sub-Saharan Africa,,,2019-09-26,2019-10-07T09:05:53.742Z,Support to WFP operations,"",0.43,9.754,0.044084,,0.044084,1,0,0,0,0,0,0,0,0.044084,0,0,0,0,0,0,0,0,0,0,0,0,0.044084,,,
MOZ,Mozambique,Low income,Sub-Saharan Africa,,,2019-09-27,2019-11-27T11:10:58.789Z,DEC allocation,"",0.562525,0.812,0.692765,,0.692765,1,0,0,0,0,0,0,0,0.692765,0,0,0,0,0,0,0,0,0,0,0,0,0.692765,,,
MOZ,Mozambique,Low income,Sub-Saharan Africa,,,2019-09-27,2019-11-27T11:10:58.789Z,DEC allocation,"",2.341409,0.812,2.883509,,2.883509,1,0,0,0,0,0,0,0,2.883509,0,0,0,0,0,0,0,0,0,0,0,0,2.883509,,,
MOZ,Mozambique,Low income,Sub-Saharan Africa,,,2019-09-27,2019-11-27T11:10:58.789Z,DEC allocation,"",0.364532,0.812,0.448931,,0.448931,1,0,0,0,0,0,0,0,0.448931,0,0,0,0,0,0,0,0,0,0,0,0,0.448931,,,
MOZ,Mozambique,Low income,Sub-Saharan Africa,,,2019-09-27,2019-11-27T11:10:58.789Z,DEC allocation,"",0.542358,0.812,0.667929,,0.667929,1,0,0,0,0,0,0,0,0.667929,0,0,0,0,0,0,0,0,0,0,0,0,0.667929,,,
MOZ,Mozambique,Low income,Sub-Saharan Africa,,,2019-09-27,2019-11-27T11:10:58.789Z,DEC allocation,"",0.271175,0.812,0.333959,,0.333959,1,0,0,0,0,0,0,0,0.333959,0,0,0,0,0,0,0,0,0,0,0,0,0.333959,,,
MOZ,Mozambique,Low income,Sub-Saharan Africa,,,2019-09-27,2019-11-27T11:10:58.789Z,DEC allocation,"",0.489144,0.812,0.602394,,0.602394,1,0,0,0,0,0,0,0,0.602394,0,0,0,0,0,0,0,0,0,0,0,0,0.602394,,,
MOZ,Mozambique,Low income,Sub-Saharan Africa,,,2019-09-30,2019-10-24T16:49:41.559Z,"Water, Sanitation and Hygiene,Shelter and Settlements,Agriculture and Food Security (USAID/OFDA)",720FDA19GR00055,,,9.6,,9.6,1,0,0,0,0,0,0,0,9.6,0,0,0,0,0,0,0,0,0,0,0,0,9.6,,,
MOZ,Mozambique,Low income,Sub-Saharan Africa,,,2019-09-30,2019-10-24T17:01:30.351Z,Mozambique/Cyclone-2019: Logistics Support and Relief Commodities through Fairfax County Search and Rescue (USAID/OFDA),AID-OFDA-A-15-00016,,,0.053294,,0.053294,1,0,0,0,0,0,0,0,0.053294,0,0,0,0,0,0,0,0,0,0,0,0,0.053294,,,
MOZ,Mozambique,Low income,Sub-Saharan Africa,,,2019-09-30,2019-10-24T17:14:19.700Z,Mozambique/Cyclone-2019: Program Support (USAID/OFDA),"",,,0.209516,,0.209516,1,0,0,0,0,0,0,0,0.209516,0,0,0,0,0,0,0,0,0,0,0,0,0.209516,,,
MOZ,Mozambique,Low income,Sub-Saharan Africa,,,2019-09-30,2019-11-01T18:38:10.181Z,ICRC Operations Appeal 2019: Additional Allocations  (Protection)  (7F-04709.94),7F-04709.94,0.5,0.994,0.503018,,0.503018,1,0,0,0,0,0,0,0,0.503018,0,0,0,0,0,0,0,0,0,0,0,0,0.503018,,,
MOZ,Mozambique,Low income,Sub-Saharan Africa,,,2019-09-30,2019-11-21T10:24:42.776Z,"Agriculture and Food Security, Health, Protection, Shelter and Settlements, WASH (State/PRM)","FS 15 (South Africa Cyclone) , FY 2019",,,1.5,,1.5,1,0,0,0,0,0,0,0,1.5,0,0,0,0,0,0,0,0,0,0,0,0,1.5,,,
MOZ,Mozambique,Low income,Sub-Saharan Africa,,,2019-10-03,2019-10-04T09:17:01.025Z,"Airlift of stocks from the UN Humanitarian Response Depot in Dubai and distribution by Plan International of 96.11 metric tonnes of Irish Aid's stockpiled emergency relief items to Beira and Buzi, Mozambique for IDPs affected by Tropical Cyclone Idai",UNHRD2019,0.791137,0.914,0.865577,,0.865577,1,0,0,0,0,0,0,0,0,0.865577,0,0,0,0,0,0,0,0,0,0,0,0.865577,,,
MOZ,Mozambique,Low income,Sub-Saharan Africa,,,2019-10-07,2019-11-01T09:46:54.782Z,Food assistance,"",26.416795,108.85,0.24269,,0.24269,1,0,0,0,0,0,0,0,0,0.24269,0,0,0,0,0,0,0,0,0,0,0,0.24269,,,
MOZ,Mozambique,Low income,Sub-Saharan Africa,,,2019-10-15,2020-08-12T13:43:59.523Z,Agriculture,"",0.935,0.812,1.151478,,1.151478,1,0,0,0,0,0,0,0,0,1.151478,0,0,0,0,0,0,0,0,0,0,0,1.151478,,,
MOZ,Mozambique,Low income,Sub-Saharan Africa,,,2019-10-31,2019-11-14T17:43:49.559Z,"Secondment: Site Planner, Beira/Moz (Shelter, NFI and rehabilitation*,) (Z7H214200095)",Z7H214200095,0.09015,0.992,0.090877,,0.090877,1,0,0,0,0,0,0,0,0,0.090877,0,0,0,0,0,0,0,0,0,0,0,0.090877,,,
MOZ,Mozambique,Low income,Sub-Saharan Africa,,,2019-11-05,2020-12-24T07:52:57.870Z,GROWING SAFER: SUPPORTING SCHOOL DISASTER PREVENTION &amp; BUILDING BACK BETTER RECONSTRUCTION (ECHO/-SF/BUD/2019/91020),ECHO/-SF/BUD/2019/91020,0.5,0.9,0.555556,,0.555556,1,0,0,0,0,0,0,0,0,0,0.555556,0,0,0,0,0,0,0,0,0,0,0.555556,,,
MOZ,Mozambique,Low income,Sub-Saharan Africa,,,2019-11-06,2019-12-12T15:45:13.941Z,Mozambique/Cyclone-2019: Logistics Support and Relief Commodities (USAID/OFDA),7200AA19C00056,,,0.000935,,0.000935,1,0,0,0,0,0,0,0,0,0,0.000935,0,0,0,0,0,0,0,0,0,0,0.000935,,,
MOZ,Mozambique,Low income,Sub-Saharan Africa,,,2019-11-08,2019-11-25T09:56:09.629Z,Secondment of Information Management Officer to IOM with aim of enhancing informaition managment linked to rehabilitation.,"",0.742,9.724,0.076306,,0.076306,1,0,0,0,0,0,0,0,0,0,0.076306,0,0,0,0,0,0,0,0,0,0,0.076306,,,
MOZ,Mozambique,Low income,Sub-Saharan Africa,,,2019-11-08,2020-11-13T15:36:40.689Z,Mozambique food Security,70000872	No	FOOD/2019/407-885	EEC-C-00802-01	MZ01.01.013.CSI2,,,2.188889,,2.188889,1,0,0,0,0,0,0,0,0,0,2.188889,0,0,0,0,0,0,0,0,0,0,2.188889,,,
MOZ,Mozambique,Low income,Sub-Saharan Africa,,,2019-12-09,2019-12-17T17:11:58.080Z,Emergency Response Unit / field hospital to Mozambique (Idai),"",0.2,0.909,0.220022,,0.220022,1,0,0,0,0,0,0,0,0,0,0,0.220022,0,0,0,0,0,0,0,0,0,0.220022,,,
MOZ,Mozambique,Low income,Sub-Saharan Africa,,,2019-12-10,2019-12-12T17:01:46.212Z,Mozambique/Cyclone-2019: Program Support (USAID/OFDA),"",,,0.0066,,0.0066,1,0,0,0,0,0,0,0,0,0,0,0.0066,0,0,0,0,0,0,0,0,0,0.0066,,,
MOZ,Mozambique,Low income,Sub-Saharan Africa,,,2019-12-16,2020-11-12T09:30:26.495Z,"Building preparedness capacities of governmental and humanitarian stakeholders to address urgent needs of the most vulnerable populations affected or exposed to recurrent disasters in Mozambique, with strong protection mainstreaming (ECHO/MOZ/EDF/2019/01001)",ECHO/MOZ/EDF/2019/01001,2.5,0.909,2.750275,,2.750275,1,0,0,0,0,0,0,0,0,0,0,2.750275,0,0,0,0,0,0,0,0,0,2.750275,,,
MOZ,Mozambique,Low income,Sub-Saharan Africa,,,2019-12-16,2020-01-15T16:28:03.900Z,"Health facilities rehabilitation project in cyclone Idai affected areas, Mozambique","",47.995401,109.47,0.438434,,0.438434,1,0,0,0,0,0,0,0,0,0,0,0.438434,0,0,0,0,0,0,0,0,0,0.438434,,,
MOZ,Mozambique,Low income,Sub-Saharan Africa,,,2019-12-19,2020-02-05T10:42:52.940Z,Nutrition,FE 2019/78,0.03,0.978,0.030675,,0.030675,1,0,0,0,0,0,0,0,0,0,0,0.030675,0,0,0,0,0,0,0,0,0,0.030675,,,
MOZ,Mozambique,Low income,Sub-Saharan Africa,,,2019-12-31,2020-11-19T10:52:07.796Z,"Cyclone Kenneth: Health Promotion Cabo Delgado, multi-year 2019-2020, total amountCHF 200,000 (7F-07796.02 )",7F-07796.02,0,0.975,0,,0,1,0,0,0,0,0,0,0,0,0,0,0,0,0,0,0,0,0,0,0,0,0,,,
MOZ,Mozambique,Low income,Sub-Saharan Africa,,,2019-12-31,2020-11-19T10:50:36.635Z,"Cyclone Kenneth: Health Promotion Cabo Delgado (WASH, Water supply) , multi-year 2019-2020, 2019 portion,  total amountCHF 150,000 (7F-07796.02 )",7F-07796.02,0.15,0.975,0.153846,,0.153846,1,0,0,0,0,0,0,0,0,0,0,0.153846,0,0,0,0,0,0,0,0,0,0.153846,,,
MOZ,Mozambique,Low income,Sub-Saharan Africa,,,2019-12-31,2020-11-19T10:52:07.530Z,"Cyclone Kenneth: Health Promotion Cabo Delgado (WASH, Water supply) , multi-year 2019-2020, 2020 portion,  total amountCHF 50,000 (7F-07796.02 )","",0.05,0.975,0.051282,,0.051282,1,0,0,0,0,0,0,0,0,0,0,0.051282,0,0,0,0,0,0,0,0,0,0.051282,,,
MOZ,Mozambique,Low income,Sub-Saharan Africa,,,2019-12-31,2020-01-10T14:02:55.597Z,"Secondment (Additional credit), technical assistance after cyclone Kenneth, WASH expert (Z7H214200090 )",Z7H214200090,0.0186,0.975,0.019077,,0.019077,1,0,0,0,0,0,0,0,0,0,0,0.019077,0,0,0,0,0,0,0,0,0,0.019077,,,
MOZ,Mozambique,Low income,Sub-Saharan Africa,,,2020-01-09,2020-12-04T13:59:24.198Z,Emergency relief food - In kind donation of 50 MTs of Dates,291 1257,0.394999,3.75,0.105333,,0.105333,1,0,0,0,0,0,0,0,0,0,0,0,0.105333,0,0,0,0,0,0,0,0,0.105333,,,
MOZ,Mozambique,Low income,Sub-Saharan Africa,,,2020-01-13,2020-12-09T06:58:09.071Z,"-,Action A: Man made crisis and natural disasters,Action C: DIPECHO - MOZAMBIQUE (ECHO/-SF/BUD/2020/91000)",ECHO/-SF/BUD/2020/91000,4.6,0.907,5.071664,,5.071664,1,0,0,0,0,0,0,0,0,0,0,0,5.071664,0,0,0,0,0,0,0,0,5.071664,,,
MOZ,Mozambique,Low income,Sub-Saharan Africa,,,2020-02-11,2020-02-14T14:16:35.578Z,Estonia acknowledges the seriousness of the disaster caused by Cyclone Idai and IFRC´s  important work on delivering assistance to victims of the disaster and on helping disaster-affected communities to become self-reliant through livelihood support.,"",0.03,0.907,0.033076,,0.033076,1,0,0,0,0,0,0,0,0,0,0,0,0,0.033076,0,0,0,0,0,0,0,0.033076,,,
MOZ,Mozambique,Low income,Sub-Saharan Africa,,,2020-02-18,2020-07-24T15:58:47.593Z,Mecufi-BLUE - Integrating WASH and Food Security in Schools to Address Malnutrition,299.001 /,0.299979,0.97,0.309257,,0.309257,1,0,0,0,0,0,0,0,0,0,0,0,0,0.309257,0,0,0,0,0,0,0,0.309257,,,
MOZ,Mozambique,Low income,Sub-Saharan Africa,,,2020-02-19,2020-12-08T13:53:37.710Z,Kuwait Red Crescent Society - 50 boats distributed to the fishermen  to help the fisheries sector,"",0.016443,0.3067,0.053613,,0.053613,1,0,0,0,0,0,0,0,0,0,0,0,0,0.053613,0,0,0,0,0,0,0,0.053613,,,
MOZ,Mozambique,Low income,Sub-Saharan Africa,,,2020-02-19,2020-12-08T13:54:28.568Z,"Kuwait Red Crescent Society - Provision of (4,500) mosquito netting benefits go to 1500 families","",0.016217,0.3067,0.052877,,0.052877,1,0,0,0,0,0,0,0,0,0,0,0,0,0.052877,0,0,0,0,0,0,0,0.052877,,,
MOZ,Mozambique,Low income,Sub-Saharan Africa,,,2020-03-25,2020-12-08T13:55:15.909Z,Kuwait Red Crescent Society -  Provide food baskets  benefits go to families during Ramadan- Mozambique,"",0.003113,0.3113,0.01,,0.01,1,0,0,0,0,0,0,0,0,0,0,0,0,0,0.01,0,0,0,0,0,0,0.01,,,
MOZ,Mozambique,Low income,Sub-Saharan Africa,,,2020-03-30,2020-04-02T16:00:15.464Z,Soutien aux populations sinistrées par le cyclone Idai,"",0.1,0.884,0.113122,,0.113122,1,0,0,0,0,0,0,0,0,0,0,0,0,0,0.113122,0,0,0,0,0,0,0.113122,,,
MOZ,Mozambique,Low income,Sub-Saharan Africa,,,2020-03-30,2020-04-02T16:01:07.586Z,Assistance humanitaire suite au cyclone Idai,"",0.022503,0.884,0.025456,,0.025456,1,0,0,0,0,0,0,0,0,0,0,0,0,0,0.025456,0,0,0,0,0,0,0.025456,,,
MOZ,Mozambique,Low income,Sub-Saharan Africa,,,2020-03-31,2020-08-12T11:01:05.517Z,"Mozambique/Cyclone-2019: Protection,Shelter and Settlements,Humanitarian Coordination and Info Management (USAID/OFDA) 
Conflict related portion of US $ 5,000,000:""""""""Manica, Sofalai in resettlement sites""""","",,,1.5,,1.5,1,0,0,0,0,0,0,0,0,0,0,0,0,0,1.5,0,0,0,0,0,0,1.5,,,
MOZ,Mozambique,Low income,Sub-Saharan Africa,,,2020-03-31,2020-08-12T10:58:12.647Z,"Mozambique/Cyclone-2019: Protection,Shelter and Settlements,Humanitarian Coordination and Info Management (USAID/OFDA) -Capo Delgado Response portion of US $ 5,000,000:""""Cyclone Kenneth recovery in Capo Delgado and Nampula""""","",,,3.5,,3.5,1,0,0,0,0,0,0,0,0,0,0,0,0,0,3.5,0,0,0,0,0,0,3.5,,,
MOZ,Mozambique,Low income,Sub-Saharan Africa,,,2020-04-17,2020-04-23T17:58:12.645Z,Strengthening Mozambique's Preparedness for Natural Disasters through investments and capacity building at community and national level (ECHO/-SF/BUD/2020/91005),ECHO/-SF/BUD/2020/91005,1.3,0.916,1.419214,,1.419214,1,0,0,0,0,0,0,0,0,0,0,0,0,0,0,1.419214,0,0,0,0,0,1.419214,,,
MOZ,Mozambique,Low income,Sub-Saharan Africa,,,2020-04-17,2020-04-23T17:54:26.456Z,"Building inclusive resilient communities and schools to face rapid-onset hazards in risk-prone areas in Mozambique affected by cyclone Idai, strengthening """"linking early warning to early action"""" (ECHO/-SF/BUD/2020/91001)",ECHO/-SF/BUD/2020/91001,0.9,0.916,0.982533,,0.982533,1,0,0,0,0,0,0,0,0,0,0,0,0,0,0,0.982533,0,0,0,0,0,0.982533,,,
MOZ,Mozambique,Low income,Sub-Saharan Africa,,,2020-04-23,2020-07-30T15:32:50.870Z,Emergency response to people affected by floods and insecurity in Cabo Delgado Province (20-RR-FAO-020),20-RR-FAO-020,,,0.3,,0.3,1,0,0,0,0,0,0,0,0,0,0,0,0,0,0,0.3,0,0,0,0,0,0.3,,,
MOZ,Mozambique,Low income,Sub-Saharan Africa,,,2020-04-23,2020-07-30T15:43:07.745Z,Improve access to primary health care and strengthen capacity to respond to cholera and others disease outbreaks for IDPs and host communities faced with insecurity and floods in Cabo Delgado (20-RR-WHO-023),20-RR-WHO-023,,,0.226495,,0.226495,1,0,0,0,0,0,0,0,0,0,0,0,0,0,0,0.226495,0,0,0,0,0,0.226495,,,
MOZ,Mozambique,Low income,Sub-Saharan Africa,,,2020-04-23,2020-07-30T15:44:46.769Z,"Provide  sexual and reproductive health and GBV services to Women and Young People Affected by floods and insecurity in Cabo Delgado, Mozambique (part of 20-RR-FPA-023)",UOH49,,,0.087736,,0.087736,1,0,0,0,0,0,0,0,0,0,0,0,0,0,0,0.087736,0,0,0,0,0,0.087736,,,
MOZ,Mozambique,Low income,Sub-Saharan Africa,,,2020-04-23,2020-07-30T15:04:11.867Z,"Provide  sexual and reproductive health and GBV services to Women and Young People Affected by floods and insecurity in Cabo Delgado, Mozambique (part of 20-RR-FPA-023)",UOH49,,,0.249712,,0.249712,1,0,0,0,0,0,0,0,0,0,0,0,0,0,0,0.249712,0,0,0,0,0,0.249712,,,
MOZ,Mozambique,Low income,Sub-Saharan Africa,,,2020-04-23,2020-08-19T13:53:21.360Z,Supporting populations displaced due to climate-related events (heavy rains and floods) and insecurity (part of 20-RR-WFP-024),70001066	MZ01	CPB	MZ01.01.021.URT1,,,1.726269,,1.726269,1,0,0,0,0,0,0,0,0,0,0,0,0,0,0,1.726269,0,0,0,0,0,1.726269,,,
MOZ,Mozambique,Low income,Sub-Saharan Africa,,,2020-04-23,2020-08-19T13:51:24.950Z,Supporting populations displaced due to climate-related events (heavy rains and floods) and insecurity (part of 20-RR-WFP-024),20-RR-WFP-024,,,0.874125,,0.874125,1,0,0,0,0,0,0,0,0,0,0,0,0,0,0,0.874125,0,0,0,0,0,0.874125,,,
MOZ,Mozambique,Low income,Sub-Saharan Africa,,,2020-04-24,2020-11-26T15:54:56.017Z,Improve access to life saving interventions to populations affected by floods and insecurity in Cabo Delgado province (part of 20-RR-CEF-031). SM200235. Q3.,20-RR-CEF-031. SM200235.,,,0.685165,,0.685165,1,0,0,0,0,0,0,0,0,0,0,0,0,0,0,0.685165,0,0,0,0,0,0.685165,,,
MOZ,Mozambique,Low income,Sub-Saharan Africa,,,2020-04-24,2020-11-26T15:58:52.288Z,Improve access to life saving interventions to populations affected by floods and insecurity in Cabo Delgado province (part of 20-RR-CEF-031). SM200235. Q3,20-RR-CEF-031. SM200235,,,0.154952,,0.154952,1,0,0,0,0,0,0,0,0,0,0,0,0,0,0,0.154952,0,0,0,0,0,0.154952,,,
MOZ,Mozambique,Low income,Sub-Saharan Africa,,,2020-04-24,2020-11-26T15:55:40.837Z,Improve access to life saving interventions to populations affected by floods and insecurity in Cabo Delgado province (part of 20-RR-CEF-031). SM200235. Q3,20-RR-CEF-031. SM200235,,,0.11539,,0.11539,1,0,0,0,0,0,0,0,0,0,0,0,0,0,0,0.11539,0,0,0,0,0,0.11539,,,
MOZ,Mozambique,Low income,Sub-Saharan Africa,,,2020-04-24,2020-11-26T15:56:36.581Z,Improve access to life saving interventions to populations affected by floods and insecurity in Cabo Delgado province part of 20-RR-CEF-031). SM200235. Q3,20-RR-CEF-031. SM200235,,,0.114246,,0.114246,1,0,0,0,0,0,0,0,0,0,0,0,0,0,0,0.114246,0,0,0,0,0,0.114246,,,
MOZ,Mozambique,Low income,Sub-Saharan Africa,,,2020-05-07,2020-07-22T16:37:50.802Z,"Mozambique/Cyclone-2019: Health,Water, Sanitation and Hygiene ( USAID/OFDA)",720FDA20GR00018,,,0.805021,,0.805021,1,0,0,0,0,0,0,0,0,0,0,0,0,0,0,0,0.805021,0,0,0,0,0.805021,,,
MOZ,Mozambique,Low income,Sub-Saharan Africa,,,2020-05-11,2020-05-12T06:06:02.565Z,"Strengthening National Institutions and Programmes in Early Warning and Early Actions using innovating technologies and approaches, including floods modeling, enhanced rapid Post Disaster Assessment, contingency planning and social protection schemes in Mozambique (ECHO/-SF/BUD/2020/91013)",ECHO/-SF/BUD/2020/91013,0.9,0.921,0.977199,,0.977199,1,0,0,0,0,0,0,0,0,0,0,0,0,0,0,0,0.977199,0,0,0,0,0.977199,,,
MOZ,Mozambique,Low income,Sub-Saharan Africa,,,2020-05-26,2020-08-20T07:04:14.015Z,Initiative to support population affected by Idai and Kenneth cyclones in Mozambique,012078/01/0,1.6,0.921,1.737242,,1.737242,1,0,0,0,0,0,0,0,0,0,0,0,0,0,0,0,1.737242,0,0,0,0,1.737242,,,
MOZ,Mozambique,Low income,Sub-Saharan Africa,,,2020-06-04,2020-07-29T16:59:17.354Z,Logistics Support and Relief Commodities ( USAID/OFDA),7200AA20C00043,,,0.07912,,0.07912,1,0,0,0,0,0,0,0,0,0,0,0,0,0,0,0,0,0.07912,0,0,0,0.07912,,,
MOZ,Mozambique,Low income,Sub-Saharan Africa,,,2020-06-29,2020-11-13T15:29:28.715Z,Mozambique WFP,MOZ 05/18	GER-C-00962-03	MZ01.01.021,,,1.723549,,1.723549,1,0,0,0,0,0,0,0,0,0,0,0,0,0,0,0,0,1.723549,0,0,0,1.723549,,,
MOZ,Mozambique,Low income,Sub-Saharan Africa,,,2020-06-29,2020-11-13T15:30:14.088Z,Mozambique WFP,MOZ 05/18	GER-C-00962-03	MZ01.01.021,,,0.649065,,0.649065,1,0,0,0,0,0,0,0,0,0,0,0,0,0,0,0,0,0.649065,0,0,0,0.649065,,,
MOZ,Mozambique,Low income,Sub-Saharan Africa,,,2020-06-30,2020-09-02T14:07:05.671Z,"To provide Humanitarian Food Assistance and emergency nutrition assistance to people affected by the severe food insecurity crisis and COVID-19 preparedness and response,Action A: Man made crisis and natural disasters - MOZAMBIQUE (ECHO/-SF/EDF/2020/01000)",ECHO/-SF/EDF/2020/01000,0,0.893,0,,0,1,0,0,0,0,0,0,0,0,0,0,0,0,0,0,0,0,0,0,0,0,0,,,
MOZ,Mozambique,Low income,Sub-Saharan Africa,,,2020-07-09,2020-09-01T09:25:12.766Z,(SM 200 037) Malnutrition in affected children of cyclone,SM200037,,,0.389371,,0.389371,1,0,0,0,0,0,0,0,0,0,0,0,0,0,0,0,0,0,0.389371,0,0,0.389371,,,
MOZ,Mozambique,Low income,Sub-Saharan Africa,,,2020-07-09,2020-07-16T09:45:40.132Z,WASH ( Global thematic/EMOPS),SM189910,,,0.1,,0.1,1,0,0,0,0,0,0,0,0,0,0,0,0,0,0,0,0,0,0.1,0,0,0.1,,,
MOZ,Mozambique,Low income,Sub-Saharan Africa,,,2020-07-09,2020-09-01T09:25:57.958Z,Nutrition (Global thematic/EMOPS),SM189910,,,0.1,,0.1,1,0,0,0,0,0,0,0,0,0,0,0,0,0,0,0,0,0,0.1,0,0,0.1,,,
MOZ,Mozambique,Low income,Sub-Saharan Africa,,,2020-07-09,2020-07-16T09:46:42.859Z,Education ( Global thematic/EMOPS),SM189910,,,0.05,,0.05,1,0,0,0,0,0,0,0,0,0,0,0,0,0,0,0,0,0,0.05,0,0,0.05,,,
MOZ,Mozambique,Low income,Sub-Saharan Africa,,,2020-07-09,2020-11-26T16:02:22.885Z,Child Protection ( Global thematic/EMOPS). Q3,SM189910,,,0.2,,0.2,1,0,0,0,0,0,0,0,0,0,0,0,0,0,0,0,0,0,0.2,0,0,0.2,,,
MOZ,Mozambique,Low income,Sub-Saharan Africa,,,2020-07-09,2020-07-16T09:48:21.380Z,Social Protection  (Global thematic/EMOPS),SM189910,,,0.05,,0.05,1,0,0,0,0,0,0,0,0,0,0,0,0,0,0,0,0,0,0.05,0,0,0.05,,,
MOZ,Mozambique,Low income,Sub-Saharan Africa,,,2020-07-13,2020-07-22T15:36:55.882Z,Nutrition,"",,,0.775788,,0.775788,1,0,0,0,0,0,0,0,0,0,0,0,0,0,0,0,0,0,0.775788,0,0,0.775788,,,
MOZ,Mozambique,Low income,Sub-Saharan Africa,,,2020-07-13,2020-07-22T15:32:23.003Z,Health,"",,,10.157775,,10.157775,1,0,0,0,0,0,0,0,0,0,0,0,0,0,0,0,0,0,10.157775,0,0,10.157775,,,
MOZ,Mozambique,Low income,Sub-Saharan Africa,,,2020-07-13,2020-07-22T15:33:12.641Z,Water and Sanitation,"",,,5.907381,,5.907381,1,0,0,0,0,0,0,0,0,0,0,0,0,0,0,0,0,0,5.907381,0,0,5.907381,,,
MOZ,Mozambique,Low income,Sub-Saharan Africa,,,2020-07-13,2020-07-22T15:33:55.913Z,Child Protection,"",,,2.658959,,2.658959,1,0,0,0,0,0,0,0,0,0,0,0,0,0,0,0,0,0,2.658959,0,0,2.658959,,,
MOZ,Mozambique,Low income,Sub-Saharan Africa,,,2020-07-13,2020-07-22T15:34:27.371Z,Education,"",,,1.638905,,1.638905,1,0,0,0,0,0,0,0,0,0,0,0,0,0,0,0,0,0,1.638905,0,0,1.638905,,,
MOZ,Mozambique,Low income,Sub-Saharan Africa,,,2020-07-13,2020-07-22T15:35:18.463Z,Social Protection,"",,,0.299436,,0.299436,1,0,0,0,0,0,0,0,0,0,0,0,0,0,0,0,0,0,0.299436,0,0,0.299436,,,
MOZ,Mozambique,Low income,Sub-Saharan Africa,,,2020-07-13,2020-07-22T15:36:09.424Z,C4D,"",,,1.76218,,1.76218,1,0,0,0,0,0,0,0,0,0,0,0,0,0,0,0,0,0,1.76218,0,0,1.76218,,,
MOZ,Mozambique,Low income,Sub-Saharan Africa,,,2020-07-29,2020-09-02T14:07:05.576Z,Life-saving food and nutrition support to disaster-affected communities of Mozambique (ECHO/-SF/EDF/2020/01008),ECHO/-SF/EDF/2020/01008,3.5,0.88,3.977273,,3.977273,1,0,0,0,0,0,0,0,0,0,0,0,0,0,0,0,0,0,3.977273,0,0,3.977273,,,
MOZ,Mozambique,Low income,Sub-Saharan Africa,,,2020-08-10,2020-11-13T15:23:21.111Z,Mozambique WFP,70001279	No	MOU 10.08.2020	MOZ-C-00007-01	MZ01.01.013.CSI2,,,3.796745,,3.796745,1,0,0,0,0,0,0,0,0,0,0,0,0,0,0,0,0,0,0,3.796745,0,3.796745,,,
MOZ,Mozambique,Low income,Sub-Saharan Africa,,,2020-08-12,2020-08-12T10:33:34.822Z,Coordination activities for the Capo Delgado Response from June to Dec 2020,"",0.1,0.885,0.113,,0.113,1,0,0,0,0,0,0,0,0,0,0,0,0,0,0,0,0,0,0,0.113,0,0.113,,,
MOZ,Mozambique,Low income,Sub-Saharan Africa,,,2020-08-12,2020-08-12T10:35:10.464Z,Capo Delgado Response from June to Dec 2020,"",0.565,0.885,0.5,,0.5,1,0,0,0,0,0,0,0,0,0,0,0,0,0,0,0,0,0,0,0.5,0,0.5,,,
MOZ,Mozambique,Low income,Sub-Saharan Africa,,,2020-08-12,2020-11-10T17:04:55.013Z,Protection Cabo Delgado Remaining cyclone funds June -October 2020,"",0.3,0.77,0.38961,,0.38961,1,0,0,0,0,0,0,0,0,0,0,0,0,0,0,0,0,0,0,0.38961,0,0.38961,,,
MOZ,Mozambique,Low income,Sub-Saharan Africa,,,2020-08-12,2020-08-12T13:49:10.892Z,Protection Cabo Delgado Remaining cyclone funds June -October 2020,"",0.3,0.77,0.38961,,0.38961,1,0,0,0,0,0,0,0,0,0,0,0,0,0,0,0,0,0,0,0.38961,0,0.38961,,,
MOZ,Mozambique,Low income,Sub-Saharan Africa,,,2020-08-20,2020-11-19T10:39:29.098Z,Mozambique/Cyclone-2019: Agriculture and Food Security (USAID/OFDA),720FDA19IO00050,,,0.7,,0.7,1,0,0,0,0,0,0,0,0,0,0,0,0,0,0,0,0,0,0,0.7,0,0.7,,,
MOZ,Mozambique,Low income,Sub-Saharan Africa,,,2020-09-04,2020-09-25T06:57:59.721Z,ICRC primary health care and protection of civilians activities in Mozambique (ECHO/-SF/BUD/2020/91015),ECHO/-SF/BUD/2020/91015,0.5,0.844,0.592417,,0.592417,1,0,0,0,0,0,0,0,0,0,0,0,0,0,0,0,0,0,0,0,0.592417,0.592417,,,
